{"type":"FeatureCollection","provenance":{"description":"Kent County voting precincts: 202 across 30 jurisdictions, Grand Rapids at 59 since the 2025 consolidation","source":"State of Michigan, Secretary of State","source_url":"https://services3.arcgis.com/dxRQUfTDNtfqZ301/arcgis/rest/services/VotingPrecinct/FeatureServer/0","source_filter":"CountyFIPS='081'","source_last_edited":"2026-06-02","retrieved":"2026-09-08","jurisdictions":["Ada Township","Algoma Township","Alpine Township","Bowne Township","Byron Township","Caledonia Township","Cannon Township","Cascade Township","Cedar Springs","Courtland Township","East Grand Rapids","Gaines Township","Grand Rapids","Grand Rapids Township","Grandville","Grattan Township","Kentwood","Lowell","Lowell Township","Nelson Township","Oakfield Township","Plainfield Township","Rockford","Solon Township","Sparta Township","Spencer Township","Tyrone Township","Vergennes Township","Walker","Wyoming"],"registered_voters":522537,"known_overlaps":[{"a":"Sparta Twp 2","b":"Sparta Twp 1","area_m2":6698264},{"a":"Cedar Springs 1","b":"Solon Twp 1","area_m2":524072}],"known_overlaps_note":"Precinct pairs the state layer draws over the same ground. An address inside one has no single answer and the page should say so rather than pick.","simplified_metres":1,"simplification_note":"Thinned for browser delivery. Verified to change no answer for addresses more than 5 m from a precinct line.","licence":"Public record of the State of Michigan, redistributed as published.","regenerate_with":"python3 refresh_precincts.py"},"features":[{"type":"Feature","properties":{"code":"0810024000001","mcd":"00240","jurisdiction":"Ada Township","ward":null,"precinct":1,"name":"Ada Twp 1","voters":1233},"geometry":{"type":"Polygon","coordinates":[[[-85.548511,42.941100],[-85.550741,42.941037],[-85.550794,42.941181],[-85.550823,42.941309],[-85.550872,42.942822],[-85.550867,42.943496],[-85.550895,42.943631],[-85.550950,42.943752],[-85.551379,42.944310],[-85.551488,42.944520],[-85.551531,42.944708],[-85.550880,42.945805],[-85.550886,42.947817],[-85.550916,42.948262],[-85.538297,42.948657],[-85.535986,42.948751],[-85.530359,42.948938],[-85.523708,42.949112],[-85.522082,42.949126],[-85.517455,42.949301],[-85.510599,42.949491],[-85.510605,42.945868],[-85.510629,42.942872],[-85.510653,42.942737],[-85.510721,42.942659],[-85.511181,42.942569],[-85.511288,42.942524],[-85.511585,42.942340],[-85.511768,42.942260],[-85.512206,42.942192],[-85.524292,42.941854],[-85.530198,42.941649],[-85.537047,42.941470],[-85.540018,42.941367],[-85.543281,42.941227],[-85.545742,42.941209],[-85.548511,42.941100]]]}},{"type":"Feature","properties":{"code":"0810024000002","mcd":"00240","jurisdiction":"Ada Township","ward":null,"precinct":2,"name":"Ada Twp 2","voters":2421},"geometry":{"type":"Polygon","coordinates":[[[-85.529901,42.957613],[-85.529056,42.957576],[-85.528602,42.957580],[-85.528184,42.957598],[-85.527364,42.957674],[-85.526423,42.957829],[-85.523059,42.958587],[-85.523104,42.958193],[-85.523180,42.957927],[-85.523241,42.957822],[-85.523494,42.957612],[-85.523850,42.957391],[-85.524209,42.957293],[-85.524655,42.957147],[-85.524885,42.957021],[-85.525058,42.956867],[-85.525214,42.956647],[-85.525289,42.956364],[-85.514531,42.956402],[-85.507507,42.956362],[-85.505942,42.956375],[-85.505916,42.953154],[-85.492850,42.953366],[-85.491329,42.952451],[-85.491586,42.952216],[-85.492864,42.950457],[-85.493056,42.950251],[-85.493421,42.950002],[-85.493649,42.949922],[-85.493994,42.949837],[-85.494112,42.949823],[-85.510599,42.949491],[-85.514667,42.949380],[-85.517455,42.949301],[-85.522082,42.949126],[-85.523708,42.949112],[-85.530359,42.948938],[-85.535986,42.948751],[-85.538297,42.948657],[-85.550916,42.948262],[-85.550452,42.954698],[-85.550413,42.960982],[-85.540311,42.959289],[-85.530726,42.957703],[-85.529901,42.957613]]]}},{"type":"Feature","properties":{"code":"0810024000003","mcd":"00240","jurisdiction":"Ada Township","ward":null,"precinct":3,"name":"Ada Twp 3","voters":2618},"geometry":{"type":"Polygon","coordinates":[[[-85.430930,42.991086],[-85.430942,42.987647],[-85.430932,42.983788],[-85.431030,42.980055],[-85.430993,42.976736],[-85.431046,42.970571],[-85.431162,42.964822],[-85.431164,42.963226],[-85.431247,42.958195],[-85.431374,42.955057],[-85.431374,42.954555],[-85.431494,42.950927],[-85.431576,42.946884],[-85.431585,42.945315],[-85.431637,42.943645],[-85.431140,42.929229],[-85.431026,42.923870],[-85.432825,42.924288],[-85.433880,42.924689],[-85.434443,42.925189],[-85.435428,42.926506],[-85.436191,42.927586],[-85.436982,42.928146],[-85.442167,42.929915],[-85.444181,42.930550],[-85.446554,42.931540],[-85.449111,42.933512],[-85.449586,42.934017],[-85.450419,42.935009],[-85.453623,42.938262],[-85.454763,42.938980],[-85.456677,42.940055],[-85.457835,42.940674],[-85.459503,42.941630],[-85.460510,42.942373],[-85.461439,42.943178],[-85.462378,42.943166],[-85.462646,42.943363],[-85.463469,42.944205],[-85.464040,42.944677],[-85.464499,42.945169],[-85.464797,42.945542],[-85.465140,42.945931],[-85.465739,42.946563],[-85.466803,42.947631],[-85.467341,42.948231],[-85.467850,42.948853],[-85.468450,42.949490],[-85.468856,42.949955],[-85.469321,42.950413],[-85.469809,42.950860],[-85.470333,42.951290],[-85.470809,42.951627],[-85.471102,42.951857],[-85.471513,42.952267],[-85.472062,42.952558],[-85.472400,42.952783],[-85.472788,42.952978],[-85.474323,42.953646],[-85.474989,42.953858],[-85.475032,42.954001],[-85.475140,42.954103],[-85.475332,42.954231],[-85.475548,42.954408],[-85.475992,42.954894],[-85.476174,42.955160],[-85.476256,42.955356],[-85.474553,42.955316],[-85.474798,42.955534],[-85.475265,42.956037],[-85.475547,42.956388],[-85.475760,42.956687],[-85.476048,42.956994],[-85.476867,42.957699],[-85.477448,42.958242],[-85.477894,42.958575],[-85.478530,42.958974],[-85.479072,42.959282],[-85.479681,42.959562],[-85.480407,42.959795],[-85.481495,42.960317],[-85.482200,42.960573],[-85.482745,42.960947],[-85.483915,42.961842],[-85.484476,42.962238],[-85.486723,42.963364],[-85.487222,42.963695],[-85.487711,42.964186],[-85.487946,42.964467],[-85.488321,42.964696],[-85.489956,42.965416],[-85.490211,42.965506],[-85.490668,42.965666],[-85.491560,42.965940],[-85.492180,42.966103],[-85.492998,42.966208],[-85.493501,42.966241],[-85.494443,42.966266],[-85.495824,42.966194],[-85.496427,42.966127],[-85.497336,42.966059],[-85.498181,42.966059],[-85.498894,42.966138],[-85.499511,42.966246],[-85.499765,42.966236],[-85.500094,42.966399],[-85.500313,42.966441],[-85.500655,42.966644],[-85.501530,42.967336],[-85.502143,42.967788],[-85.503410,42.968538],[-85.504788,42.969482],[-85.505321,42.969976],[-85.505658,42.970570],[-85.505969,42.971220],[-85.506033,42.971884],[-85.506286,42.972322],[-85.506747,42.972984],[-85.507112,42.973423],[-85.507476,42.974209],[-85.507728,42.974641],[-85.508167,42.975066],[-85.508830,42.975479],[-85.509316,42.975704],[-85.509515,42.975896],[-85.509743,42.976069],[-85.509997,42.976176],[-85.510127,42.976343],[-85.510927,42.976679],[-85.511597,42.977080],[-85.512253,42.977524],[-85.504466,42.976891],[-85.504434,42.980619],[-85.494691,42.980767],[-85.494048,42.980749],[-85.493793,42.980723],[-85.494057,42.990130],[-85.491279,42.990215],[-85.491288,42.989660],[-85.490872,42.989899],[-85.490753,42.990239],[-85.475063,42.990516],[-85.471429,42.990515],[-85.462174,42.990646],[-85.451377,42.990821],[-85.449022,42.990835],[-85.441129,42.990950],[-85.439201,42.990961],[-85.438540,42.990985],[-85.430930,42.991086]]]}},{"type":"Feature","properties":{"code":"0810024000004","mcd":"00240","jurisdiction":"Ada Township","ward":null,"precinct":4,"name":"Ada Twp 4","voters":1094},"geometry":{"type":"Polygon","coordinates":[[[-85.539519,43.008827],[-85.539639,43.008783],[-85.540096,43.008801],[-85.540089,43.008735],[-85.540052,43.008685],[-85.540030,43.008537],[-85.540294,43.008086],[-85.541424,43.006465],[-85.541695,43.006103],[-85.542335,43.005130],[-85.542629,43.004641],[-85.542961,43.004020],[-85.543211,43.003366],[-85.543423,43.002706],[-85.543523,43.002184],[-85.543539,43.001673],[-85.543507,43.000237],[-85.543487,43.000046],[-85.543411,42.999800],[-85.543363,42.998827],[-85.543311,42.998482],[-85.543128,42.997965],[-85.542929,42.997553],[-85.542552,42.996916],[-85.542087,42.996442],[-85.541546,42.996065],[-85.541070,42.995773],[-85.539832,42.994802],[-85.539216,42.994300],[-85.538725,42.993767],[-85.538180,42.993438],[-85.537662,42.993065],[-85.536968,42.992406],[-85.536559,42.991991],[-85.536027,42.991635],[-85.535696,42.991255],[-85.535389,42.990781],[-85.534990,42.989941],[-85.534903,42.989630],[-85.534760,42.989382],[-85.534655,42.989149],[-85.533947,42.987917],[-85.533373,42.987365],[-85.532924,42.987017],[-85.532058,42.986479],[-85.531726,42.986210],[-85.531230,42.985935],[-85.530608,42.985692],[-85.528967,42.985325],[-85.528364,42.985148],[-85.527954,42.985057],[-85.527590,42.984987],[-85.526510,42.984837],[-85.525976,42.984685],[-85.524740,42.984205],[-85.524222,42.983942],[-85.523608,42.983709],[-85.523069,42.983469],[-85.522845,42.983361],[-85.522751,42.983293],[-85.522620,42.983237],[-85.522466,42.983286],[-85.522232,42.983267],[-85.521980,42.983061],[-85.521731,42.982799],[-85.521603,42.982435],[-85.521567,42.982111],[-85.521671,42.981749],[-85.521791,42.981404],[-85.521943,42.981200],[-85.522183,42.981093],[-85.522413,42.980936],[-85.522566,42.980876],[-85.522847,42.980701],[-85.523075,42.980528],[-85.523278,42.980537],[-85.523493,42.980392],[-85.523928,42.979925],[-85.524162,42.979730],[-85.524577,42.979424],[-85.524667,42.979195],[-85.524014,42.978589],[-85.523429,42.978334],[-85.522266,42.978297],[-85.520986,42.978402],[-85.520155,42.978646],[-85.519446,42.978791],[-85.519037,42.978828],[-85.518357,42.978851],[-85.517536,42.978769],[-85.517055,42.978747],[-85.516601,42.978664],[-85.516096,42.978610],[-85.515956,42.978532],[-85.515622,42.978571],[-85.515090,42.978457],[-85.513166,42.977863],[-85.512253,42.977524],[-85.511597,42.977080],[-85.510927,42.976679],[-85.510127,42.976343],[-85.509997,42.976176],[-85.509743,42.976069],[-85.509515,42.975896],[-85.509316,42.975704],[-85.508830,42.975479],[-85.508167,42.975066],[-85.507728,42.974641],[-85.507476,42.974209],[-85.507112,42.973423],[-85.506747,42.972984],[-85.506286,42.972322],[-85.506033,42.971884],[-85.505969,42.971220],[-85.505658,42.970570],[-85.505321,42.969976],[-85.504788,42.969482],[-85.503410,42.968538],[-85.502143,42.967788],[-85.501530,42.967336],[-85.500655,42.966644],[-85.500313,42.966441],[-85.500094,42.966399],[-85.499765,42.966236],[-85.499511,42.966246],[-85.498894,42.966138],[-85.498181,42.966059],[-85.497336,42.966059],[-85.496427,42.966127],[-85.495824,42.966194],[-85.494443,42.966266],[-85.493501,42.966241],[-85.492998,42.966208],[-85.492180,42.966103],[-85.491560,42.965940],[-85.490668,42.965666],[-85.489956,42.965416],[-85.489127,42.965059],[-85.488321,42.964696],[-85.487946,42.964467],[-85.487711,42.964186],[-85.487222,42.963695],[-85.486723,42.963364],[-85.484476,42.962238],[-85.483915,42.961842],[-85.482745,42.960947],[-85.482200,42.960573],[-85.481495,42.960317],[-85.480407,42.959795],[-85.479681,42.959562],[-85.479072,42.959282],[-85.478530,42.958974],[-85.477894,42.958575],[-85.477448,42.958242],[-85.476867,42.957699],[-85.476048,42.956994],[-85.475760,42.956687],[-85.475547,42.956388],[-85.475265,42.956037],[-85.474798,42.955534],[-85.474553,42.955316],[-85.476256,42.955356],[-85.481132,42.955539],[-85.481634,42.955591],[-85.483565,42.955896],[-85.484703,42.956170],[-85.485442,42.956399],[-85.496935,42.959702],[-85.498261,42.960049],[-85.499308,42.960299],[-85.501127,42.960691],[-85.505809,42.961625],[-85.506142,42.961703],[-85.508102,42.962064],[-85.509398,42.962256],[-85.510535,42.962398],[-85.511445,42.962489],[-85.513855,42.962690],[-85.520751,42.963222],[-85.522525,42.963336],[-85.523714,42.963385],[-85.525046,42.963411],[-85.527159,42.963389],[-85.545242,42.962828],[-85.546120,42.962841],[-85.547322,42.962932],[-85.550364,42.963303],[-85.550059,42.965848],[-85.551018,42.970674],[-85.550947,42.973479],[-85.550952,42.974572],[-85.550447,42.977286],[-85.550279,42.984794],[-85.550513,42.991595],[-85.550437,42.994696],[-85.550795,43.002394],[-85.550909,43.005634],[-85.550919,43.007312],[-85.550971,43.010342],[-85.551056,43.013521],[-85.551160,43.019226],[-85.551574,43.028150],[-85.549510,43.028184],[-85.545739,43.028196],[-85.545155,43.028226],[-85.545155,43.028171],[-85.544962,43.027593],[-85.544689,43.026520],[-85.544174,43.025941],[-85.543442,43.025280],[-85.542845,43.024608],[-85.542345,43.024228],[-85.541724,43.023880],[-85.541081,43.023439],[-85.540327,43.022893],[-85.539341,43.022006],[-85.539095,43.021730],[-85.538678,43.021075],[-85.538380,43.020470],[-85.537959,43.018978],[-85.537961,43.018461],[-85.538018,43.017279],[-85.537975,43.016806],[-85.537977,43.016206],[-85.537793,43.015392],[-85.537707,43.014423],[-85.537717,43.013835],[-85.537628,43.013615],[-85.537666,43.013373],[-85.537661,43.012889],[-85.537889,43.011932],[-85.537905,43.011641],[-85.537786,43.011481],[-85.537720,43.011173],[-85.538511,43.009898],[-85.539083,43.009311],[-85.539519,43.008827]]]}},{"type":"Feature","properties":{"code":"0810024000005","mcd":"00240","jurisdiction":"Ada Township","ward":null,"precinct":5,"name":"Ada Twp 5","voters":2144},"geometry":{"type":"Polygon","coordinates":[[[-85.430744,43.028631],[-85.430739,43.028547],[-85.430793,43.027932],[-85.430796,43.027333],[-85.430717,43.023708],[-85.430732,43.020845],[-85.430704,43.016455],[-85.430982,43.006891],[-85.430918,43.003226],[-85.431010,43.002002],[-85.430894,43.000189],[-85.430998,42.998373],[-85.430917,42.994633],[-85.430930,42.991086],[-85.438540,42.990985],[-85.439201,42.990961],[-85.441129,42.990950],[-85.449022,42.990835],[-85.451377,42.990821],[-85.462174,42.990646],[-85.471429,42.990515],[-85.475063,42.990516],[-85.490753,42.990239],[-85.490872,42.989899],[-85.491288,42.989660],[-85.491279,42.990215],[-85.494057,42.990130],[-85.493793,42.980723],[-85.494048,42.980749],[-85.494691,42.980767],[-85.504434,42.980619],[-85.504466,42.976891],[-85.512253,42.977524],[-85.513166,42.977863],[-85.515090,42.978457],[-85.515622,42.978571],[-85.515956,42.978532],[-85.516096,42.978610],[-85.516601,42.978664],[-85.517055,42.978747],[-85.517536,42.978769],[-85.518357,42.978851],[-85.519037,42.978828],[-85.519446,42.978791],[-85.520155,42.978646],[-85.520986,42.978402],[-85.522266,42.978297],[-85.523429,42.978334],[-85.524014,42.978589],[-85.524667,42.979195],[-85.524577,42.979424],[-85.524162,42.979730],[-85.523928,42.979925],[-85.523493,42.980392],[-85.523278,42.980537],[-85.523075,42.980528],[-85.522847,42.980701],[-85.522566,42.980876],[-85.522413,42.980936],[-85.522183,42.981093],[-85.521943,42.981200],[-85.521791,42.981404],[-85.521671,42.981749],[-85.521567,42.982111],[-85.521603,42.982435],[-85.521731,42.982799],[-85.521980,42.983061],[-85.522232,42.983267],[-85.522466,42.983286],[-85.522620,42.983237],[-85.522751,42.983293],[-85.522845,42.983361],[-85.523069,42.983469],[-85.523608,42.983709],[-85.524222,42.983942],[-85.524740,42.984205],[-85.525976,42.984685],[-85.526510,42.984837],[-85.527590,42.984987],[-85.527954,42.985057],[-85.528364,42.985148],[-85.528967,42.985325],[-85.530608,42.985692],[-85.531230,42.985935],[-85.531726,42.986210],[-85.532058,42.986479],[-85.532924,42.987017],[-85.533373,42.987365],[-85.533947,42.987917],[-85.534655,42.989149],[-85.534760,42.989382],[-85.534903,42.989630],[-85.534990,42.989941],[-85.535389,42.990781],[-85.535696,42.991255],[-85.536027,42.991635],[-85.536559,42.991991],[-85.536968,42.992406],[-85.537662,42.993065],[-85.538180,42.993438],[-85.538725,42.993767],[-85.539216,42.994300],[-85.539832,42.994802],[-85.541070,42.995773],[-85.541546,42.996065],[-85.542087,42.996442],[-85.542552,42.996916],[-85.542929,42.997553],[-85.543128,42.997965],[-85.543311,42.998482],[-85.543363,42.998827],[-85.543411,42.999800],[-85.543487,43.000046],[-85.543507,43.000237],[-85.543539,43.001673],[-85.543523,43.002184],[-85.543423,43.002706],[-85.543211,43.003366],[-85.542961,43.004020],[-85.542629,43.004641],[-85.542335,43.005130],[-85.541924,43.005758],[-85.541695,43.006103],[-85.541424,43.006465],[-85.540294,43.008086],[-85.540030,43.008537],[-85.540052,43.008685],[-85.540089,43.008735],[-85.540096,43.008801],[-85.539639,43.008783],[-85.539519,43.008827],[-85.539083,43.009311],[-85.538511,43.009898],[-85.537720,43.011173],[-85.537786,43.011481],[-85.537905,43.011641],[-85.537889,43.011932],[-85.537661,43.012889],[-85.537666,43.013373],[-85.537628,43.013615],[-85.537717,43.013835],[-85.537707,43.014423],[-85.537793,43.015392],[-85.537977,43.016206],[-85.537975,43.016806],[-85.538018,43.017279],[-85.537961,43.018461],[-85.537959,43.018978],[-85.538380,43.020470],[-85.538678,43.021075],[-85.539095,43.021730],[-85.539341,43.022006],[-85.540327,43.022893],[-85.541081,43.023439],[-85.541724,43.023880],[-85.542345,43.024228],[-85.542845,43.024608],[-85.543442,43.025280],[-85.544174,43.025941],[-85.544689,43.026520],[-85.544962,43.027593],[-85.545155,43.028171],[-85.545155,43.028226],[-85.543001,43.028254],[-85.533650,43.028197],[-85.530002,43.028230],[-85.526908,43.028200],[-85.526716,43.028184],[-85.526555,43.028152],[-85.518572,43.028311],[-85.518197,43.028344],[-85.517046,43.028256],[-85.510557,43.028246],[-85.510297,43.028234],[-85.505185,43.028271],[-85.504878,43.028291],[-85.504429,43.028365],[-85.503909,43.028382],[-85.502987,43.028290],[-85.502749,43.028284],[-85.500818,43.028330],[-85.495851,43.028337],[-85.495526,43.028364],[-85.494508,43.028520],[-85.494182,43.028535],[-85.493712,43.028529],[-85.492976,43.028417],[-85.492498,43.028398],[-85.491933,43.028406],[-85.490346,43.028379],[-85.485592,43.028441],[-85.484919,43.028402],[-85.476408,43.028424],[-85.474183,43.028468],[-85.473639,43.028492],[-85.470599,43.028487],[-85.463869,43.028536],[-85.461397,43.028569],[-85.440753,43.028746],[-85.431844,43.028844],[-85.431087,43.028830],[-85.430976,43.028808],[-85.430832,43.028752],[-85.430770,43.028696],[-85.430744,43.028631]]]}},{"type":"Feature","properties":{"code":"0810024000006","mcd":"00240","jurisdiction":"Ada Township","ward":null,"precinct":6,"name":"Ada Twp 6","voters":2264},"geometry":{"type":"Polygon","coordinates":[[[-85.520751,42.963222],[-85.511445,42.962489],[-85.510535,42.962398],[-85.509398,42.962256],[-85.508102,42.962064],[-85.506142,42.961703],[-85.505809,42.961625],[-85.501127,42.960691],[-85.499308,42.960299],[-85.498261,42.960049],[-85.496935,42.959702],[-85.485442,42.956399],[-85.484703,42.956170],[-85.483565,42.955896],[-85.481634,42.955591],[-85.481132,42.955539],[-85.476256,42.955356],[-85.476174,42.955160],[-85.475992,42.954894],[-85.475548,42.954408],[-85.475332,42.954231],[-85.475140,42.954103],[-85.475032,42.954001],[-85.474989,42.953858],[-85.474323,42.953646],[-85.473799,42.953409],[-85.473229,42.953179],[-85.472400,42.952783],[-85.472062,42.952558],[-85.471513,42.952267],[-85.471102,42.951857],[-85.470809,42.951627],[-85.470333,42.951290],[-85.469809,42.950860],[-85.469321,42.950413],[-85.468856,42.949955],[-85.468450,42.949490],[-85.467850,42.948853],[-85.467341,42.948231],[-85.466803,42.947631],[-85.465739,42.946563],[-85.465140,42.945931],[-85.464797,42.945542],[-85.464499,42.945169],[-85.464040,42.944677],[-85.463469,42.944205],[-85.462646,42.943363],[-85.462378,42.943166],[-85.467264,42.943062],[-85.468118,42.943754],[-85.468648,42.943398],[-85.468743,42.943472],[-85.469349,42.943048],[-85.469519,42.943046],[-85.469614,42.942981],[-85.469651,42.942921],[-85.469650,42.942852],[-85.469511,42.942767],[-85.469983,42.942440],[-85.470921,42.943014],[-85.471038,42.943015],[-85.472096,42.942994],[-85.472288,42.942928],[-85.472700,42.942965],[-85.473318,42.942975],[-85.479699,42.942878],[-85.482570,42.942737],[-85.492454,42.942576],[-85.493887,42.942596],[-85.495844,42.942470],[-85.498100,42.942296],[-85.499966,42.942441],[-85.501353,42.942635],[-85.503831,42.942529],[-85.508312,42.942454],[-85.511181,42.942569],[-85.510721,42.942659],[-85.510653,42.942737],[-85.510629,42.942872],[-85.510605,42.945868],[-85.510599,42.949491],[-85.494315,42.949809],[-85.493994,42.949837],[-85.493649,42.949922],[-85.493421,42.950002],[-85.493056,42.950251],[-85.492953,42.950352],[-85.491586,42.952216],[-85.491329,42.952451],[-85.492850,42.953366],[-85.505916,42.953154],[-85.505942,42.956375],[-85.507507,42.956362],[-85.514531,42.956402],[-85.525289,42.956364],[-85.525214,42.956647],[-85.525058,42.956867],[-85.524885,42.957021],[-85.524655,42.957147],[-85.524209,42.957293],[-85.523850,42.957391],[-85.523494,42.957612],[-85.523241,42.957822],[-85.523180,42.957927],[-85.523104,42.958193],[-85.523059,42.958587],[-85.526423,42.957829],[-85.527364,42.957674],[-85.528184,42.957598],[-85.528602,42.957580],[-85.529056,42.957576],[-85.529901,42.957613],[-85.530726,42.957703],[-85.540311,42.959289],[-85.550413,42.960982],[-85.550392,42.963039],[-85.550364,42.963303],[-85.547322,42.962932],[-85.546120,42.962841],[-85.545242,42.962828],[-85.527159,42.963389],[-85.526012,42.963405],[-85.525046,42.963411],[-85.523714,42.963385],[-85.522525,42.963336],[-85.520751,42.963222]]]}},{"type":"Feature","properties":{"code":"0810116000001","mcd":"01160","jurisdiction":"Algoma Township","ward":null,"precinct":1,"name":"Algoma Twp 1","voters":1445},"geometry":{"type":"Polygon","coordinates":[[[-85.671651,43.205275],[-85.664896,43.205161],[-85.656063,43.205114],[-85.653991,43.205167],[-85.633774,43.204979],[-85.632954,43.204884],[-85.632914,43.203248],[-85.631543,43.203248],[-85.631472,43.199179],[-85.631455,43.197229],[-85.636402,43.197211],[-85.636372,43.192225],[-85.631395,43.192133],[-85.631367,43.192097],[-85.631360,43.191547],[-85.636369,43.191614],[-85.636362,43.190538],[-85.631696,43.190500],[-85.631345,43.190479],[-85.631338,43.189925],[-85.626256,43.189928],[-85.626228,43.186276],[-85.621222,43.186256],[-85.621140,43.180810],[-85.616215,43.180790],[-85.616188,43.178284],[-85.616134,43.177633],[-85.616107,43.175350],[-85.611223,43.175376],[-85.611198,43.173444],[-85.609964,43.173436],[-85.606142,43.173573],[-85.606092,43.172372],[-85.606092,43.168125],[-85.605965,43.168125],[-85.605847,43.168098],[-85.605869,43.167798],[-85.605874,43.162525],[-85.606624,43.162638],[-85.606643,43.162456],[-85.606624,43.162399],[-85.606623,43.160795],[-85.631142,43.160703],[-85.641051,43.160624],[-85.651387,43.160609],[-85.660842,43.160435],[-85.670641,43.160303],[-85.670697,43.166471],[-85.670923,43.176309],[-85.671046,43.179852],[-85.671103,43.182166],[-85.671159,43.185841],[-85.671246,43.189395],[-85.671272,43.189482],[-85.671302,43.189498],[-85.671264,43.189624],[-85.671269,43.189785],[-85.671361,43.191040],[-85.671357,43.191654],[-85.671279,43.191794],[-85.671550,43.201991],[-85.671651,43.205275]]]}},{"type":"Feature","properties":{"code":"0810116000002","mcd":"01160","jurisdiction":"Algoma Township","ward":null,"precinct":2,"name":"Algoma Twp 2","voters":1685},"geometry":{"type":"Polygon","coordinates":[[[-85.608886,43.160767],[-85.608899,43.159565],[-85.606592,43.159573],[-85.606553,43.159260],[-85.606810,43.158609],[-85.607356,43.158114],[-85.607802,43.157532],[-85.607996,43.157134],[-85.608085,43.156744],[-85.608593,43.156226],[-85.608681,43.156228],[-85.608680,43.155208],[-85.608502,43.155208],[-85.608501,43.154712],[-85.607568,43.154712],[-85.607041,43.154773],[-85.606539,43.154773],[-85.606521,43.154746],[-85.606386,43.153486],[-85.606158,43.153487],[-85.606082,43.146169],[-85.606092,43.143847],[-85.606276,43.143680],[-85.606555,43.143386],[-85.606770,43.143246],[-85.606888,43.143129],[-85.606879,43.143042],[-85.606749,43.142955],[-85.606644,43.142934],[-85.606231,43.142939],[-85.605994,43.142909],[-85.605956,43.142728],[-85.606023,43.142309],[-85.606004,43.142139],[-85.605888,43.141987],[-85.605781,43.141905],[-85.605673,43.141753],[-85.605583,43.141396],[-85.605581,43.141270],[-85.605675,43.141126],[-85.605875,43.140987],[-85.606120,43.140868],[-85.606336,43.140789],[-85.606574,43.140644],[-85.606773,43.140499],[-85.606913,43.140349],[-85.607149,43.140170],[-85.607551,43.139990],[-85.607946,43.139837],[-85.608122,43.139626],[-85.608275,43.139405],[-85.608722,43.138900],[-85.608938,43.138810],[-85.609109,43.138709],[-85.609226,43.138554],[-85.609602,43.137879],[-85.609654,43.137488],[-85.609789,43.137113],[-85.609814,43.136882],[-85.609724,43.136537],[-85.609558,43.136110],[-85.609547,43.135957],[-85.609755,43.135861],[-85.610055,43.135825],[-85.610266,43.135855],[-85.610500,43.135924],[-85.611220,43.136262],[-85.611486,43.136430],[-85.611759,43.136558],[-85.612016,43.136660],[-85.612333,43.136739],[-85.612818,43.136937],[-85.613393,43.137145],[-85.613702,43.137196],[-85.614017,43.137182],[-85.614323,43.137129],[-85.614853,43.136958],[-85.615352,43.136760],[-85.616035,43.136412],[-85.616216,43.136432],[-85.616346,43.136557],[-85.616439,43.136726],[-85.616622,43.136839],[-85.616877,43.136820],[-85.617108,43.136729],[-85.617620,43.136460],[-85.617835,43.136315],[-85.618172,43.136272],[-85.618588,43.136427],[-85.618912,43.136506],[-85.619143,43.136421],[-85.619201,43.136338],[-85.619263,43.136051],[-85.619349,43.135847],[-85.619451,43.135692],[-85.619681,43.135563],[-85.619825,43.135666],[-85.619867,43.135841],[-85.619953,43.136027],[-85.620143,43.136135],[-85.620362,43.136193],[-85.620811,43.136106],[-85.621720,43.135782],[-85.622235,43.135661],[-85.622782,43.135583],[-85.623293,43.135479],[-85.623531,43.135339],[-85.623694,43.135194],[-85.623885,43.134928],[-85.624052,43.134624],[-85.624345,43.134181],[-85.624841,43.133373],[-85.624935,43.133152],[-85.624858,43.132719],[-85.624722,43.132375],[-85.624427,43.131971],[-85.624120,43.131722],[-85.623846,43.131632],[-85.623596,43.131585],[-85.623317,43.131572],[-85.623137,43.131634],[-85.622950,43.131741],[-85.622809,43.131863],[-85.622482,43.132048],[-85.622309,43.132028],[-85.622119,43.131904],[-85.621973,43.131757],[-85.621825,43.131484],[-85.621759,43.131226],[-85.621800,43.130995],[-85.621937,43.130752],[-85.622305,43.130391],[-85.622407,43.130269],[-85.622573,43.129932],[-85.622689,43.129738],[-85.622768,43.129517],[-85.622834,43.129077],[-85.623033,43.128833],[-85.623262,43.128611],[-85.623612,43.128409],[-85.623927,43.128290],[-85.624501,43.128322],[-85.625206,43.128141],[-85.625511,43.128101],[-85.626078,43.127829],[-85.626554,43.127565],[-85.627036,43.127257],[-85.627368,43.126947],[-85.627837,43.126683],[-85.628186,43.126592],[-85.628592,43.126621],[-85.628906,43.126587],[-85.629276,43.126468],[-85.629519,43.126358],[-85.629765,43.126308],[-85.629985,43.126545],[-85.630241,43.126726],[-85.630564,43.126756],[-85.630731,43.126702],[-85.630750,43.126648],[-85.630750,43.125383],[-85.630731,43.125019],[-85.630754,43.125008],[-85.631119,43.125033],[-85.632294,43.124944],[-85.632484,43.124952],[-85.632576,43.124938],[-85.632632,43.124961],[-85.633243,43.124913],[-85.633298,43.124648],[-85.633357,43.124118],[-85.633443,43.124064],[-85.637225,43.124077],[-85.638775,43.124050],[-85.638960,43.123948],[-85.639463,43.123955],[-85.640255,43.123853],[-85.640230,43.123929],[-85.640248,43.124049],[-85.640697,43.124050],[-85.641191,43.124037],[-85.641264,43.123984],[-85.647597,43.123832],[-85.647711,43.123891],[-85.647809,43.123903],[-85.647942,43.123854],[-85.650198,43.123757],[-85.650250,43.123857],[-85.650641,43.123955],[-85.650801,43.123964],[-85.651023,43.123918],[-85.651386,43.123908],[-85.651361,43.124002],[-85.651387,43.123966],[-85.651417,43.123958],[-85.651690,43.123951],[-85.653267,43.123958],[-85.653375,43.123983],[-85.654021,43.123934],[-85.655722,43.123929],[-85.655709,43.125113],[-85.655731,43.125154],[-85.655733,43.125248],[-85.655701,43.125370],[-85.655712,43.126407],[-85.655705,43.126509],[-85.655563,43.126722],[-85.655624,43.126862],[-85.655821,43.126922],[-85.655717,43.126946],[-85.655708,43.127640],[-85.656484,43.127639],[-85.656691,43.127728],[-85.657447,43.127853],[-85.657565,43.127977],[-85.657355,43.128147],[-85.656650,43.128499],[-85.656528,43.128623],[-85.656303,43.129134],[-85.656054,43.129288],[-85.655980,43.129471],[-85.655996,43.129669],[-85.656114,43.129969],[-85.656392,43.130138],[-85.656557,43.130140],[-85.656653,43.130104],[-85.656791,43.129980],[-85.656888,43.129813],[-85.656999,43.129596],[-85.657022,43.129452],[-85.657120,43.129285],[-85.657304,43.129204],[-85.657507,43.129205],[-85.658087,43.129428],[-85.658349,43.129405],[-85.658568,43.129262],[-85.658991,43.128642],[-85.659149,43.128473],[-85.659308,43.128354],[-85.659453,43.128400],[-85.659482,43.128542],[-85.659269,43.128987],[-85.659162,43.129298],[-85.659044,43.129515],[-85.658679,43.129733],[-85.658077,43.130038],[-85.657905,43.130240],[-85.657981,43.130409],[-85.658218,43.130508],[-85.658604,43.130581],[-85.658934,43.130585],[-85.659105,43.130724],[-85.659032,43.130940],[-85.658778,43.131133],[-85.658581,43.131188],[-85.658383,43.131371],[-85.658446,43.131372],[-85.658568,43.131417],[-85.658608,43.131406],[-85.658862,43.131445],[-85.664887,43.131447],[-85.665679,43.131352],[-85.665652,43.134523],[-85.666399,43.134772],[-85.667234,43.134775],[-85.668277,43.134743],[-85.670111,43.134526],[-85.670366,43.134519],[-85.670404,43.142157],[-85.670641,43.160303],[-85.660842,43.160435],[-85.651387,43.160609],[-85.641051,43.160624],[-85.631142,43.160703],[-85.608841,43.160780],[-85.608886,43.160767]]]}},{"type":"Feature","properties":{"code":"0810116000003","mcd":"01160","jurisdiction":"Algoma Township","ward":null,"precinct":3,"name":"Algoma Twp 3","voters":1978},"geometry":{"type":"Polygon","coordinates":[[[-85.556119,43.205480],[-85.551145,43.205528],[-85.551026,43.179125],[-85.551308,43.179151],[-85.552389,43.179126],[-85.560657,43.179151],[-85.560617,43.176451],[-85.562565,43.176080],[-85.563482,43.175943],[-85.564726,43.175802],[-85.565576,43.175742],[-85.566330,43.175708],[-85.570910,43.175661],[-85.570870,43.171894],[-85.574565,43.171984],[-85.575765,43.171901],[-85.576134,43.171910],[-85.577926,43.171882],[-85.578367,43.174036],[-85.579075,43.174005],[-85.579181,43.174127],[-85.579910,43.174028],[-85.581009,43.174044],[-85.580896,43.172471],[-85.580890,43.171993],[-85.580904,43.171883],[-85.591520,43.171833],[-85.591589,43.171846],[-85.596071,43.171809],[-85.596033,43.168153],[-85.596243,43.168169],[-85.605847,43.168098],[-85.605965,43.168125],[-85.606092,43.168125],[-85.606092,43.172372],[-85.606142,43.173573],[-85.609964,43.173436],[-85.611198,43.173444],[-85.611223,43.175376],[-85.616107,43.175350],[-85.616134,43.177633],[-85.616188,43.178284],[-85.616215,43.180790],[-85.621140,43.180810],[-85.621222,43.186256],[-85.626228,43.186276],[-85.626256,43.189928],[-85.631338,43.189925],[-85.631345,43.190479],[-85.631696,43.190500],[-85.636362,43.190538],[-85.636369,43.191614],[-85.631360,43.191547],[-85.631367,43.192097],[-85.631395,43.192133],[-85.636372,43.192225],[-85.636402,43.197211],[-85.631455,43.197229],[-85.631472,43.199179],[-85.631543,43.203248],[-85.632914,43.203248],[-85.632954,43.204884],[-85.632154,43.204833],[-85.631568,43.204741],[-85.631521,43.204837],[-85.631457,43.204901],[-85.631352,43.204942],[-85.631170,43.204952],[-85.618040,43.205021],[-85.602956,43.205164],[-85.580740,43.205333],[-85.577981,43.205319],[-85.577658,43.205357],[-85.577332,43.205484],[-85.576674,43.205346],[-85.575563,43.205357],[-85.574915,43.205225],[-85.574538,43.205323],[-85.574218,43.205356],[-85.556119,43.205480]]]}},{"type":"Feature","properties":{"code":"0810116000004","mcd":"01160","jurisdiction":"Algoma Township","ward":null,"precinct":4,"name":"Algoma Twp 4","voters":2011},"geometry":{"type":"Polygon","coordinates":[[[-85.551308,43.179151],[-85.551026,43.179125],[-85.551016,43.178371],[-85.551035,43.175893],[-85.551079,43.175457],[-85.551205,43.174845],[-85.551102,43.172034],[-85.551036,43.165945],[-85.551056,43.165926],[-85.550962,43.165533],[-85.550922,43.165192],[-85.550908,43.164616],[-85.550744,43.146537],[-85.555467,43.146526],[-85.558984,43.146498],[-85.567525,43.146480],[-85.578424,43.146372],[-85.583873,43.146301],[-85.601839,43.146207],[-85.606082,43.146169],[-85.606158,43.153487],[-85.606386,43.153486],[-85.606521,43.154746],[-85.606539,43.154773],[-85.607041,43.154773],[-85.607568,43.154712],[-85.608501,43.154712],[-85.608502,43.155208],[-85.608680,43.155208],[-85.608681,43.156228],[-85.608593,43.156226],[-85.608085,43.156744],[-85.607996,43.157134],[-85.607802,43.157532],[-85.607356,43.158114],[-85.606810,43.158609],[-85.606553,43.159260],[-85.606592,43.159573],[-85.608899,43.159565],[-85.608886,43.160767],[-85.608841,43.160780],[-85.606623,43.160795],[-85.606624,43.162399],[-85.606643,43.162456],[-85.606624,43.162638],[-85.605874,43.162525],[-85.605869,43.167798],[-85.605847,43.168098],[-85.596243,43.168169],[-85.596033,43.168153],[-85.596071,43.171809],[-85.591589,43.171846],[-85.591520,43.171833],[-85.580904,43.171883],[-85.580890,43.171993],[-85.580896,43.172471],[-85.581009,43.174044],[-85.579910,43.174028],[-85.579181,43.174127],[-85.579075,43.174005],[-85.578367,43.174036],[-85.577926,43.171882],[-85.576134,43.171910],[-85.575765,43.171901],[-85.574565,43.171984],[-85.570870,43.171894],[-85.570910,43.175661],[-85.566330,43.175708],[-85.565576,43.175742],[-85.564726,43.175802],[-85.563482,43.175943],[-85.562565,43.176080],[-85.560617,43.176451],[-85.560657,43.179151],[-85.552389,43.179126],[-85.551308,43.179151]]]}},{"type":"Feature","properties":{"code":"0810116000005","mcd":"01160","jurisdiction":"Algoma Township","ward":null,"precinct":5,"name":"Algoma Twp 5","voters":2927},"geometry":{"type":"MultiPolygon","coordinates":[[[[-85.551881,43.139807],[-85.550756,43.139806],[-85.550739,43.139172],[-85.551872,43.139178],[-85.551881,43.139807]]],[[[-85.550744,43.146537],[-85.550750,43.142823],[-85.560502,43.142789],[-85.560671,43.142508],[-85.560648,43.142274],[-85.560698,43.142114],[-85.560816,43.141984],[-85.561057,43.141792],[-85.561122,43.141625],[-85.561145,43.141443],[-85.561040,43.141188],[-85.560836,43.141000],[-85.560643,43.140867],[-85.560275,43.140656],[-85.560136,43.140547],[-85.559909,43.139945],[-85.559775,43.139778],[-85.558967,43.139201],[-85.565898,43.139233],[-85.565858,43.135541],[-85.565845,43.129659],[-85.569755,43.129645],[-85.570920,43.128971],[-85.570918,43.131867],[-85.574936,43.131831],[-85.574914,43.130684],[-85.575702,43.130676],[-85.575723,43.131824],[-85.580009,43.131789],[-85.580003,43.130382],[-85.580938,43.130376],[-85.580913,43.119089],[-85.578175,43.119120],[-85.578171,43.117202],[-85.590474,43.117086],[-85.610824,43.116922],[-85.625141,43.116861],[-85.639275,43.116736],[-85.643597,43.116716],[-85.649269,43.116656],[-85.670251,43.116621],[-85.670286,43.127645],[-85.670312,43.131206],[-85.670366,43.134519],[-85.670111,43.134526],[-85.668277,43.134743],[-85.667234,43.134775],[-85.666399,43.134772],[-85.665652,43.134523],[-85.665679,43.131352],[-85.664887,43.131447],[-85.658862,43.131445],[-85.658608,43.131406],[-85.658568,43.131417],[-85.658446,43.131372],[-85.658383,43.131371],[-85.658581,43.131188],[-85.658778,43.131133],[-85.659032,43.130940],[-85.659105,43.130724],[-85.658934,43.130585],[-85.658604,43.130581],[-85.658218,43.130508],[-85.657981,43.130409],[-85.657905,43.130240],[-85.658077,43.130038],[-85.658679,43.129733],[-85.659044,43.129515],[-85.659162,43.129298],[-85.659269,43.128987],[-85.659482,43.128542],[-85.659453,43.128400],[-85.659308,43.128354],[-85.659149,43.128473],[-85.658991,43.128642],[-85.658568,43.129262],[-85.658349,43.129405],[-85.658087,43.129428],[-85.657507,43.129205],[-85.657304,43.129204],[-85.657120,43.129285],[-85.657022,43.129452],[-85.656999,43.129596],[-85.656888,43.129813],[-85.656791,43.129980],[-85.656653,43.130104],[-85.656557,43.130140],[-85.656392,43.130138],[-85.656114,43.129969],[-85.655996,43.129669],[-85.655980,43.129471],[-85.656054,43.129288],[-85.656303,43.129134],[-85.656528,43.128623],[-85.656650,43.128499],[-85.657355,43.128147],[-85.657565,43.127977],[-85.657447,43.127853],[-85.656691,43.127728],[-85.656484,43.127639],[-85.655708,43.127640],[-85.655717,43.126946],[-85.655821,43.126922],[-85.655624,43.126862],[-85.655563,43.126722],[-85.655705,43.126509],[-85.655712,43.126407],[-85.655701,43.125370],[-85.655733,43.125248],[-85.655731,43.125154],[-85.655709,43.125113],[-85.655722,43.123929],[-85.654021,43.123934],[-85.653375,43.123983],[-85.653267,43.123958],[-85.651690,43.123951],[-85.651417,43.123958],[-85.651387,43.123966],[-85.651361,43.124002],[-85.651386,43.123908],[-85.651023,43.123918],[-85.650801,43.123964],[-85.650641,43.123955],[-85.650250,43.123857],[-85.650198,43.123757],[-85.647942,43.123854],[-85.647809,43.123903],[-85.647711,43.123891],[-85.647597,43.123832],[-85.641264,43.123984],[-85.641191,43.124037],[-85.640697,43.124050],[-85.640248,43.124049],[-85.640230,43.123929],[-85.640255,43.123853],[-85.639463,43.123955],[-85.638960,43.123948],[-85.638775,43.124050],[-85.637225,43.124077],[-85.633443,43.124064],[-85.633357,43.124118],[-85.633298,43.124648],[-85.633243,43.124913],[-85.632632,43.124961],[-85.632576,43.124938],[-85.632484,43.124952],[-85.632294,43.124944],[-85.631119,43.125033],[-85.630754,43.125008],[-85.630731,43.125019],[-85.630750,43.125383],[-85.630750,43.126648],[-85.630731,43.126702],[-85.630564,43.126756],[-85.630241,43.126726],[-85.629985,43.126545],[-85.629765,43.126308],[-85.629519,43.126358],[-85.629276,43.126468],[-85.628906,43.126587],[-85.628592,43.126621],[-85.628186,43.126592],[-85.627837,43.126683],[-85.627368,43.126947],[-85.627036,43.127257],[-85.626554,43.127565],[-85.626078,43.127829],[-85.625511,43.128101],[-85.625206,43.128141],[-85.624501,43.128322],[-85.623927,43.128290],[-85.623612,43.128409],[-85.623262,43.128611],[-85.623033,43.128833],[-85.622834,43.129077],[-85.622768,43.129517],[-85.622689,43.129738],[-85.622573,43.129932],[-85.622407,43.130269],[-85.622305,43.130391],[-85.621937,43.130752],[-85.621800,43.130995],[-85.621759,43.131226],[-85.621825,43.131484],[-85.621973,43.131757],[-85.622119,43.131904],[-85.622309,43.132028],[-85.622482,43.132048],[-85.622809,43.131863],[-85.622950,43.131741],[-85.623137,43.131634],[-85.623317,43.131572],[-85.623596,43.131585],[-85.623846,43.131632],[-85.624120,43.131722],[-85.624427,43.131971],[-85.624722,43.132375],[-85.624858,43.132719],[-85.624935,43.133152],[-85.624841,43.133373],[-85.624345,43.134181],[-85.624052,43.134624],[-85.623885,43.134928],[-85.623694,43.135194],[-85.623531,43.135339],[-85.623293,43.135479],[-85.622782,43.135583],[-85.622235,43.135661],[-85.621720,43.135782],[-85.620811,43.136106],[-85.620362,43.136193],[-85.620143,43.136135],[-85.619953,43.136027],[-85.619867,43.135841],[-85.619825,43.135666],[-85.619681,43.135563],[-85.619451,43.135692],[-85.619349,43.135847],[-85.619263,43.136051],[-85.619201,43.136338],[-85.619143,43.136421],[-85.618912,43.136506],[-85.618588,43.136427],[-85.618172,43.136272],[-85.617835,43.136315],[-85.617620,43.136460],[-85.617108,43.136729],[-85.616877,43.136820],[-85.616622,43.136839],[-85.616439,43.136726],[-85.616346,43.136557],[-85.616216,43.136432],[-85.616035,43.136412],[-85.615352,43.136760],[-85.614853,43.136958],[-85.614323,43.137129],[-85.614017,43.137182],[-85.613702,43.137196],[-85.613393,43.137145],[-85.612818,43.136937],[-85.612333,43.136739],[-85.612016,43.136660],[-85.611759,43.136558],[-85.611486,43.136430],[-85.611220,43.136262],[-85.610500,43.135924],[-85.610266,43.135855],[-85.610055,43.135825],[-85.609755,43.135861],[-85.609547,43.135957],[-85.609558,43.136110],[-85.609724,43.136537],[-85.609814,43.136882],[-85.609789,43.137113],[-85.609654,43.137488],[-85.609602,43.137879],[-85.609226,43.138554],[-85.609109,43.138709],[-85.608938,43.138810],[-85.608722,43.138900],[-85.608275,43.139405],[-85.608122,43.139626],[-85.607946,43.139837],[-85.607551,43.139990],[-85.607149,43.140170],[-85.606913,43.140349],[-85.606773,43.140499],[-85.606574,43.140644],[-85.606336,43.140789],[-85.606120,43.140868],[-85.605875,43.140987],[-85.605675,43.141126],[-85.605581,43.141270],[-85.605583,43.141396],[-85.605673,43.141753],[-85.605781,43.141905],[-85.605888,43.141987],[-85.606004,43.142139],[-85.606023,43.142309],[-85.605956,43.142728],[-85.605994,43.142909],[-85.606231,43.142939],[-85.606644,43.142934],[-85.606749,43.142955],[-85.606879,43.143042],[-85.606888,43.143129],[-85.606770,43.143246],[-85.606555,43.143386],[-85.606276,43.143680],[-85.606092,43.143847],[-85.606082,43.146169],[-85.601839,43.146207],[-85.583873,43.146301],[-85.578424,43.146372],[-85.567525,43.146480],[-85.558984,43.146498],[-85.555467,43.146526],[-85.550744,43.146537]]]]}},{"type":"Feature","properties":{"code":"0810184000001","mcd":"01840","jurisdiction":"Alpine Township","ward":null,"precinct":1,"name":"Alpine Twp 1","voters":1113},"geometry":{"type":"MultiPolygon","coordinates":[[[[-85.768132,43.095869],[-85.768009,43.095922],[-85.763185,43.095810],[-85.748554,43.095803],[-85.738539,43.095777],[-85.738539,43.087841],[-85.748470,43.088159],[-85.748471,43.081072],[-85.743406,43.081058],[-85.743419,43.084127],[-85.738183,43.084299],[-85.738184,43.087833],[-85.732956,43.087657],[-85.732973,43.095453],[-85.719447,43.094954],[-85.709194,43.094655],[-85.709048,43.092093],[-85.709187,43.090522],[-85.719415,43.090758],[-85.719365,43.087305],[-85.709738,43.087097],[-85.704660,43.087139],[-85.704665,43.080249],[-85.699974,43.080222],[-85.699987,43.076119],[-85.696877,43.076091],[-85.689945,43.076081],[-85.685265,43.076100],[-85.685030,43.082989],[-85.682859,43.082902],[-85.681048,43.082926],[-85.679720,43.082917],[-85.679760,43.082464],[-85.679971,43.081392],[-85.680353,43.080058],[-85.680506,43.079018],[-85.680429,43.078499],[-85.680442,43.078319],[-85.680224,43.078169],[-85.679953,43.078263],[-85.679511,43.077976],[-85.679025,43.077519],[-85.678628,43.077189],[-85.678261,43.076611],[-85.678232,43.076440],[-85.678435,43.076292],[-85.678263,43.075857],[-85.678302,43.075511],[-85.671724,43.075436],[-85.671663,43.080089],[-85.673722,43.080079],[-85.673716,43.082451],[-85.669995,43.082505],[-85.669996,43.080088],[-85.670031,43.076403],[-85.670037,43.072778],[-85.670012,43.068034],[-85.672358,43.068118],[-85.672370,43.067254],[-85.672417,43.067251],[-85.672419,43.066561],[-85.672324,43.065892],[-85.669993,43.065928],[-85.669988,43.063922],[-85.669930,43.061103],[-85.673962,43.061102],[-85.676232,43.061128],[-85.676345,43.061216],[-85.676398,43.061132],[-85.679553,43.061136],[-85.682074,43.061077],[-85.684614,43.061053],[-85.684631,43.059913],[-85.686775,43.059860],[-85.686751,43.058164],[-85.688814,43.058147],[-85.689816,43.058154],[-85.690956,43.058131],[-85.693476,43.058115],[-85.709590,43.058056],[-85.719328,43.058270],[-85.729075,43.058436],[-85.735197,43.058673],[-85.738892,43.058785],[-85.742392,43.058981],[-85.748640,43.059254],[-85.750144,43.059273],[-85.753232,43.059355],[-85.768108,43.059603],[-85.785616,43.059816],[-85.788178,43.059861],[-85.788233,43.063814],[-85.788223,43.067118],[-85.788502,43.081629],[-85.788521,43.082903],[-85.788539,43.088844],[-85.788666,43.095915],[-85.778068,43.095908],[-85.768132,43.095869]]],[[[-85.691819,43.047079],[-85.694601,43.047061],[-85.694475,43.049718],[-85.694490,43.049998],[-85.694531,43.050103],[-85.692197,43.050092],[-85.692066,43.048960],[-85.692064,43.048088],[-85.691852,43.047626],[-85.691819,43.047079]]]]}},{"type":"Feature","properties":{"code":"0810184000002","mcd":"01840","jurisdiction":"Alpine Township","ward":null,"precinct":2,"name":"Alpine Twp 2","voters":1412},"geometry":{"type":"Polygon","coordinates":[[[-85.673588,43.042883],[-85.672100,43.040969],[-85.671374,43.040103],[-85.669572,43.037829],[-85.669585,43.036740],[-85.669762,43.034558],[-85.669786,43.032598],[-85.669647,43.030526],[-85.669880,43.029067],[-85.674806,43.029089],[-85.679385,43.029274],[-85.681751,43.029291],[-85.684956,43.029363],[-85.685523,43.029180],[-85.685833,43.029121],[-85.686377,43.029066],[-85.687027,43.029059],[-85.689392,43.029080],[-85.689594,43.032671],[-85.689574,43.033051],[-85.689640,43.034150],[-85.689652,43.037803],[-85.689635,43.039332],[-85.686712,43.039669],[-85.686362,43.039217],[-85.686622,43.039049],[-85.686768,43.038915],[-85.686865,43.038761],[-85.686901,43.038585],[-85.686892,43.036074],[-85.686982,43.035800],[-85.687144,43.035621],[-85.687274,43.035533],[-85.687458,43.035460],[-85.687635,43.035423],[-85.687796,43.035414],[-85.687646,43.031095],[-85.683242,43.031082],[-85.679676,43.033061],[-85.679447,43.033042],[-85.679186,43.032950],[-85.678865,43.032768],[-85.677291,43.033701],[-85.676806,43.033895],[-85.676485,43.033993],[-85.676599,43.034286],[-85.679414,43.035387],[-85.679386,43.036309],[-85.679673,43.036284],[-85.679781,43.039304],[-85.680032,43.039328],[-85.680283,43.039388],[-85.680576,43.039588],[-85.680658,43.039696],[-85.680705,43.039805],[-85.680920,43.040441],[-85.681030,43.040581],[-85.681162,43.040714],[-85.681961,43.041340],[-85.682227,43.041468],[-85.682428,43.041529],[-85.682753,43.041549],[-85.682806,43.041333],[-85.682926,43.041175],[-85.683073,43.041012],[-85.683330,43.040794],[-85.684549,43.042326],[-85.685151,43.043585],[-85.675274,43.043606],[-85.675035,43.043587],[-85.674792,43.043543],[-85.674330,43.043397],[-85.673975,43.043217],[-85.673676,43.042977],[-85.673588,43.042883]]]}},{"type":"Feature","properties":{"code":"0810184000003","mcd":"01840","jurisdiction":"Alpine Township","ward":null,"precinct":3,"name":"Alpine Twp 3","voters":2329},"geometry":{"type":"MultiPolygon","coordinates":[[[[-85.676232,43.061128],[-85.673962,43.061102],[-85.669930,43.061103],[-85.669839,43.053035],[-85.669898,43.049285],[-85.670016,43.048281],[-85.669985,43.047566],[-85.669593,43.046847],[-85.669566,43.046683],[-85.669627,43.046222],[-85.669677,43.046066],[-85.669685,43.045896],[-85.669655,43.045611],[-85.669562,43.045020],[-85.669607,43.041604],[-85.669421,43.039831],[-85.669517,43.038966],[-85.669572,43.037829],[-85.671374,43.040103],[-85.672100,43.040969],[-85.673588,43.042883],[-85.673676,43.042977],[-85.673975,43.043217],[-85.674330,43.043397],[-85.674597,43.043491],[-85.675035,43.043587],[-85.675490,43.043608],[-85.685151,43.043585],[-85.685207,43.044198],[-85.686080,43.044154],[-85.686079,43.043584],[-85.686934,43.043593],[-85.688553,43.043580],[-85.688647,43.043870],[-85.689066,43.043982],[-85.689616,43.044158],[-85.689595,43.047828],[-85.686843,43.047829],[-85.686953,43.048740],[-85.684679,43.049063],[-85.684743,43.049530],[-85.684246,43.053393],[-85.684575,43.053360],[-85.685103,43.054128],[-85.687949,43.054731],[-85.688117,43.054709],[-85.689653,43.053951],[-85.689771,43.055823],[-85.689804,43.058078],[-85.689816,43.058154],[-85.688814,43.058147],[-85.686751,43.058164],[-85.686775,43.059860],[-85.684631,43.059913],[-85.684614,43.061053],[-85.682074,43.061077],[-85.679553,43.061136],[-85.676398,43.061132],[-85.676345,43.061216],[-85.676232,43.061128]]],[[[-85.669994,43.065928],[-85.672324,43.065892],[-85.672419,43.066561],[-85.672417,43.067251],[-85.672370,43.067254],[-85.672358,43.068118],[-85.670012,43.068034],[-85.669994,43.065928]]]]}},{"type":"Feature","properties":{"code":"0810184000004","mcd":"01840","jurisdiction":"Alpine Township","ward":null,"precinct":4,"name":"Alpine Twp 4","voters":2459},"geometry":{"type":"Polygon","coordinates":[[[-85.785041,43.059809],[-85.768108,43.059603],[-85.753232,43.059355],[-85.750144,43.059273],[-85.748640,43.059254],[-85.742392,43.058981],[-85.738892,43.058785],[-85.735197,43.058673],[-85.729075,43.058436],[-85.719328,43.058270],[-85.709590,43.058056],[-85.693476,43.058115],[-85.690956,43.058131],[-85.689816,43.058154],[-85.689804,43.058078],[-85.689771,43.055823],[-85.689653,43.053951],[-85.688117,43.054709],[-85.687949,43.054731],[-85.685103,43.054128],[-85.684575,43.053360],[-85.684246,43.053393],[-85.684743,43.049530],[-85.684679,43.049063],[-85.686953,43.048740],[-85.686843,43.047829],[-85.689595,43.047828],[-85.689616,43.044158],[-85.689066,43.043982],[-85.688647,43.043870],[-85.688553,43.043580],[-85.686934,43.043593],[-85.686079,43.043584],[-85.686080,43.044154],[-85.685207,43.044198],[-85.685151,43.043585],[-85.684549,43.042326],[-85.684622,43.039763],[-85.684759,43.039655],[-85.684827,43.039622],[-85.686712,43.039669],[-85.689635,43.039332],[-85.689652,43.037803],[-85.689640,43.034150],[-85.689574,43.033051],[-85.689594,43.032671],[-85.689392,43.029080],[-85.692574,43.029133],[-85.699348,43.029192],[-85.700175,43.029215],[-85.709190,43.029346],[-85.714232,43.029463],[-85.738844,43.030095],[-85.748751,43.030314],[-85.758740,43.030463],[-85.762636,43.030513],[-85.763434,43.030511],[-85.768458,43.030607],[-85.788508,43.030885],[-85.788338,43.038108],[-85.788072,43.045344],[-85.788038,43.047273],[-85.787997,43.051728],[-85.788018,43.052488],[-85.788024,43.054147],[-85.788178,43.059861],[-85.785041,43.059809]],[[-85.694475,43.049718],[-85.694601,43.047061],[-85.691819,43.047079],[-85.691852,43.047626],[-85.692064,43.048088],[-85.692066,43.048960],[-85.692197,43.050092],[-85.694531,43.050103],[-85.694490,43.049998],[-85.694475,43.049718]]]}},{"type":"Feature","properties":{"code":"0810184000005","mcd":"01840","jurisdiction":"Alpine Township","ward":null,"precinct":5,"name":"Alpine Twp 5","voters":1058},"geometry":{"type":"Polygon","coordinates":[[[-85.702184,43.116956],[-85.691019,43.116786],[-85.680198,43.116659],[-85.670251,43.116621],[-85.670068,43.102748],[-85.670045,43.102452],[-85.670019,43.102393],[-85.669894,43.102257],[-85.670130,43.100890],[-85.670083,43.097287],[-85.670062,43.093693],[-85.670006,43.091029],[-85.669995,43.082505],[-85.673716,43.082451],[-85.673722,43.080079],[-85.671663,43.080089],[-85.671724,43.075436],[-85.678302,43.075511],[-85.678263,43.075857],[-85.678435,43.076292],[-85.678232,43.076440],[-85.678261,43.076611],[-85.678628,43.077189],[-85.679025,43.077519],[-85.679511,43.077976],[-85.679953,43.078263],[-85.680224,43.078169],[-85.680442,43.078319],[-85.680429,43.078499],[-85.680506,43.079018],[-85.680353,43.080058],[-85.679971,43.081392],[-85.679760,43.082464],[-85.679720,43.082917],[-85.681048,43.082926],[-85.682859,43.082902],[-85.685030,43.082989],[-85.685265,43.076100],[-85.689945,43.076081],[-85.696877,43.076091],[-85.699987,43.076119],[-85.699974,43.080222],[-85.704665,43.080249],[-85.704660,43.087139],[-85.709738,43.087097],[-85.719365,43.087305],[-85.719415,43.090758],[-85.709187,43.090522],[-85.709048,43.092093],[-85.709194,43.094655],[-85.719447,43.094954],[-85.732973,43.095453],[-85.732956,43.087657],[-85.738184,43.087833],[-85.738183,43.084299],[-85.743419,43.084127],[-85.743406,43.081058],[-85.748471,43.081072],[-85.748470,43.088159],[-85.738539,43.087841],[-85.738539,43.095777],[-85.748554,43.095803],[-85.763185,43.095810],[-85.768009,43.095922],[-85.768132,43.095869],[-85.778068,43.095908],[-85.788666,43.095915],[-85.788744,43.099788],[-85.788754,43.101385],[-85.788983,43.107651],[-85.789041,43.110915],[-85.789099,43.112568],[-85.789229,43.118041],[-85.749022,43.117650],[-85.720000,43.117223],[-85.708880,43.117036],[-85.702184,43.116956]]]}},{"type":"Feature","properties":{"code":"0810184000006","mcd":"01840","jurisdiction":"Alpine Township","ward":null,"precinct":6,"name":"Alpine Twp 6","voters":2133},"geometry":{"type":"Polygon","coordinates":[[[-85.684549,43.042326],[-85.683330,43.040794],[-85.683073,43.041012],[-85.682926,43.041175],[-85.682806,43.041333],[-85.682753,43.041549],[-85.682428,43.041529],[-85.682227,43.041468],[-85.681961,43.041340],[-85.681162,43.040714],[-85.681030,43.040581],[-85.680920,43.040441],[-85.680705,43.039805],[-85.680658,43.039696],[-85.680576,43.039588],[-85.680283,43.039388],[-85.680032,43.039328],[-85.679781,43.039304],[-85.679673,43.036284],[-85.679386,43.036309],[-85.679414,43.035387],[-85.676599,43.034286],[-85.676485,43.033993],[-85.676806,43.033895],[-85.677291,43.033701],[-85.678865,43.032768],[-85.679186,43.032950],[-85.679447,43.033042],[-85.679676,43.033061],[-85.683242,43.031082],[-85.687646,43.031095],[-85.687796,43.035414],[-85.687635,43.035423],[-85.687458,43.035460],[-85.687274,43.035533],[-85.687144,43.035621],[-85.686982,43.035800],[-85.686892,43.036074],[-85.686901,43.038585],[-85.686865,43.038761],[-85.686768,43.038915],[-85.686622,43.039049],[-85.686362,43.039217],[-85.686712,43.039669],[-85.684827,43.039622],[-85.684759,43.039655],[-85.684622,43.039763],[-85.684549,43.042326]]]}},{"type":"Feature","properties":{"code":"0810978000001","mcd":"09780","jurisdiction":"Bowne Township","ward":null,"precinct":1,"name":"Bowne Twp 1","voters":2680},"geometry":{"type":"Polygon","coordinates":[[[-85.311398,42.856962],[-85.311153,42.843145],[-85.311139,42.840686],[-85.311083,42.838878],[-85.311002,42.834114],[-85.310909,42.831525],[-85.310829,42.827867],[-85.310210,42.813354],[-85.310371,42.800024],[-85.310365,42.798858],[-85.310211,42.793457],[-85.310033,42.787907],[-85.309751,42.786035],[-85.309801,42.785969],[-85.309817,42.785897],[-85.309881,42.784394],[-85.309942,42.783670],[-85.309937,42.783408],[-85.309889,42.782989],[-85.309879,42.781576],[-85.309796,42.778195],[-85.309631,42.769885],[-85.311538,42.769891],[-85.321143,42.769760],[-85.321297,42.769770],[-85.330167,42.769714],[-85.340049,42.769612],[-85.344895,42.769608],[-85.360052,42.769533],[-85.363712,42.769478],[-85.368916,42.769437],[-85.371897,42.769496],[-85.379358,42.769350],[-85.380951,42.769359],[-85.388269,42.769260],[-85.389034,42.769291],[-85.389450,42.769290],[-85.390852,42.769262],[-85.394279,42.769270],[-85.394771,42.769250],[-85.395073,42.769252],[-85.395269,42.769281],[-85.396301,42.769301],[-85.396542,42.769291],[-85.397530,42.769182],[-85.398364,42.769262],[-85.399948,42.769218],[-85.400521,42.769277],[-85.400798,42.769228],[-85.400926,42.769221],[-85.402737,42.769194],[-85.403900,42.769220],[-85.405113,42.769188],[-85.412302,42.769143],[-85.413586,42.769111],[-85.416162,42.769132],[-85.421591,42.769079],[-85.427781,42.769056],[-85.427599,42.769310],[-85.427662,42.769513],[-85.427739,42.769649],[-85.427711,42.769748],[-85.427714,42.769908],[-85.427898,42.770008],[-85.427884,42.775449],[-85.427777,42.775715],[-85.428039,42.778017],[-85.428004,42.781331],[-85.428064,42.783533],[-85.428139,42.798048],[-85.428001,42.801458],[-85.428114,42.805700],[-85.427507,42.808816],[-85.427757,42.809133],[-85.428180,42.809729],[-85.428297,42.809927],[-85.428347,42.810058],[-85.428382,42.810224],[-85.428286,42.810779],[-85.428321,42.812090],[-85.428410,42.813075],[-85.428363,42.813928],[-85.428491,42.827003],[-85.428653,42.836278],[-85.428873,42.846941],[-85.428882,42.848581],[-85.428931,42.851696],[-85.429036,42.856301],[-85.420894,42.856356],[-85.409956,42.856373],[-85.405381,42.856406],[-85.390888,42.856448],[-85.378447,42.856525],[-85.370656,42.856554],[-85.351107,42.856692],[-85.346174,42.856705],[-85.328712,42.856803],[-85.312626,42.856919],[-85.312116,42.856953],[-85.311398,42.856962]]]}},{"type":"Feature","properties":{"code":"0811224000001","mcd":"12240","jurisdiction":"Byron Township","ward":null,"precinct":1,"name":"Byron Twp 1","voters":3055},"geometry":{"type":"Polygon","coordinates":[[[-85.722921,42.804265],[-85.722886,42.797572],[-85.725899,42.797581],[-85.752831,42.797436],[-85.752829,42.801093],[-85.752767,42.811304],[-85.752777,42.812078],[-85.752654,42.826711],[-85.742675,42.826761],[-85.722992,42.826943],[-85.723048,42.820016],[-85.723025,42.815815],[-85.722980,42.812232],[-85.722921,42.804265]]]}},{"type":"Feature","properties":{"code":"0811224000002","mcd":"12240","jurisdiction":"Byron Township","ward":null,"precinct":2,"name":"Byron Twp 2","voters":3194},"geometry":{"type":"Polygon","coordinates":[[[-85.704468,42.841367],[-85.703292,42.841359],[-85.703204,42.836780],[-85.703182,42.833855],[-85.703201,42.826529],[-85.703098,42.819648],[-85.703056,42.815549],[-85.703057,42.811943],[-85.722980,42.812232],[-85.723025,42.815815],[-85.723048,42.820016],[-85.722992,42.826943],[-85.723023,42.836221],[-85.723023,42.841631],[-85.714562,42.841519],[-85.713974,42.841544],[-85.713535,42.841598],[-85.713189,42.841680],[-85.712845,42.841825],[-85.712419,42.841438],[-85.712216,42.841446],[-85.711562,42.841374],[-85.711502,42.841483],[-85.711354,42.841592],[-85.711063,42.841671],[-85.710752,42.841715],[-85.710396,42.841728],[-85.708482,42.841692],[-85.708151,42.841669],[-85.707845,42.841616],[-85.707552,42.841534],[-85.707294,42.841433],[-85.706766,42.841177],[-85.706385,42.841062],[-85.706297,42.841068],[-85.706223,42.841104],[-85.706027,42.841314],[-85.705911,42.841360],[-85.705906,42.841452],[-85.704468,42.841367]]]}},{"type":"Feature","properties":{"code":"0811224000003","mcd":"12240","jurisdiction":"Byron Township","ward":null,"precinct":3,"name":"Byron Twp 3","voters":3262},"geometry":{"type":"Polygon","coordinates":[[[-85.667836,42.855149],[-85.667252,42.854987],[-85.666886,42.854949],[-85.664412,42.854924],[-85.663743,42.854937],[-85.663708,42.845391],[-85.663695,42.845213],[-85.663718,42.843437],[-85.663667,42.839567],[-85.663677,42.838974],[-85.663607,42.831038],[-85.663603,42.827850],[-85.663572,42.826156],[-85.671855,42.826258],[-85.675526,42.833189],[-85.676091,42.834378],[-85.676569,42.835511],[-85.677057,42.836865],[-85.677357,42.837852],[-85.677496,42.838367],[-85.677748,42.839450],[-85.678011,42.840936],[-85.678160,42.842380],[-85.678316,42.845227],[-85.678813,42.855156],[-85.678083,42.855141],[-85.677453,42.853195],[-85.676229,42.851856],[-85.676137,42.851863],[-85.673990,42.850288],[-85.674087,42.855098],[-85.673537,42.855090],[-85.673501,42.853649],[-85.671821,42.853624],[-85.671857,42.855111],[-85.669711,42.855072],[-85.669281,42.855030],[-85.668552,42.855009],[-85.668138,42.855128],[-85.667836,42.855149]]]}},{"type":"Feature","properties":{"code":"0811224000004","mcd":"12240","jurisdiction":"Byron Township","ward":null,"precinct":4,"name":"Byron Twp 4","voters":2361},"geometry":{"type":"Polygon","coordinates":[[[-85.768097,42.856056],[-85.768219,42.853336],[-85.769862,42.853350],[-85.769989,42.850585],[-85.765492,42.850572],[-85.765041,42.851167],[-85.765040,42.851428],[-85.764964,42.851427],[-85.764843,42.851593],[-85.764772,42.851944],[-85.764743,42.852501],[-85.764706,42.852686],[-85.764619,42.852876],[-85.764482,42.853035],[-85.764289,42.853215],[-85.763884,42.853397],[-85.763619,42.853464],[-85.763359,42.853486],[-85.762845,42.853478],[-85.762830,42.853829],[-85.762714,42.853829],[-85.762630,42.855279],[-85.762580,42.855285],[-85.762561,42.855939],[-85.762249,42.855935],[-85.762297,42.855167],[-85.752551,42.855053],[-85.752527,42.855821],[-85.733039,42.855412],[-85.722984,42.855367],[-85.722973,42.854576],[-85.722980,42.851526],[-85.723032,42.841247],[-85.722992,42.826943],[-85.742675,42.826761],[-85.752654,42.826711],[-85.752777,42.812078],[-85.752767,42.811304],[-85.752829,42.801093],[-85.752831,42.797436],[-85.757828,42.797439],[-85.760073,42.797481],[-85.764520,42.797458],[-85.767711,42.797488],[-85.777549,42.797501],[-85.782527,42.797482],[-85.782650,42.797463],[-85.782810,42.797396],[-85.782869,42.804766],[-85.782752,42.809438],[-85.782837,42.812164],[-85.782857,42.815816],[-85.782769,42.826334],[-85.782730,42.827084],[-85.782348,42.848400],[-85.782215,42.851995],[-85.782111,42.856304],[-85.778869,42.856254],[-85.777534,42.856181],[-85.769277,42.856086],[-85.768097,42.856056]],[[-85.762904,42.852246],[-85.762866,42.853144],[-85.763403,42.853150],[-85.763595,42.853124],[-85.763735,42.853086],[-85.763894,42.853019],[-85.763998,42.852954],[-85.764154,42.852814],[-85.764261,42.852641],[-85.764307,42.852463],[-85.764320,42.852043],[-85.764437,42.851422],[-85.763015,42.851427],[-85.762969,42.852246],[-85.762904,42.852246]]]}},{"type":"Feature","properties":{"code":"0811224000005","mcd":"12240","jurisdiction":"Byron Township","ward":null,"precinct":5,"name":"Byron Twp 5","voters":2981},"geometry":{"type":"Polygon","coordinates":[[[-85.703123,42.802781],[-85.703094,42.797318],[-85.702915,42.788983],[-85.702814,42.775494],[-85.702793,42.768241],[-85.732353,42.768261],[-85.742219,42.768285],[-85.771866,42.768248],[-85.782503,42.768208],[-85.782568,42.771856],[-85.782584,42.775548],[-85.782672,42.779269],[-85.782669,42.779783],[-85.782726,42.782456],[-85.782700,42.785217],[-85.782827,42.793798],[-85.782824,42.796976],[-85.782810,42.797396],[-85.782650,42.797463],[-85.782527,42.797482],[-85.777549,42.797501],[-85.767711,42.797488],[-85.764520,42.797458],[-85.760073,42.797481],[-85.757828,42.797439],[-85.752831,42.797436],[-85.725899,42.797581],[-85.722886,42.797572],[-85.722980,42.812232],[-85.703057,42.811943],[-85.703051,42.809669],[-85.703092,42.808231],[-85.703118,42.804613],[-85.703123,42.802781]]]}},{"type":"Feature","properties":{"code":"0811224000006","mcd":"12240","jurisdiction":"Byron Township","ward":null,"precinct":6,"name":"Byron Twp 6","voters":1806},"geometry":{"type":"Polygon","coordinates":[[[-85.708086,42.854945],[-85.706860,42.854545],[-85.703865,42.854531],[-85.703862,42.855298],[-85.703297,42.855289],[-85.703314,42.855147],[-85.703321,42.852866],[-85.699403,42.852020],[-85.693518,42.851970],[-85.693500,42.855242],[-85.684629,42.855188],[-85.683615,42.855216],[-85.678813,42.855156],[-85.678316,42.845227],[-85.678160,42.842380],[-85.678011,42.840936],[-85.683532,42.841029],[-85.691553,42.841015],[-85.693173,42.841027],[-85.694522,42.841087],[-85.696310,42.841202],[-85.697841,42.841258],[-85.703292,42.841359],[-85.704468,42.841367],[-85.705906,42.841452],[-85.705911,42.841360],[-85.706027,42.841314],[-85.706245,42.841089],[-85.706355,42.841060],[-85.706414,42.841067],[-85.706766,42.841177],[-85.707294,42.841433],[-85.707552,42.841534],[-85.707845,42.841616],[-85.708151,42.841669],[-85.708482,42.841692],[-85.710396,42.841728],[-85.710752,42.841715],[-85.711063,42.841671],[-85.711354,42.841592],[-85.711502,42.841483],[-85.711562,42.841374],[-85.712216,42.841446],[-85.712419,42.841438],[-85.712845,42.841825],[-85.713189,42.841680],[-85.713535,42.841598],[-85.713974,42.841544],[-85.714562,42.841519],[-85.723023,42.841631],[-85.723026,42.843736],[-85.722980,42.851526],[-85.722973,42.854576],[-85.722984,42.855367],[-85.722645,42.855366],[-85.722635,42.855255],[-85.722328,42.855023],[-85.721082,42.855015],[-85.719595,42.854284],[-85.717368,42.853427],[-85.716419,42.853407],[-85.716420,42.853338],[-85.713174,42.853372],[-85.713173,42.853600],[-85.709829,42.853636],[-85.709815,42.855317],[-85.708086,42.855330],[-85.708086,42.854945]]]}},{"type":"Feature","properties":{"code":"0811224000007","mcd":"12240","jurisdiction":"Byron Township","ward":null,"precinct":7,"name":"Byron Twp 7","voters":2882},"geometry":{"type":"Polygon","coordinates":[[[-85.683532,42.841029],[-85.678011,42.840936],[-85.677748,42.839450],[-85.677496,42.838367],[-85.677357,42.837852],[-85.677057,42.836865],[-85.676579,42.835536],[-85.676091,42.834378],[-85.675526,42.833189],[-85.671855,42.826258],[-85.663572,42.826156],[-85.663596,42.824166],[-85.663585,42.821091],[-85.663570,42.820868],[-85.663390,42.819744],[-85.663096,42.818252],[-85.663060,42.817897],[-85.663059,42.817133],[-85.663146,42.813879],[-85.663219,42.813320],[-85.663493,42.811689],[-85.663594,42.811189],[-85.663555,42.810995],[-85.663504,42.808006],[-85.663536,42.806302],[-85.663543,42.806212],[-85.663603,42.806083],[-85.663721,42.805940],[-85.664006,42.799971],[-85.663806,42.798075],[-85.663742,42.797141],[-85.663558,42.790311],[-85.663601,42.785199],[-85.663518,42.785010],[-85.663461,42.784797],[-85.663433,42.784040],[-85.663407,42.778982],[-85.663301,42.768107],[-85.676503,42.768158],[-85.680741,42.768203],[-85.682746,42.768187],[-85.689572,42.768217],[-85.702793,42.768241],[-85.702814,42.775494],[-85.702915,42.788983],[-85.703094,42.797318],[-85.703123,42.802781],[-85.703092,42.808231],[-85.703051,42.809669],[-85.703056,42.815549],[-85.703098,42.819648],[-85.703201,42.826529],[-85.683470,42.826406],[-85.683532,42.841029]]]}},{"type":"Feature","properties":{"code":"0811224000008","mcd":"12240","jurisdiction":"Byron Township","ward":null,"precinct":8,"name":"Byron Twp 8","voters":2498},"geometry":{"type":"Polygon","coordinates":[[[-85.692419,42.841018],[-85.683532,42.841029],[-85.683470,42.826406],[-85.703201,42.826529],[-85.703182,42.833855],[-85.703204,42.836780],[-85.703292,42.841359],[-85.697841,42.841258],[-85.696310,42.841202],[-85.693947,42.841055],[-85.692419,42.841018]]]}},{"type":"Feature","properties":{"code":"0811250000001","mcd":"12500","jurisdiction":"Caledonia Township","ward":null,"precinct":1,"name":"Caledonia Twp 1","voters":1438},"geometry":{"type":"Polygon","coordinates":[[[-85.509431,42.808169],[-85.509431,42.807541],[-85.508903,42.807550],[-85.508867,42.808132],[-85.507522,42.808094],[-85.507311,42.807329],[-85.507232,42.806912],[-85.507170,42.806415],[-85.507108,42.805579],[-85.507108,42.804871],[-85.506859,42.789402],[-85.506775,42.783070],[-85.509202,42.783058],[-85.515466,42.782948],[-85.526827,42.782804],[-85.526687,42.782834],[-85.526647,42.782866],[-85.526607,42.782957],[-85.526664,42.784543],[-85.526724,42.787793],[-85.524663,42.787803],[-85.524675,42.788583],[-85.522470,42.788603],[-85.522467,42.789051],[-85.521696,42.789061],[-85.521760,42.793665],[-85.526794,42.793594],[-85.526826,42.797133],[-85.526094,42.797128],[-85.521740,42.797229],[-85.521704,42.803798],[-85.520376,42.803798],[-85.520361,42.804489],[-85.526767,42.804512],[-85.526766,42.804719],[-85.516872,42.804770],[-85.516840,42.808259],[-85.513187,42.808317],[-85.509431,42.808169]]]}},{"type":"Feature","properties":{"code":"0811250000002","mcd":"12500","jurisdiction":"Caledonia Township","ward":null,"precinct":2,"name":"Caledonia Twp 2","voters":2465},"geometry":{"type":"Polygon","coordinates":[[[-85.497278,42.855374],[-85.487593,42.855478],[-85.487581,42.855165],[-85.487503,42.854605],[-85.487502,42.854143],[-85.487582,42.853653],[-85.487537,42.853214],[-85.487471,42.852879],[-85.487619,42.852399],[-85.488038,42.851669],[-85.488247,42.851238],[-85.488315,42.850886],[-85.488435,42.850549],[-85.488851,42.849643],[-85.488682,42.849359],[-85.488180,42.848886],[-85.487681,42.848561],[-85.486917,42.848013],[-85.486607,42.847818],[-85.486045,42.847285],[-85.485711,42.847019],[-85.485342,42.846764],[-85.485026,42.846433],[-85.484449,42.845871],[-85.484035,42.845553],[-85.483080,42.845050],[-85.482661,42.844871],[-85.482055,42.844558],[-85.481909,42.844501],[-85.481152,42.844365],[-85.480705,42.844414],[-85.480267,42.844512],[-85.479944,42.844432],[-85.478135,42.843505],[-85.477835,42.843453],[-85.477480,42.843231],[-85.477101,42.842520],[-85.477174,42.842002],[-85.477230,42.841782],[-85.477420,42.840785],[-85.477473,42.840394],[-85.477706,42.840053],[-85.474487,42.839709],[-85.473617,42.839717],[-85.473053,42.839775],[-85.472290,42.839929],[-85.469869,42.840705],[-85.468511,42.841117],[-85.467963,42.841235],[-85.467395,42.841312],[-85.466515,42.841349],[-85.458352,42.841353],[-85.458198,42.830440],[-85.457913,42.812371],[-85.483393,42.812161],[-85.497108,42.812119],[-85.507270,42.812111],[-85.507377,42.819528],[-85.507535,42.826574],[-85.519985,42.826285],[-85.521824,42.828839],[-85.522153,42.829472],[-85.523374,42.831446],[-85.524212,42.832610],[-85.536523,42.848056],[-85.537724,42.849542],[-85.539245,42.851244],[-85.540341,42.852558],[-85.541967,42.854586],[-85.537728,42.854694],[-85.534247,42.854721],[-85.527800,42.854806],[-85.517564,42.854990],[-85.508072,42.855170],[-85.504138,42.855271],[-85.498114,42.855380],[-85.497278,42.855374]]]}},{"type":"Feature","properties":{"code":"0811250000003","mcd":"12500","jurisdiction":"Caledonia Township","ward":null,"precinct":3,"name":"Caledonia Twp 3","voters":2345},"geometry":{"type":"Polygon","coordinates":[[[-85.429037,42.856301],[-85.428931,42.851696],[-85.428882,42.848581],[-85.428873,42.846941],[-85.428653,42.836278],[-85.428491,42.827003],[-85.428363,42.813928],[-85.428375,42.813668],[-85.428579,42.813570],[-85.428715,42.813485],[-85.428875,42.813343],[-85.429123,42.813053],[-85.429268,42.812929],[-85.429461,42.812794],[-85.429691,42.812676],[-85.429986,42.812581],[-85.430244,42.812536],[-85.430624,42.812515],[-85.438216,42.812485],[-85.448020,42.812402],[-85.457913,42.812371],[-85.458198,42.830440],[-85.458352,42.841353],[-85.466515,42.841349],[-85.467395,42.841312],[-85.467963,42.841235],[-85.468511,42.841117],[-85.469869,42.840705],[-85.472290,42.839929],[-85.473053,42.839775],[-85.473617,42.839717],[-85.474487,42.839709],[-85.477706,42.840053],[-85.477473,42.840394],[-85.477420,42.840785],[-85.477230,42.841782],[-85.477174,42.842002],[-85.477101,42.842520],[-85.477480,42.843231],[-85.477835,42.843453],[-85.478135,42.843505],[-85.479944,42.844432],[-85.480267,42.844512],[-85.480705,42.844414],[-85.481152,42.844365],[-85.481909,42.844501],[-85.482055,42.844558],[-85.482661,42.844871],[-85.483080,42.845050],[-85.484035,42.845553],[-85.484449,42.845871],[-85.485026,42.846433],[-85.485342,42.846764],[-85.485711,42.847019],[-85.486045,42.847285],[-85.486607,42.847818],[-85.486917,42.848013],[-85.487681,42.848561],[-85.488180,42.848886],[-85.488682,42.849359],[-85.488851,42.849643],[-85.488435,42.850549],[-85.488315,42.850886],[-85.488247,42.851238],[-85.488038,42.851669],[-85.487619,42.852399],[-85.487471,42.852879],[-85.487537,42.853214],[-85.487582,42.853653],[-85.487502,42.854143],[-85.487503,42.854605],[-85.487581,42.855165],[-85.487593,42.855478],[-85.478642,42.855634],[-85.478465,42.855695],[-85.477788,42.855663],[-85.471349,42.855724],[-85.465940,42.855831],[-85.455882,42.856001],[-85.443832,42.856096],[-85.431095,42.856289],[-85.429037,42.856301]]]}},{"type":"Feature","properties":{"code":"0811250000004","mcd":"12500","jurisdiction":"Caledonia Township","ward":null,"precinct":4,"name":"Caledonia Twp 4","voters":1482},"geometry":{"type":"Polygon","coordinates":[[[-85.428375,42.813668],[-85.428410,42.813075],[-85.428321,42.812090],[-85.428286,42.810779],[-85.428382,42.810224],[-85.428347,42.810058],[-85.428297,42.809927],[-85.428180,42.809729],[-85.427757,42.809133],[-85.427507,42.808816],[-85.428114,42.805700],[-85.428001,42.801458],[-85.428139,42.798048],[-85.428064,42.783533],[-85.428004,42.781331],[-85.428039,42.778017],[-85.427777,42.775715],[-85.427884,42.775449],[-85.427898,42.770008],[-85.427714,42.769908],[-85.427711,42.769748],[-85.427739,42.769649],[-85.427662,42.769513],[-85.427599,42.769310],[-85.427781,42.769056],[-85.451472,42.768930],[-85.453028,42.768933],[-85.455715,42.769029],[-85.457015,42.769045],[-85.457223,42.769253],[-85.457874,42.769576],[-85.458689,42.770218],[-85.459003,42.770649],[-85.459736,42.771571],[-85.460655,42.772518],[-85.461003,42.773191],[-85.461090,42.773487],[-85.461195,42.774058],[-85.461215,42.774580],[-85.461328,42.774673],[-85.461380,42.774661],[-85.461385,42.774518],[-85.461368,42.774386],[-85.461379,42.774199],[-85.461443,42.774039],[-85.461449,42.773935],[-85.461484,42.773824],[-85.461481,42.773643],[-85.461554,42.773571],[-85.461622,42.773631],[-85.461727,42.774047],[-85.461678,42.774224],[-85.461646,42.774527],[-85.461710,42.775142],[-85.461757,42.775290],[-85.461872,42.775454],[-85.462238,42.775906],[-85.462453,42.776218],[-85.462520,42.776613],[-85.462076,42.777656],[-85.462041,42.778168],[-85.462122,42.778508],[-85.462548,42.778966],[-85.462811,42.779073],[-85.463161,42.779092],[-85.463400,42.779067],[-85.463815,42.778937],[-85.464089,42.778813],[-85.464499,42.778820],[-85.464799,42.778938],[-85.464928,42.779019],[-85.465243,42.779148],[-85.465628,42.779397],[-85.466068,42.779772],[-85.467012,42.780456],[-85.467361,42.780760],[-85.467754,42.781053],[-85.468096,42.781369],[-85.468742,42.782028],[-85.469173,42.782359],[-85.469446,42.782620],[-85.469842,42.783067],[-85.470181,42.783212],[-85.470481,42.783308],[-85.470752,42.783437],[-85.471074,42.783538],[-85.471539,42.783655],[-85.472853,42.784126],[-85.473475,42.784295],[-85.474647,42.784778],[-85.475160,42.785081],[-85.475659,42.785406],[-85.475922,42.785546],[-85.476943,42.786279],[-85.477320,42.786522],[-85.477595,42.786866],[-85.478130,42.787205],[-85.478982,42.787805],[-85.478736,42.788195],[-85.479685,42.788849],[-85.480912,42.790898],[-85.481110,42.792290],[-85.481880,42.794003],[-85.483245,42.794965],[-85.485816,42.796166],[-85.487043,42.797755],[-85.486807,42.799556],[-85.485962,42.801039],[-85.485909,42.803637],[-85.485524,42.805257],[-85.485177,42.807531],[-85.484329,42.809478],[-85.484068,42.810895],[-85.483888,42.812161],[-85.457913,42.812371],[-85.448020,42.812402],[-85.438216,42.812485],[-85.430624,42.812515],[-85.430244,42.812536],[-85.429986,42.812581],[-85.429691,42.812676],[-85.429461,42.812794],[-85.429268,42.812929],[-85.429123,42.813053],[-85.428875,42.813343],[-85.428715,42.813485],[-85.428579,42.813570],[-85.428375,42.813668]]]}},{"type":"Feature","properties":{"code":"0811250000005","mcd":"12500","jurisdiction":"Caledonia Township","ward":null,"precinct":5,"name":"Caledonia Twp 5","voters":3066},"geometry":{"type":"Polygon","coordinates":[[[-85.497108,42.812119],[-85.483888,42.812161],[-85.484068,42.810895],[-85.484329,42.809478],[-85.485177,42.807531],[-85.485524,42.805257],[-85.485909,42.803637],[-85.485962,42.801039],[-85.486807,42.799556],[-85.487043,42.797755],[-85.485816,42.796166],[-85.483245,42.794965],[-85.481880,42.794003],[-85.481110,42.792290],[-85.480912,42.790898],[-85.479685,42.788849],[-85.478736,42.788195],[-85.478982,42.787805],[-85.478130,42.787205],[-85.477595,42.786866],[-85.477320,42.786522],[-85.476943,42.786279],[-85.475922,42.785546],[-85.475659,42.785406],[-85.475160,42.785081],[-85.474647,42.784778],[-85.473475,42.784295],[-85.472853,42.784126],[-85.471539,42.783655],[-85.471074,42.783538],[-85.470752,42.783437],[-85.470481,42.783308],[-85.470181,42.783212],[-85.469842,42.783067],[-85.469446,42.782620],[-85.469173,42.782359],[-85.468742,42.782028],[-85.468096,42.781369],[-85.467754,42.781053],[-85.467361,42.780760],[-85.467012,42.780456],[-85.466068,42.779772],[-85.465628,42.779397],[-85.465243,42.779148],[-85.464928,42.779019],[-85.464799,42.778938],[-85.464499,42.778820],[-85.464089,42.778813],[-85.463815,42.778937],[-85.463400,42.779067],[-85.463161,42.779092],[-85.462811,42.779073],[-85.462548,42.778966],[-85.462122,42.778508],[-85.462041,42.778168],[-85.462076,42.777656],[-85.462520,42.776613],[-85.462453,42.776218],[-85.462238,42.775906],[-85.461872,42.775454],[-85.461757,42.775290],[-85.461710,42.775142],[-85.461646,42.774527],[-85.461678,42.774224],[-85.461727,42.774047],[-85.461622,42.773631],[-85.461554,42.773571],[-85.461481,42.773643],[-85.461484,42.773824],[-85.461449,42.773935],[-85.461443,42.774039],[-85.461379,42.774199],[-85.461368,42.774386],[-85.461385,42.774518],[-85.461380,42.774661],[-85.461328,42.774673],[-85.461215,42.774580],[-85.461195,42.774058],[-85.461090,42.773487],[-85.461003,42.773191],[-85.460655,42.772518],[-85.459736,42.771571],[-85.459003,42.770649],[-85.458689,42.770218],[-85.457874,42.769576],[-85.457223,42.769253],[-85.457015,42.769045],[-85.458220,42.769061],[-85.460989,42.769024],[-85.464145,42.768907],[-85.466574,42.768877],[-85.491344,42.768659],[-85.504290,42.768581],[-85.515516,42.768486],[-85.521310,42.768429],[-85.535147,42.768245],[-85.545569,42.768147],[-85.545568,42.782637],[-85.545526,42.786276],[-85.545548,42.789903],[-85.545596,42.811705],[-85.544141,42.811679],[-85.527265,42.811678],[-85.525540,42.811703],[-85.507270,42.812111],[-85.497108,42.812119]],[[-85.526766,42.804719],[-85.526767,42.804512],[-85.520361,42.804489],[-85.520376,42.803798],[-85.521704,42.803798],[-85.521740,42.797229],[-85.526094,42.797128],[-85.526826,42.797133],[-85.526794,42.793594],[-85.521760,42.793665],[-85.521696,42.789061],[-85.522467,42.789051],[-85.522470,42.788603],[-85.524675,42.788583],[-85.524663,42.787803],[-85.526724,42.787793],[-85.526664,42.784543],[-85.526607,42.782957],[-85.526647,42.782866],[-85.526687,42.782834],[-85.526827,42.782804],[-85.515466,42.782948],[-85.509202,42.783058],[-85.506775,42.783070],[-85.506859,42.789402],[-85.507108,42.804871],[-85.507108,42.805579],[-85.507170,42.806415],[-85.507232,42.806912],[-85.507311,42.807329],[-85.507522,42.808094],[-85.508867,42.808132],[-85.508903,42.807550],[-85.509431,42.807541],[-85.509431,42.808169],[-85.513187,42.808317],[-85.516840,42.808259],[-85.516872,42.804770],[-85.526766,42.804719]]]}},{"type":"Feature","properties":{"code":"0811250000006","mcd":"12500","jurisdiction":"Caledonia Township","ward":null,"precinct":6,"name":"Caledonia Twp 6","voters":2454},"geometry":{"type":"Polygon","coordinates":[[[-85.521825,42.828840],[-85.519985,42.826285],[-85.507535,42.826574],[-85.507377,42.819528],[-85.507270,42.812111],[-85.526727,42.811683],[-85.544141,42.811679],[-85.545596,42.811705],[-85.545618,42.815330],[-85.545641,42.826221],[-85.545628,42.826791],[-85.545623,42.833470],[-85.545693,42.840630],[-85.545699,42.844212],[-85.545795,42.849982],[-85.545837,42.854498],[-85.543674,42.854527],[-85.541967,42.854586],[-85.540341,42.852558],[-85.539245,42.851244],[-85.537724,42.849542],[-85.536523,42.848056],[-85.524212,42.832610],[-85.523374,42.831446],[-85.522153,42.829472],[-85.521825,42.828840]]]}},{"type":"Feature","properties":{"code":"0811308000001","mcd":"13080","jurisdiction":"Cannon Township","ward":null,"precinct":1,"name":"Cannon Twp 1","voters":3147},"geometry":{"type":"Polygon","coordinates":[[[-85.430975,43.068976],[-85.430881,43.055960],[-85.430814,43.050794],[-85.430841,43.050187],[-85.430750,43.043503],[-85.431001,43.038340],[-85.430832,43.028752],[-85.430976,43.028808],[-85.431087,43.028830],[-85.431844,43.028844],[-85.440753,43.028746],[-85.461397,43.028569],[-85.463869,43.028536],[-85.470599,43.028487],[-85.473639,43.028492],[-85.474183,43.028468],[-85.476408,43.028424],[-85.484919,43.028402],[-85.485592,43.028441],[-85.490346,43.028379],[-85.491933,43.028406],[-85.492498,43.028398],[-85.492976,43.028417],[-85.493712,43.028529],[-85.494182,43.028535],[-85.494508,43.028520],[-85.495526,43.028364],[-85.495851,43.028337],[-85.500818,43.028330],[-85.502749,43.028284],[-85.502987,43.028290],[-85.503909,43.028382],[-85.504429,43.028365],[-85.504878,43.028291],[-85.505185,43.028271],[-85.510297,43.028234],[-85.510557,43.028246],[-85.517046,43.028256],[-85.518197,43.028344],[-85.518572,43.028311],[-85.526555,43.028152],[-85.526716,43.028184],[-85.526908,43.028200],[-85.530002,43.028230],[-85.533650,43.028197],[-85.543001,43.028254],[-85.544965,43.028235],[-85.545739,43.028196],[-85.545431,43.030226],[-85.544549,43.030991],[-85.542896,43.032789],[-85.548592,43.043847],[-85.550808,43.045298],[-85.550779,43.045921],[-85.550745,43.049241],[-85.550664,43.050645],[-85.550660,43.052008],[-85.550676,43.052231],[-85.550680,43.053291],[-85.550665,43.054642],[-85.550699,43.056908],[-85.540618,43.057124],[-85.525958,43.057302],[-85.525059,43.057354],[-85.523455,43.057570],[-85.518181,43.058368],[-85.517753,43.058384],[-85.516106,43.058309],[-85.513891,43.058170],[-85.512859,43.058082],[-85.511763,43.057844],[-85.510572,43.057502],[-85.509935,43.057380],[-85.509613,43.057341],[-85.509139,43.057310],[-85.500309,43.057328],[-85.496724,43.057361],[-85.496171,43.057318],[-85.495617,43.057234],[-85.495101,43.057135],[-85.491463,43.056186],[-85.490870,43.056125],[-85.490274,43.056111],[-85.489764,43.056126],[-85.488687,43.056272],[-85.487780,43.056513],[-85.485610,43.057141],[-85.484272,43.057405],[-85.483798,43.057449],[-85.481831,43.057429],[-85.479456,43.057454],[-85.479020,43.057433],[-85.478661,43.057380],[-85.478089,43.057238],[-85.473687,43.055560],[-85.472164,43.054947],[-85.471345,43.054551],[-85.470831,43.054277],[-85.470454,43.054112],[-85.470183,43.054341],[-85.469858,43.054720],[-85.469239,43.055338],[-85.469013,43.055669],[-85.468518,43.056828],[-85.468296,43.057307],[-85.468220,43.057407],[-85.468062,43.057499],[-85.467966,43.057532],[-85.467683,43.057564],[-85.465634,43.057512],[-85.465574,43.057919],[-85.465549,43.058843],[-85.465405,43.066765],[-85.465366,43.070367],[-85.465299,43.070850],[-85.465200,43.071189],[-85.465026,43.071538],[-85.464660,43.072022],[-85.464191,43.072446],[-85.463719,43.072726],[-85.460233,43.074318],[-85.458505,43.075125],[-85.454750,43.076782],[-85.452319,43.077683],[-85.451667,43.077939],[-85.451398,43.078061],[-85.451092,43.078249],[-85.450758,43.078613],[-85.450654,43.078846],[-85.450584,43.079129],[-85.450552,43.079494],[-85.450565,43.079865],[-85.450587,43.084875],[-85.450575,43.086008],[-85.450596,43.094000],[-85.450577,43.097486],[-85.450584,43.101199],[-85.450597,43.104835],[-85.450628,43.108028],[-85.450531,43.108265],[-85.450313,43.108422],[-85.450052,43.108512],[-85.449782,43.108551],[-85.446977,43.108612],[-85.446874,43.108629],[-85.446694,43.108691],[-85.446476,43.108818],[-85.446302,43.109110],[-85.446278,43.109238],[-85.446269,43.109451],[-85.446332,43.111238],[-85.446302,43.111462],[-85.446063,43.112231],[-85.445928,43.112591],[-85.445626,43.113840],[-85.445255,43.114847],[-85.444949,43.115287],[-85.444575,43.115569],[-85.441809,43.117173],[-85.441570,43.117370],[-85.441409,43.117578],[-85.441216,43.117925],[-85.441193,43.117995],[-85.431191,43.118039],[-85.431148,43.113787],[-85.431150,43.110847],[-85.431107,43.107881],[-85.431129,43.099435],[-85.431072,43.094445],[-85.431025,43.087180],[-85.430974,43.082637],[-85.430988,43.079110],[-85.430944,43.077576],[-85.430968,43.076357],[-85.430975,43.068976]]]}},{"type":"Feature","properties":{"code":"0811308000002","mcd":"13080","jurisdiction":"Cannon Township","ward":null,"precinct":2,"name":"Cannon Twp 2","voters":3550},"geometry":{"type":"Polygon","coordinates":[[[-85.450596,43.094000],[-85.450581,43.082793],[-85.450552,43.079494],[-85.450584,43.079129],[-85.450654,43.078846],[-85.450758,43.078613],[-85.451000,43.078336],[-85.451092,43.078249],[-85.451223,43.078165],[-85.451398,43.078061],[-85.451667,43.077939],[-85.452319,43.077683],[-85.454750,43.076782],[-85.457023,43.075785],[-85.458505,43.075125],[-85.460233,43.074318],[-85.463719,43.072726],[-85.464191,43.072446],[-85.464621,43.072058],[-85.465026,43.071538],[-85.465200,43.071189],[-85.465299,43.070850],[-85.465366,43.070367],[-85.465405,43.066765],[-85.465549,43.058843],[-85.465574,43.057919],[-85.465634,43.057512],[-85.467683,43.057564],[-85.467966,43.057532],[-85.468062,43.057499],[-85.468220,43.057407],[-85.468296,43.057307],[-85.468518,43.056828],[-85.469013,43.055669],[-85.469239,43.055338],[-85.469858,43.054720],[-85.470183,43.054341],[-85.470454,43.054112],[-85.470831,43.054277],[-85.471345,43.054551],[-85.472164,43.054947],[-85.473687,43.055560],[-85.478089,43.057238],[-85.478661,43.057380],[-85.479020,43.057433],[-85.479456,43.057454],[-85.481831,43.057429],[-85.483798,43.057449],[-85.484272,43.057405],[-85.485610,43.057141],[-85.487780,43.056513],[-85.488687,43.056272],[-85.489764,43.056126],[-85.490274,43.056111],[-85.490870,43.056125],[-85.491463,43.056186],[-85.495101,43.057135],[-85.495617,43.057234],[-85.496171,43.057318],[-85.496724,43.057361],[-85.500309,43.057328],[-85.509139,43.057310],[-85.509613,43.057341],[-85.509935,43.057380],[-85.510572,43.057502],[-85.511763,43.057844],[-85.512859,43.058082],[-85.513891,43.058170],[-85.516106,43.058309],[-85.517753,43.058384],[-85.518181,43.058368],[-85.523455,43.057570],[-85.525059,43.057354],[-85.525958,43.057302],[-85.540618,43.057124],[-85.550699,43.056908],[-85.550701,43.057992],[-85.550754,43.060434],[-85.550817,43.061375],[-85.550871,43.061674],[-85.550922,43.061800],[-85.550792,43.071442],[-85.550834,43.075775],[-85.550837,43.078782],[-85.550866,43.080531],[-85.550869,43.082146],[-85.550919,43.084325],[-85.550890,43.086111],[-85.546950,43.086160],[-85.530037,43.086313],[-85.505328,43.086256],[-85.500255,43.086268],[-85.496161,43.086298],[-85.495827,43.086297],[-85.495127,43.086259],[-85.494545,43.086211],[-85.492982,43.086022],[-85.492410,43.085985],[-85.491924,43.085973],[-85.490992,43.086005],[-85.489166,43.086182],[-85.488516,43.086235],[-85.487877,43.086258],[-85.484314,43.086252],[-85.478954,43.086424],[-85.473577,43.086508],[-85.470909,43.086520],[-85.470424,43.086504],[-85.470395,43.090929],[-85.470460,43.101007],[-85.470475,43.111774],[-85.470516,43.117792],[-85.454917,43.117915],[-85.441193,43.117995],[-85.441216,43.117925],[-85.441409,43.117578],[-85.441570,43.117370],[-85.441809,43.117173],[-85.444575,43.115569],[-85.444949,43.115287],[-85.445255,43.114847],[-85.445626,43.113840],[-85.445928,43.112591],[-85.446063,43.112231],[-85.446302,43.111462],[-85.446332,43.111238],[-85.446269,43.109451],[-85.446278,43.109238],[-85.446302,43.109110],[-85.446476,43.108818],[-85.446694,43.108691],[-85.446874,43.108629],[-85.446977,43.108612],[-85.449782,43.108551],[-85.450052,43.108512],[-85.450313,43.108422],[-85.450531,43.108265],[-85.450628,43.108028],[-85.450597,43.104835],[-85.450584,43.101199],[-85.450577,43.097486],[-85.450596,43.094000]]]}},{"type":"Feature","properties":{"code":"0811308000003","mcd":"13080","jurisdiction":"Cannon Township","ward":null,"precinct":3,"name":"Cannon Twp 3","voters":3108},"geometry":{"type":"Polygon","coordinates":[[[-85.529101,43.117676],[-85.529071,43.117610],[-85.528989,43.117577],[-85.528891,43.117576],[-85.528763,43.117604],[-85.528222,43.117795],[-85.528125,43.117817],[-85.511022,43.117602],[-85.510232,43.117544],[-85.509633,43.117533],[-85.500299,43.117596],[-85.500317,43.117060],[-85.500328,43.115493],[-85.500314,43.113391],[-85.500349,43.108978],[-85.500374,43.100766],[-85.503021,43.100787],[-85.507957,43.100742],[-85.508309,43.100722],[-85.508787,43.100635],[-85.509211,43.100466],[-85.509804,43.100285],[-85.510384,43.100251],[-85.511429,43.100361],[-85.511607,43.099463],[-85.511705,43.099310],[-85.512641,43.098522],[-85.512885,43.098333],[-85.513292,43.097929],[-85.513505,43.097888],[-85.513369,43.097752],[-85.513335,43.097804],[-85.513306,43.097677],[-85.513553,43.097417],[-85.513641,43.097153],[-85.513680,43.096697],[-85.513639,43.096434],[-85.513525,43.096059],[-85.513379,43.095701],[-85.513247,43.095571],[-85.513127,43.095482],[-85.512448,43.095606],[-85.512169,43.095617],[-85.511995,43.095115],[-85.512255,43.095137],[-85.512752,43.094575],[-85.512977,43.094533],[-85.513140,43.094672],[-85.513263,43.094458],[-85.513377,43.094371],[-85.513615,43.094489],[-85.513787,43.094539],[-85.513807,43.094226],[-85.513751,43.093945],[-85.513957,43.093760],[-85.514530,43.093534],[-85.514737,43.093294],[-85.515206,43.093017],[-85.516057,43.092749],[-85.516497,43.092478],[-85.516916,43.092036],[-85.517214,43.091664],[-85.517594,43.091816],[-85.518023,43.092199],[-85.518591,43.092336],[-85.519073,43.092219],[-85.519184,43.091852],[-85.518792,43.091491],[-85.518744,43.091221],[-85.519192,43.090818],[-85.519283,43.090776],[-85.517757,43.087652],[-85.517387,43.087387],[-85.516806,43.087129],[-85.516275,43.087026],[-85.515442,43.087085],[-85.514784,43.087376],[-85.514055,43.087046],[-85.513668,43.087004],[-85.513355,43.086940],[-85.513259,43.086879],[-85.513229,43.086799],[-85.513227,43.086268],[-85.530037,43.086313],[-85.546950,43.086160],[-85.550890,43.086111],[-85.550857,43.086905],[-85.550891,43.088610],[-85.550609,43.089280],[-85.550445,43.089825],[-85.550343,43.090218],[-85.550279,43.090657],[-85.550246,43.093428],[-85.550202,43.101441],[-85.550138,43.106989],[-85.550092,43.108295],[-85.550008,43.109540],[-85.549627,43.111494],[-85.544529,43.111470],[-85.544688,43.117428],[-85.533297,43.117463],[-85.532732,43.117496],[-85.531890,43.117621],[-85.530947,43.117870],[-85.529103,43.117835],[-85.529101,43.117676]]]}},{"type":"Feature","properties":{"code":"0811308000004","mcd":"13080","jurisdiction":"Cannon Township","ward":null,"precinct":4,"name":"Cannon Twp 4","voters":2931},"geometry":{"type":"Polygon","coordinates":[[[-85.470516,43.117792],[-85.470475,43.111774],[-85.470460,43.101007],[-85.470395,43.090929],[-85.470424,43.086504],[-85.470909,43.086520],[-85.473577,43.086508],[-85.478954,43.086424],[-85.484314,43.086252],[-85.487877,43.086258],[-85.488516,43.086235],[-85.489166,43.086182],[-85.490992,43.086005],[-85.491924,43.085973],[-85.492410,43.085985],[-85.492982,43.086022],[-85.494545,43.086211],[-85.495827,43.086297],[-85.505328,43.086256],[-85.513227,43.086268],[-85.513229,43.086799],[-85.513259,43.086879],[-85.513355,43.086940],[-85.513668,43.087004],[-85.514055,43.087046],[-85.514784,43.087376],[-85.515442,43.087085],[-85.516275,43.087026],[-85.516806,43.087129],[-85.517387,43.087387],[-85.517757,43.087652],[-85.519283,43.090776],[-85.519192,43.090818],[-85.518744,43.091221],[-85.518792,43.091491],[-85.519184,43.091852],[-85.519073,43.092219],[-85.518591,43.092336],[-85.518023,43.092199],[-85.517594,43.091816],[-85.517214,43.091664],[-85.516916,43.092036],[-85.516497,43.092478],[-85.516057,43.092749],[-85.515206,43.093017],[-85.514737,43.093294],[-85.514530,43.093534],[-85.513957,43.093760],[-85.513751,43.093945],[-85.513807,43.094226],[-85.513787,43.094539],[-85.513615,43.094489],[-85.513377,43.094371],[-85.513263,43.094458],[-85.513140,43.094672],[-85.512977,43.094533],[-85.512752,43.094575],[-85.512255,43.095137],[-85.511995,43.095115],[-85.512169,43.095617],[-85.512448,43.095606],[-85.513127,43.095482],[-85.513247,43.095571],[-85.513379,43.095701],[-85.513525,43.096059],[-85.513639,43.096434],[-85.513680,43.096697],[-85.513641,43.097153],[-85.513553,43.097417],[-85.513306,43.097677],[-85.513335,43.097804],[-85.513369,43.097752],[-85.513505,43.097888],[-85.513292,43.097929],[-85.512885,43.098333],[-85.512641,43.098522],[-85.511705,43.099310],[-85.511607,43.099463],[-85.511429,43.100361],[-85.510384,43.100251],[-85.509804,43.100285],[-85.509211,43.100466],[-85.508787,43.100635],[-85.508309,43.100722],[-85.507957,43.100742],[-85.503021,43.100787],[-85.500374,43.100766],[-85.500349,43.108978],[-85.500314,43.113391],[-85.500328,43.115493],[-85.500317,43.117060],[-85.500299,43.117596],[-85.495804,43.117620],[-85.490404,43.117524],[-85.481404,43.117708],[-85.470516,43.117792]]]}},{"type":"Feature","properties":{"code":"0811366000001","mcd":"13660","jurisdiction":"Cascade Township","ward":null,"precinct":1,"name":"Cascade Twp 1","voters":3258},"geometry":{"type":"Polygon","coordinates":[[[-85.499590,42.913747],[-85.498835,42.913020],[-85.498934,42.913008],[-85.499100,42.913040],[-85.499583,42.913178],[-85.499704,42.913203],[-85.499965,42.913221],[-85.500062,42.913260],[-85.502610,42.913217],[-85.502724,42.913194],[-85.502827,42.913203],[-85.502963,42.913224],[-85.503213,42.913296],[-85.503354,42.913362],[-85.503619,42.913520],[-85.504021,42.913342],[-85.504396,42.913230],[-85.504631,42.913236],[-85.505105,42.913179],[-85.505419,42.913168],[-85.511212,42.913121],[-85.522239,42.913081],[-85.524786,42.913063],[-85.529631,42.912998],[-85.532492,42.912910],[-85.538243,42.912777],[-85.540764,42.912737],[-85.548974,42.912561],[-85.549407,42.919810],[-85.549450,42.922084],[-85.549726,42.927355],[-85.549866,42.928923],[-85.550551,42.938925],[-85.550810,42.939024],[-85.550398,42.939136],[-85.550547,42.939317],[-85.550577,42.939417],[-85.550610,42.939743],[-85.550620,42.940410],[-85.550688,42.940883],[-85.550741,42.941037],[-85.548511,42.941100],[-85.545742,42.941209],[-85.543281,42.941227],[-85.538886,42.941404],[-85.536590,42.939974],[-85.532082,42.937285],[-85.525528,42.933526],[-85.522272,42.931173],[-85.519935,42.929522],[-85.517055,42.928239],[-85.513047,42.926496],[-85.510274,42.925185],[-85.509221,42.924591],[-85.508663,42.924234],[-85.507803,42.923596],[-85.507374,42.923230],[-85.506844,42.922747],[-85.506622,42.922509],[-85.505501,42.921129],[-85.500945,42.915270],[-85.500106,42.914280],[-85.499590,42.913747]]]}},{"type":"Feature","properties":{"code":"0811366000002","mcd":"13660","jurisdiction":"Cascade Township","ward":null,"precinct":2,"name":"Cascade Twp 2","voters":3149},"geometry":{"type":"Polygon","coordinates":[[[-85.490632,42.942614],[-85.490763,42.942427],[-85.490850,42.942245],[-85.490944,42.942010],[-85.491023,42.941703],[-85.491068,42.941316],[-85.491087,42.940935],[-85.491093,42.940345],[-85.491137,42.939585],[-85.491143,42.938825],[-85.489402,42.937543],[-85.488482,42.936549],[-85.487406,42.935680],[-85.486836,42.935302],[-85.485881,42.934831],[-85.485017,42.934497],[-85.484386,42.934107],[-85.484079,42.933799],[-85.483881,42.933445],[-85.483838,42.933036],[-85.483935,42.932536],[-85.484266,42.931878],[-85.484491,42.930923],[-85.484450,42.930286],[-85.484346,42.929876],[-85.484071,42.929409],[-85.483765,42.928998],[-85.483335,42.928654],[-85.482580,42.928219],[-85.482104,42.927875],[-85.481813,42.927453],[-85.481602,42.926860],[-85.481514,42.926303],[-85.481658,42.925723],[-85.481895,42.925247],[-85.482378,42.924828],[-85.483031,42.924445],[-85.483761,42.924198],[-85.484413,42.923951],[-85.484911,42.923623],[-85.485395,42.923228],[-85.485630,42.922797],[-85.485805,42.922297],[-85.486058,42.921684],[-85.486434,42.921140],[-85.486965,42.920596],[-85.487697,42.920065],[-85.488320,42.919670],[-85.488771,42.919422],[-85.489536,42.918641],[-85.490113,42.918098],[-85.490647,42.917247],[-85.491130,42.916851],[-85.491457,42.916557],[-85.491787,42.916024],[-85.493196,42.914177],[-85.493912,42.913600],[-85.494643,42.913183],[-85.495344,42.912663],[-85.495936,42.912154],[-85.497012,42.911286],[-85.499439,42.913591],[-85.500106,42.914280],[-85.500945,42.915270],[-85.505501,42.921129],[-85.506622,42.922509],[-85.506844,42.922747],[-85.507374,42.923230],[-85.507803,42.923596],[-85.508362,42.924022],[-85.508663,42.924234],[-85.509221,42.924591],[-85.510274,42.925185],[-85.513047,42.926496],[-85.517055,42.928239],[-85.519935,42.929522],[-85.522272,42.931173],[-85.525528,42.933526],[-85.532082,42.937285],[-85.536590,42.939974],[-85.538886,42.941404],[-85.533267,42.941578],[-85.530198,42.941649],[-85.524292,42.941854],[-85.512206,42.942192],[-85.511768,42.942260],[-85.511585,42.942340],[-85.511288,42.942524],[-85.511181,42.942569],[-85.508312,42.942454],[-85.503831,42.942529],[-85.501353,42.942635],[-85.499966,42.942441],[-85.498100,42.942296],[-85.495844,42.942470],[-85.493887,42.942596],[-85.492454,42.942576],[-85.490632,42.942614]]]}},{"type":"Feature","properties":{"code":"0811366000003","mcd":"13660","jurisdiction":"Cascade Township","ward":null,"precinct":3,"name":"Cascade Twp 3","voters":4030},"geometry":{"type":"Polygon","coordinates":[[[-85.470487,42.917614],[-85.470152,42.906031],[-85.470127,42.904372],[-85.470036,42.902236],[-85.469882,42.897300],[-85.469723,42.894166],[-85.469672,42.892117],[-85.469558,42.889048],[-85.469564,42.888638],[-85.469662,42.888266],[-85.469801,42.887952],[-85.470526,42.886797],[-85.470713,42.886591],[-85.471135,42.886297],[-85.471868,42.885848],[-85.472308,42.885621],[-85.472409,42.885545],[-85.472581,42.885250],[-85.472665,42.884948],[-85.473033,42.884316],[-85.474520,42.883815],[-85.474552,42.884089],[-85.474617,42.884407],[-85.474707,42.884636],[-85.474843,42.884881],[-85.475055,42.885146],[-85.475420,42.885513],[-85.475818,42.885786],[-85.476261,42.886041],[-85.476679,42.886252],[-85.477148,42.886397],[-85.477627,42.886437],[-85.478538,42.886435],[-85.478290,42.886803],[-85.478384,42.886906],[-85.478540,42.886897],[-85.478855,42.886731],[-85.479077,42.886688],[-85.479223,42.886597],[-85.479382,42.886457],[-85.479678,42.886374],[-85.480609,42.886531],[-85.482027,42.886695],[-85.483010,42.886846],[-85.483719,42.887035],[-85.484517,42.887206],[-85.485168,42.887440],[-85.485829,42.887708],[-85.485989,42.887841],[-85.486262,42.888127],[-85.486354,42.888405],[-85.487611,42.888510],[-85.488034,42.889391],[-85.488079,42.889786],[-85.488188,42.890306],[-85.488710,42.891660],[-85.488856,42.892157],[-85.488731,42.893205],[-85.488820,42.893588],[-85.489136,42.893642],[-85.489425,42.893587],[-85.489799,42.893409],[-85.489911,42.893407],[-85.489899,42.893489],[-85.489769,42.893607],[-85.489506,42.893756],[-85.489088,42.893957],[-85.488811,42.894133],[-85.488613,42.894632],[-85.488603,42.894753],[-85.488489,42.895113],[-85.488238,42.895772],[-85.488290,42.895964],[-85.488504,42.896086],[-85.488739,42.896180],[-85.488781,42.896312],[-85.488726,42.896434],[-85.488718,42.896637],[-85.488885,42.896887],[-85.489199,42.896903],[-85.489428,42.897025],[-85.489555,42.897242],[-85.489977,42.897349],[-85.490299,42.897354],[-85.490462,42.897328],[-85.490607,42.897397],[-85.490210,42.897570],[-85.489966,42.897630],[-85.489808,42.897792],[-85.489795,42.898062],[-85.489663,42.898131],[-85.489274,42.898089],[-85.488890,42.898014],[-85.488681,42.898030],[-85.488616,42.898081],[-85.488499,42.898138],[-85.488493,42.898171],[-85.488592,42.898241],[-85.488751,42.898298],[-85.488871,42.898493],[-85.488949,42.898987],[-85.489075,42.898973],[-85.489141,42.898922],[-85.489209,42.898740],[-85.489266,42.898678],[-85.489589,42.898726],[-85.489779,42.898805],[-85.490073,42.898898],[-85.490232,42.899142],[-85.490268,42.899307],[-85.490215,42.899495],[-85.490063,42.899613],[-85.489914,42.899627],[-85.489737,42.899681],[-85.489770,42.899762],[-85.489848,42.899865],[-85.490003,42.900005],[-85.490145,42.900200],[-85.490284,42.900533],[-85.490373,42.900911],[-85.490691,42.901207],[-85.491136,42.901533],[-85.491564,42.901794],[-85.492060,42.902065],[-85.493003,42.902717],[-85.493308,42.902892],[-85.493718,42.903049],[-85.494786,42.903253],[-85.495382,42.903406],[-85.495760,42.903547],[-85.496129,42.903611],[-85.496672,42.903754],[-85.497206,42.903853],[-85.497389,42.903750],[-85.497590,42.903543],[-85.497937,42.903437],[-85.498056,42.903418],[-85.498306,42.903325],[-85.498536,42.903270],[-85.498741,42.903184],[-85.498802,42.903084],[-85.499286,42.903151],[-85.499204,42.903356],[-85.499092,42.903578],[-85.498913,42.903758],[-85.498837,42.903941],[-85.498907,42.904016],[-85.499249,42.904175],[-85.499674,42.904342],[-85.499880,42.904442],[-85.500072,42.904466],[-85.500106,42.909256],[-85.500138,42.909648],[-85.499489,42.909901],[-85.499025,42.909872],[-85.498720,42.910115],[-85.498208,42.910598],[-85.497630,42.911099],[-85.497298,42.911568],[-85.497012,42.911286],[-85.495936,42.912154],[-85.495344,42.912663],[-85.494643,42.913183],[-85.493912,42.913600],[-85.493196,42.914177],[-85.491787,42.916024],[-85.491457,42.916557],[-85.491130,42.916851],[-85.490647,42.917247],[-85.490113,42.918098],[-85.489536,42.918641],[-85.488771,42.919422],[-85.488320,42.919670],[-85.487697,42.920065],[-85.486965,42.920596],[-85.486434,42.921140],[-85.486058,42.921684],[-85.485805,42.922297],[-85.485630,42.922797],[-85.485395,42.923228],[-85.484911,42.923623],[-85.484413,42.923951],[-85.483761,42.924198],[-85.483031,42.924445],[-85.482378,42.924828],[-85.481895,42.925247],[-85.481658,42.925723],[-85.481514,42.926303],[-85.481602,42.926860],[-85.481813,42.927453],[-85.482104,42.927875],[-85.482580,42.928219],[-85.483335,42.928654],[-85.483765,42.928998],[-85.484071,42.929409],[-85.484346,42.929876],[-85.484450,42.930286],[-85.484491,42.930923],[-85.484266,42.931878],[-85.483935,42.932536],[-85.483838,42.933036],[-85.483881,42.933445],[-85.484079,42.933799],[-85.484386,42.934107],[-85.485017,42.934497],[-85.485881,42.934831],[-85.486836,42.935302],[-85.487406,42.935680],[-85.488482,42.936549],[-85.489402,42.937543],[-85.491143,42.938825],[-85.491137,42.939585],[-85.491093,42.940345],[-85.491087,42.940935],[-85.491068,42.941316],[-85.491023,42.941703],[-85.490944,42.942010],[-85.490850,42.942245],[-85.490763,42.942427],[-85.490632,42.942614],[-85.482570,42.942737],[-85.479699,42.942878],[-85.478749,42.940843],[-85.478010,42.939210],[-85.477358,42.937867],[-85.477181,42.937564],[-85.476953,42.937086],[-85.475846,42.934656],[-85.474679,42.932002],[-85.473993,42.930413],[-85.473488,42.928469],[-85.472980,42.926963],[-85.472386,42.925613],[-85.472087,42.924874],[-85.471758,42.924165],[-85.471557,42.923781],[-85.471364,42.923459],[-85.471076,42.923034],[-85.470806,42.922538],[-85.470695,42.922259],[-85.470637,42.921874],[-85.470621,42.921601],[-85.470650,42.921176],[-85.470487,42.917614]]]}},{"type":"Feature","properties":{"code":"0811366000004","mcd":"13660","jurisdiction":"Cascade Township","ward":null,"precinct":4,"name":"Cascade Twp 4","voters":3602},"geometry":{"type":"Polygon","coordinates":[[[-85.468648,42.943398],[-85.468118,42.943754],[-85.467264,42.943062],[-85.466187,42.943095],[-85.461439,42.943178],[-85.460510,42.942373],[-85.459503,42.941630],[-85.457835,42.940674],[-85.456677,42.940055],[-85.454763,42.938980],[-85.453623,42.938262],[-85.450419,42.935009],[-85.449586,42.934017],[-85.449111,42.933512],[-85.446554,42.931540],[-85.444181,42.930550],[-85.442167,42.929915],[-85.436982,42.928146],[-85.436191,42.927586],[-85.435428,42.926506],[-85.434443,42.925189],[-85.433880,42.924689],[-85.432825,42.924288],[-85.431026,42.923870],[-85.431068,42.923470],[-85.431091,42.921161],[-85.431348,42.920337],[-85.430918,42.920195],[-85.430494,42.907103],[-85.430161,42.896203],[-85.430127,42.894529],[-85.429770,42.881693],[-85.429682,42.878862],[-85.429589,42.876784],[-85.429530,42.874441],[-85.429399,42.867600],[-85.429234,42.863513],[-85.429193,42.860412],[-85.429122,42.859925],[-85.429071,42.858986],[-85.429036,42.856301],[-85.431095,42.856289],[-85.443832,42.856096],[-85.455882,42.856001],[-85.465940,42.855831],[-85.471349,42.855724],[-85.477788,42.855663],[-85.478465,42.855695],[-85.478642,42.855634],[-85.487591,42.855478],[-85.497278,42.855374],[-85.498114,42.855380],[-85.498147,42.858868],[-85.498184,42.860719],[-85.498246,42.861908],[-85.498329,42.864339],[-85.498384,42.866424],[-85.498381,42.867453],[-85.498405,42.868300],[-85.498750,42.876971],[-85.498849,42.880479],[-85.498916,42.881021],[-85.498991,42.881300],[-85.499078,42.881500],[-85.499233,42.881934],[-85.499435,42.882263],[-85.499742,42.882650],[-85.500113,42.883020],[-85.505227,42.887143],[-85.505549,42.887464],[-85.505725,42.887681],[-85.505864,42.887898],[-85.506051,42.888264],[-85.506165,42.888582],[-85.506236,42.888887],[-85.506422,42.890243],[-85.506566,42.890726],[-85.506754,42.891208],[-85.506992,42.891650],[-85.507095,42.891808],[-85.507367,42.892088],[-85.508066,42.892620],[-85.509255,42.893466],[-85.509250,42.893757],[-85.509288,42.894646],[-85.507360,42.893332],[-85.506368,42.892686],[-85.505410,42.892130],[-85.504879,42.891841],[-85.504180,42.891504],[-85.503440,42.891160],[-85.502560,42.890796],[-85.501430,42.890404],[-85.500325,42.890072],[-85.499163,42.889768],[-85.497825,42.889501],[-85.496683,42.889324],[-85.495600,42.889200],[-85.491644,42.888848],[-85.486354,42.888405],[-85.486262,42.888127],[-85.485989,42.887841],[-85.485829,42.887708],[-85.485168,42.887440],[-85.484517,42.887206],[-85.483719,42.887035],[-85.483010,42.886846],[-85.482027,42.886695],[-85.480609,42.886531],[-85.479678,42.886374],[-85.479382,42.886457],[-85.479223,42.886597],[-85.479077,42.886688],[-85.478855,42.886731],[-85.478540,42.886897],[-85.478384,42.886906],[-85.478290,42.886803],[-85.478538,42.886435],[-85.477627,42.886437],[-85.477148,42.886397],[-85.476679,42.886252],[-85.476261,42.886041],[-85.475818,42.885786],[-85.475420,42.885513],[-85.475055,42.885146],[-85.474843,42.884881],[-85.474707,42.884636],[-85.474617,42.884407],[-85.474552,42.884089],[-85.474520,42.883815],[-85.473033,42.884316],[-85.472665,42.884948],[-85.472581,42.885250],[-85.472409,42.885545],[-85.472308,42.885621],[-85.471868,42.885848],[-85.471135,42.886297],[-85.470713,42.886591],[-85.470526,42.886797],[-85.469801,42.887952],[-85.469662,42.888266],[-85.469564,42.888638],[-85.469558,42.889048],[-85.469672,42.892117],[-85.469723,42.894166],[-85.469882,42.897300],[-85.470036,42.902236],[-85.470127,42.904372],[-85.470152,42.906031],[-85.470373,42.913957],[-85.470487,42.917614],[-85.470650,42.921176],[-85.470621,42.921601],[-85.470660,42.922075],[-85.470695,42.922259],[-85.470806,42.922538],[-85.471076,42.923034],[-85.471364,42.923459],[-85.471557,42.923781],[-85.471758,42.924165],[-85.472087,42.924874],[-85.472386,42.925613],[-85.472980,42.926963],[-85.473488,42.928469],[-85.473993,42.930413],[-85.474679,42.932002],[-85.475846,42.934656],[-85.476953,42.937086],[-85.477181,42.937564],[-85.477358,42.937867],[-85.478010,42.939210],[-85.478749,42.940843],[-85.479699,42.942878],[-85.473318,42.942975],[-85.472700,42.942965],[-85.472288,42.942928],[-85.472096,42.942994],[-85.470921,42.943014],[-85.469983,42.942440],[-85.469511,42.942767],[-85.469650,42.942852],[-85.469651,42.942921],[-85.469614,42.942981],[-85.469519,42.943046],[-85.469349,42.943048],[-85.468743,42.943472],[-85.468648,42.943398]]]}},{"type":"Feature","properties":{"code":"0811366000005","mcd":"13660","jurisdiction":"Cascade Township","ward":null,"precinct":5,"name":"Cascade Twp 5","voters":3061},"geometry":{"type":"Polygon","coordinates":[[[-85.503213,42.913296],[-85.502963,42.913224],[-85.502724,42.913194],[-85.502610,42.913217],[-85.500062,42.913260],[-85.499965,42.913221],[-85.499704,42.913203],[-85.499583,42.913178],[-85.499100,42.913040],[-85.498934,42.913008],[-85.498835,42.913020],[-85.497298,42.911568],[-85.497630,42.911099],[-85.498208,42.910598],[-85.498720,42.910115],[-85.499025,42.909872],[-85.499489,42.909901],[-85.500138,42.909648],[-85.500106,42.909256],[-85.500072,42.904466],[-85.499880,42.904442],[-85.499674,42.904342],[-85.499249,42.904175],[-85.498907,42.904016],[-85.498837,42.903941],[-85.498913,42.903758],[-85.499092,42.903578],[-85.499204,42.903356],[-85.499286,42.903151],[-85.498802,42.903084],[-85.498741,42.903184],[-85.498536,42.903270],[-85.498306,42.903325],[-85.498056,42.903418],[-85.497937,42.903437],[-85.497590,42.903543],[-85.497389,42.903750],[-85.497206,42.903853],[-85.496672,42.903754],[-85.496129,42.903611],[-85.495760,42.903547],[-85.495382,42.903406],[-85.494786,42.903253],[-85.493718,42.903049],[-85.493308,42.902892],[-85.493003,42.902717],[-85.492060,42.902065],[-85.491564,42.901794],[-85.491136,42.901533],[-85.490691,42.901207],[-85.490373,42.900911],[-85.490284,42.900533],[-85.490145,42.900200],[-85.490003,42.900005],[-85.489848,42.899865],[-85.489770,42.899762],[-85.489737,42.899681],[-85.489914,42.899627],[-85.490063,42.899613],[-85.490215,42.899495],[-85.490268,42.899307],[-85.490232,42.899142],[-85.490073,42.898898],[-85.489779,42.898805],[-85.489589,42.898726],[-85.489266,42.898678],[-85.489209,42.898740],[-85.489141,42.898922],[-85.489075,42.898973],[-85.488949,42.898987],[-85.488871,42.898493],[-85.488751,42.898298],[-85.488592,42.898241],[-85.488493,42.898171],[-85.488499,42.898138],[-85.488616,42.898081],[-85.488681,42.898030],[-85.488890,42.898014],[-85.489274,42.898089],[-85.489663,42.898131],[-85.489795,42.898062],[-85.489808,42.897792],[-85.489966,42.897630],[-85.490210,42.897570],[-85.490607,42.897397],[-85.490462,42.897328],[-85.490299,42.897354],[-85.489977,42.897349],[-85.489555,42.897242],[-85.489428,42.897025],[-85.489199,42.896903],[-85.488885,42.896887],[-85.488718,42.896637],[-85.488726,42.896434],[-85.488781,42.896312],[-85.488739,42.896180],[-85.488504,42.896086],[-85.488290,42.895964],[-85.488238,42.895772],[-85.488489,42.895113],[-85.488603,42.894753],[-85.488613,42.894632],[-85.488811,42.894133],[-85.489088,42.893957],[-85.489506,42.893756],[-85.489769,42.893607],[-85.489899,42.893489],[-85.489911,42.893407],[-85.489799,42.893409],[-85.489425,42.893587],[-85.489136,42.893642],[-85.488820,42.893588],[-85.488731,42.893205],[-85.488856,42.892157],[-85.488710,42.891660],[-85.488188,42.890306],[-85.488079,42.889786],[-85.488034,42.889391],[-85.487611,42.888510],[-85.491644,42.888848],[-85.494467,42.889109],[-85.494738,42.889119],[-85.496683,42.889324],[-85.497825,42.889501],[-85.499163,42.889768],[-85.500325,42.890072],[-85.501430,42.890404],[-85.502560,42.890796],[-85.503440,42.891160],[-85.504879,42.891841],[-85.505410,42.892130],[-85.506368,42.892686],[-85.507360,42.893332],[-85.509288,42.894646],[-85.509250,42.893757],[-85.509255,42.893466],[-85.508066,42.892620],[-85.507367,42.892088],[-85.507095,42.891808],[-85.506992,42.891650],[-85.506754,42.891208],[-85.506566,42.890726],[-85.506422,42.890243],[-85.506236,42.888887],[-85.506165,42.888582],[-85.506051,42.888264],[-85.505864,42.887898],[-85.505725,42.887681],[-85.505549,42.887464],[-85.505227,42.887143],[-85.500113,42.883020],[-85.499742,42.882650],[-85.499435,42.882263],[-85.499233,42.881934],[-85.499078,42.881500],[-85.498991,42.881300],[-85.498916,42.881021],[-85.498849,42.880479],[-85.498750,42.876971],[-85.498405,42.868300],[-85.498381,42.867453],[-85.498384,42.866424],[-85.498329,42.864339],[-85.498246,42.861908],[-85.498184,42.860719],[-85.498147,42.858868],[-85.498114,42.855380],[-85.504138,42.855271],[-85.508072,42.855170],[-85.527800,42.854806],[-85.534247,42.854721],[-85.537728,42.854694],[-85.541413,42.854605],[-85.543674,42.854527],[-85.545837,42.854498],[-85.545857,42.855319],[-85.545922,42.856553],[-85.546216,42.859322],[-85.546233,42.859950],[-85.546181,42.861960],[-85.546153,42.862063],[-85.546150,42.862182],[-85.546195,42.863588],[-85.546423,42.869000],[-85.546619,42.872632],[-85.547052,42.881701],[-85.547129,42.883567],[-85.547584,42.891547],[-85.547915,42.896459],[-85.547999,42.898054],[-85.548479,42.904819],[-85.548958,42.912147],[-85.548974,42.912561],[-85.540764,42.912737],[-85.538243,42.912777],[-85.532492,42.912910],[-85.529631,42.912998],[-85.524786,42.913063],[-85.522239,42.913081],[-85.511212,42.913121],[-85.505419,42.913168],[-85.505105,42.913179],[-85.504631,42.913236],[-85.504396,42.913230],[-85.504021,42.913342],[-85.503619,42.913520],[-85.503354,42.913362],[-85.503213,42.913296]]]}},{"type":"Feature","properties":{"code":"0811420000001","mcd":"14200","jurisdiction":"Cedar Springs","ward":null,"precinct":1,"name":"Cedar Springs 1","voters":2717},"geometry":{"type":"MultiPolygon","coordinates":[[[[-85.558252,43.209125],[-85.557182,43.212727],[-85.551132,43.212781],[-85.551133,43.211345],[-85.553552,43.211357],[-85.553562,43.209159],[-85.551979,43.209164],[-85.551964,43.208858],[-85.551143,43.208861],[-85.551141,43.209124],[-85.545575,43.209172],[-85.545555,43.206511],[-85.546680,43.206507],[-85.546675,43.205550],[-85.551145,43.205528],[-85.551144,43.206501],[-85.556031,43.206460],[-85.556032,43.206709],[-85.556072,43.206709],[-85.556093,43.207365],[-85.556091,43.209141],[-85.558252,43.209125]]],[[[-85.551132,43.212781],[-85.551144,43.214981],[-85.553630,43.214991],[-85.553635,43.216403],[-85.554857,43.216395],[-85.554861,43.215866],[-85.556227,43.215900],[-85.557182,43.212727],[-85.557567,43.212725],[-85.558812,43.208534],[-85.560900,43.208542],[-85.560891,43.205449],[-85.561126,43.205447],[-85.561169,43.209098],[-85.566066,43.209065],[-85.566023,43.205408],[-85.570980,43.205382],[-85.571052,43.208981],[-85.568517,43.209012],[-85.568606,43.212623],[-85.561089,43.212716],[-85.561091,43.219968],[-85.561272,43.234376],[-85.551258,43.234447],[-85.551298,43.232548],[-85.551292,43.232490],[-85.551205,43.232389],[-85.551057,43.232339],[-85.551118,43.232013],[-85.551165,43.231598],[-85.551021,43.231643],[-85.550881,43.231665],[-85.550019,43.231767],[-85.549294,43.231814],[-85.548533,43.231837],[-85.545148,43.231894],[-85.545149,43.231805],[-85.540818,43.231913],[-85.540661,43.223738],[-85.538280,43.223735],[-85.538253,43.221938],[-85.540680,43.221924],[-85.540658,43.220106],[-85.540392,43.220109],[-85.540400,43.218646],[-85.539162,43.218656],[-85.539174,43.220115],[-85.538874,43.220119],[-85.538868,43.219540],[-85.535709,43.219571],[-85.535656,43.216517],[-85.540681,43.216469],[-85.540651,43.212832],[-85.551132,43.212781]]],[[[-85.566193,43.223520],[-85.564336,43.223558],[-85.564279,43.221007],[-85.563405,43.221003],[-85.563388,43.219937],[-85.562858,43.219942],[-85.562847,43.219711],[-85.562862,43.219664],[-85.562903,43.219618],[-85.562980,43.219557],[-85.563161,43.219466],[-85.563382,43.219223],[-85.563602,43.219219],[-85.563599,43.218883],[-85.564806,43.218868],[-85.564807,43.219919],[-85.567063,43.219894],[-85.567027,43.219059],[-85.567975,43.219049],[-85.567951,43.218055],[-85.571160,43.218035],[-85.571134,43.216219],[-85.574256,43.216176],[-85.574102,43.216663],[-85.573357,43.217490],[-85.572131,43.218619],[-85.572024,43.219280],[-85.571683,43.219512],[-85.571646,43.219829],[-85.571660,43.220140],[-85.571994,43.220376],[-85.571996,43.220911],[-85.573351,43.222616],[-85.573640,43.223210],[-85.573756,43.223604],[-85.573598,43.224039],[-85.573267,43.224786],[-85.571212,43.224858],[-85.571205,43.223566],[-85.570128,43.223577],[-85.570136,43.225258],[-85.571214,43.225251],[-85.571214,43.225333],[-85.570137,43.225340],[-85.570141,43.227068],[-85.566183,43.227096],[-85.566193,43.223520]],[[-85.566193,43.223520],[-85.569154,43.223471],[-85.569124,43.222575],[-85.571192,43.222548],[-85.571191,43.222186],[-85.570071,43.222193],[-85.570073,43.221765],[-85.566139,43.221803],[-85.566193,43.223520]]]]}},{"type":"Feature","properties":{"code":"0811850000001","mcd":"18500","jurisdiction":"Courtland Township","ward":null,"precinct":1,"name":"Courtland Twp 1","voters":2237},"geometry":{"type":"Polygon","coordinates":[[[-85.470993,43.154128],[-85.471011,43.132303],[-85.489155,43.132186],[-85.495823,43.132184],[-85.495826,43.131694],[-85.495746,43.126833],[-85.495774,43.125565],[-85.495798,43.125272],[-85.495940,43.124505],[-85.496109,43.124117],[-85.496412,43.123585],[-85.499557,43.119123],[-85.500141,43.118131],[-85.500214,43.117940],[-85.500299,43.117596],[-85.509633,43.117533],[-85.510232,43.117544],[-85.511022,43.117602],[-85.528125,43.117817],[-85.528222,43.117795],[-85.528763,43.117604],[-85.528891,43.117576],[-85.528989,43.117577],[-85.529071,43.117610],[-85.529101,43.117676],[-85.529103,43.117835],[-85.530947,43.117870],[-85.531890,43.117621],[-85.532732,43.117496],[-85.533297,43.117463],[-85.546240,43.117421],[-85.546254,43.117950],[-85.543279,43.117971],[-85.543278,43.118082],[-85.542592,43.118082],[-85.542523,43.119105],[-85.542577,43.119679],[-85.542653,43.120109],[-85.542781,43.120435],[-85.542933,43.120681],[-85.543115,43.120894],[-85.543302,43.121067],[-85.543986,43.121523],[-85.544250,43.121767],[-85.544441,43.122054],[-85.544592,43.122335],[-85.544830,43.122855],[-85.544901,43.123055],[-85.545330,43.124062],[-85.545493,43.124536],[-85.545537,43.124806],[-85.545549,43.126644],[-85.545531,43.127566],[-85.547482,43.127590],[-85.547495,43.128289],[-85.546910,43.128328],[-85.546594,43.128392],[-85.546321,43.128487],[-85.546098,43.128590],[-85.545812,43.128788],[-85.545524,43.129110],[-85.544370,43.130571],[-85.543456,43.131959],[-85.535636,43.131977],[-85.535745,43.135501],[-85.540275,43.135562],[-85.540511,43.142843],[-85.547069,43.142863],[-85.547106,43.146528],[-85.538571,43.146503],[-85.530533,43.146506],[-85.510627,43.146580],[-85.490883,43.146706],[-85.490912,43.151580],[-85.490901,43.153969],[-85.470993,43.154128]]]}},{"type":"Feature","properties":{"code":"0811850000002","mcd":"18500","jurisdiction":"Courtland Township","ward":null,"precinct":2,"name":"Courtland Twp 2","voters":3170},"geometry":{"type":"Polygon","coordinates":[[[-85.535564,43.146499],[-85.550744,43.146537],[-85.550908,43.164616],[-85.550922,43.165192],[-85.550962,43.165533],[-85.551056,43.165926],[-85.551036,43.165945],[-85.551102,43.172034],[-85.551205,43.174845],[-85.551079,43.175457],[-85.551035,43.175893],[-85.551016,43.178371],[-85.551037,43.180358],[-85.551145,43.205528],[-85.520690,43.205714],[-85.510839,43.205787],[-85.506922,43.205836],[-85.500845,43.205842],[-85.500157,43.205858],[-85.490874,43.205915],[-85.490884,43.191198],[-85.490928,43.183075],[-85.490890,43.174712],[-85.490908,43.172164],[-85.490886,43.161222],[-85.490912,43.151580],[-85.490883,43.146706],[-85.510627,43.146580],[-85.530533,43.146506],[-85.535564,43.146499]]]}},{"type":"Feature","properties":{"code":"0811850000003","mcd":"18500","jurisdiction":"Courtland Township","ward":null,"precinct":3,"name":"Courtland Twp 3","voters":2569},"geometry":{"type":"Polygon","coordinates":[[[-85.431496,43.206021],[-85.431860,43.201270],[-85.432128,43.198142],[-85.431939,43.198130],[-85.431780,43.198101],[-85.431624,43.198048],[-85.431499,43.197959],[-85.431416,43.197861],[-85.431364,43.197745],[-85.431346,43.197613],[-85.431372,43.194472],[-85.431322,43.187213],[-85.431333,43.168925],[-85.431280,43.161733],[-85.431289,43.154475],[-85.431274,43.152040],[-85.431222,43.151747],[-85.431081,43.151422],[-85.430581,43.150746],[-85.430447,43.150523],[-85.430369,43.150316],[-85.430160,43.149331],[-85.430014,43.148408],[-85.430025,43.148255],[-85.430060,43.148095],[-85.430131,43.147897],[-85.430447,43.147385],[-85.430565,43.147149],[-85.430801,43.146273],[-85.431260,43.144283],[-85.431270,43.143503],[-85.431216,43.136251],[-85.431212,43.132589],[-85.431532,43.124964],[-85.431351,43.124008],[-85.431191,43.118039],[-85.440902,43.118001],[-85.454917,43.117915],[-85.478106,43.117742],[-85.482443,43.117692],[-85.490404,43.117524],[-85.495804,43.117620],[-85.500299,43.117596],[-85.500214,43.117940],[-85.500141,43.118131],[-85.499557,43.119123],[-85.496412,43.123585],[-85.496109,43.124117],[-85.495940,43.124505],[-85.495798,43.125272],[-85.495774,43.125565],[-85.495746,43.126833],[-85.495826,43.131694],[-85.495823,43.132184],[-85.489155,43.132186],[-85.471011,43.132303],[-85.470991,43.139617],[-85.470993,43.154128],[-85.490901,43.153969],[-85.490886,43.161222],[-85.490908,43.172164],[-85.490890,43.174712],[-85.490928,43.183075],[-85.490884,43.191198],[-85.490874,43.205915],[-85.482088,43.205909],[-85.481561,43.205937],[-85.481197,43.205994],[-85.478089,43.205908],[-85.471080,43.205882],[-85.470710,43.205896],[-85.460701,43.205931],[-85.455386,43.205975],[-85.441099,43.206009],[-85.434643,43.206000],[-85.431496,43.206021]]]}},{"type":"Feature","properties":{"code":"0812398001001","mcd":"23980","jurisdiction":"East Grand Rapids","ward":1,"precinct":1,"name":"E Gd Rapids 1-1","voters":3100},"geometry":{"type":"Polygon","coordinates":[[[-85.590572,42.956652],[-85.590364,42.946164],[-85.590252,42.942059],[-85.589896,42.942107],[-85.589615,42.941858],[-85.588714,42.941934],[-85.588834,42.941611],[-85.588902,42.941479],[-85.589110,42.941266],[-85.589209,42.941200],[-85.589299,42.941165],[-85.589635,42.941116],[-85.589123,42.941119],[-85.589099,42.940648],[-85.589579,42.940465],[-85.590169,42.940100],[-85.590035,42.937812],[-85.593993,42.937859],[-85.594021,42.938992],[-85.597865,42.938960],[-85.598638,42.938920],[-85.599928,42.938894],[-85.600347,42.938913],[-85.601263,42.938917],[-85.601900,42.938898],[-85.602675,42.938836],[-85.603282,42.938855],[-85.603626,42.938886],[-85.604887,42.939048],[-85.605349,42.939074],[-85.606215,42.939017],[-85.606288,42.939355],[-85.606407,42.939789],[-85.606644,42.940396],[-85.606699,42.940701],[-85.606730,42.941038],[-85.610080,42.941033],[-85.609961,42.941464],[-85.609947,42.941594],[-85.610069,42.946536],[-85.610094,42.946771],[-85.610163,42.947036],[-85.610253,42.947209],[-85.610504,42.947497],[-85.610755,42.947702],[-85.611136,42.947917],[-85.611420,42.948155],[-85.611582,42.948351],[-85.611705,42.948559],[-85.611741,42.948770],[-85.611817,42.949535],[-85.614234,42.950465],[-85.617506,42.951781],[-85.618408,42.952108],[-85.619697,42.952631],[-85.619503,42.952952],[-85.619723,42.952642],[-85.620052,42.952800],[-85.620645,42.952798],[-85.621921,42.952754],[-85.624426,42.952208],[-85.624598,42.952186],[-85.624870,42.952182],[-85.624868,42.951903],[-85.626247,42.952342],[-85.626574,42.952505],[-85.629282,42.954101],[-85.629813,42.954396],[-85.629848,42.957932],[-85.624383,42.958281],[-85.622014,42.958410],[-85.620433,42.958510],[-85.618897,42.958628],[-85.617269,42.958723],[-85.616615,42.958840],[-85.615595,42.959058],[-85.608440,42.960628],[-85.607883,42.960713],[-85.607143,42.960775],[-85.606127,42.960804],[-85.605083,42.960857],[-85.604828,42.960731],[-85.603970,42.960387],[-85.603214,42.960158],[-85.595477,42.958034],[-85.592996,42.957323],[-85.590572,42.956652]]]}},{"type":"Feature","properties":{"code":"0812398002002","mcd":"23980","jurisdiction":"East Grand Rapids","ward":2,"precinct":2,"name":"E Gd Rapids 2-2","voters":2940},"geometry":{"type":"Polygon","coordinates":[[[-85.606730,42.941038],[-85.606699,42.940701],[-85.606644,42.940396],[-85.606407,42.939789],[-85.606288,42.939355],[-85.606215,42.939017],[-85.605349,42.939074],[-85.604887,42.939048],[-85.603626,42.938886],[-85.603282,42.938855],[-85.602675,42.938836],[-85.601900,42.938898],[-85.601263,42.938917],[-85.600347,42.938913],[-85.599928,42.938894],[-85.598638,42.938920],[-85.597865,42.938960],[-85.594021,42.938992],[-85.593993,42.937859],[-85.588616,42.937808],[-85.588538,42.936753],[-85.589264,42.936545],[-85.591392,42.935089],[-85.591339,42.934186],[-85.594162,42.934195],[-85.594290,42.934223],[-85.596548,42.934251],[-85.596669,42.934130],[-85.596792,42.934254],[-85.599753,42.934291],[-85.599635,42.932397],[-85.599506,42.932312],[-85.599563,42.931626],[-85.599563,42.931261],[-85.599521,42.930675],[-85.606928,42.930720],[-85.608151,42.930799],[-85.609458,42.930773],[-85.616831,42.930745],[-85.617624,42.930728],[-85.617907,42.930741],[-85.619256,42.930728],[-85.619420,42.930709],[-85.619264,42.930824],[-85.619374,42.932458],[-85.619496,42.932560],[-85.618735,42.932536],[-85.616952,42.932557],[-85.616986,42.933313],[-85.617073,42.934371],[-85.616480,42.934375],[-85.616555,42.935721],[-85.616719,42.937999],[-85.617788,42.937992],[-85.617398,42.938617],[-85.616599,42.939819],[-85.615982,42.940811],[-85.615817,42.941014],[-85.606730,42.941038]]]}},{"type":"Feature","properties":{"code":"0812398003003","mcd":"23980","jurisdiction":"East Grand Rapids","ward":3,"precinct":3,"name":"E Gd Rapids 3-3","voters":3011},"geometry":{"type":"Polygon","coordinates":[[[-85.626247,42.952342],[-85.624868,42.951903],[-85.624870,42.952182],[-85.624598,42.952186],[-85.624426,42.952208],[-85.621921,42.952754],[-85.620645,42.952798],[-85.620052,42.952800],[-85.619723,42.952642],[-85.619503,42.952952],[-85.619697,42.952631],[-85.618408,42.952108],[-85.617506,42.951781],[-85.614234,42.950465],[-85.611817,42.949535],[-85.611741,42.948770],[-85.611705,42.948559],[-85.611582,42.948351],[-85.611420,42.948155],[-85.611136,42.947917],[-85.610755,42.947702],[-85.610504,42.947497],[-85.610253,42.947209],[-85.610163,42.947036],[-85.610094,42.946771],[-85.610069,42.946536],[-85.609947,42.941594],[-85.609961,42.941464],[-85.610080,42.941033],[-85.615817,42.941014],[-85.615982,42.940811],[-85.616599,42.939819],[-85.617398,42.938617],[-85.617788,42.937992],[-85.619167,42.937976],[-85.619278,42.937988],[-85.619780,42.937983],[-85.620009,42.941011],[-85.629668,42.940998],[-85.629813,42.954396],[-85.629282,42.954101],[-85.626574,42.952505],[-85.626247,42.952342]]]}},{"type":"Feature","properties":{"code":"0813124000001","mcd":"31240","jurisdiction":"Gaines Township","ward":null,"precinct":1,"name":"Gaines Twp 1","voters":2744},"geometry":{"type":"Polygon","coordinates":[[[-85.565334,42.826529],[-85.555486,42.826434],[-85.546684,42.826281],[-85.545641,42.826221],[-85.545618,42.815330],[-85.545601,42.813315],[-85.545596,42.808061],[-85.545558,42.798532],[-85.545548,42.789903],[-85.545526,42.786276],[-85.545568,42.782637],[-85.545569,42.768147],[-85.562793,42.768213],[-85.582500,42.768238],[-85.590173,42.768230],[-85.596395,42.768264],[-85.600136,42.768248],[-85.604996,42.768265],[-85.614619,42.768224],[-85.617707,42.768237],[-85.624664,42.768214],[-85.624795,42.768198],[-85.644295,42.768232],[-85.644226,42.768676],[-85.644192,42.769128],[-85.644223,42.779042],[-85.644212,42.782701],[-85.644258,42.790492],[-85.639012,42.790515],[-85.638997,42.793695],[-85.634030,42.793722],[-85.634063,42.803968],[-85.629976,42.803969],[-85.629998,42.807440],[-85.628999,42.807448],[-85.628983,42.808719],[-85.629986,42.808710],[-85.630001,42.811814],[-85.634204,42.811786],[-85.634168,42.815732],[-85.633943,42.826340],[-85.624470,42.826430],[-85.619802,42.826455],[-85.595100,42.826523],[-85.585173,42.826582],[-85.565334,42.826529]]]}},{"type":"Feature","properties":{"code":"0813124000002","mcd":"31240","jurisdiction":"Gaines Township","ward":null,"precinct":2,"name":"Gaines Twp 2","voters":1951},"geometry":{"type":"Polygon","coordinates":[[[-85.600040,42.833893],[-85.600025,42.833825],[-85.600033,42.833750],[-85.600329,42.833751],[-85.600450,42.833729],[-85.605578,42.833734],[-85.605646,42.826968],[-85.605610,42.826491],[-85.619802,42.826455],[-85.624692,42.826426],[-85.624731,42.841009],[-85.600067,42.841087],[-85.600040,42.833893]]]}},{"type":"Feature","properties":{"code":"0813124000003","mcd":"31240","jurisdiction":"Gaines Township","ward":null,"precinct":3,"name":"Gaines Twp 3","voters":2308},"geometry":{"type":"Polygon","coordinates":[[[-85.644487,42.840748],[-85.644463,42.826232],[-85.654097,42.826211],[-85.659220,42.826164],[-85.663572,42.826156],[-85.663603,42.827850],[-85.663607,42.831038],[-85.663677,42.838974],[-85.663667,42.839567],[-85.663692,42.840714],[-85.662514,42.840708],[-85.654285,42.840742],[-85.644487,42.840748]]]}},{"type":"Feature","properties":{"code":"0813124000004","mcd":"31240","jurisdiction":"Gaines Township","ward":null,"precinct":4,"name":"Gaines Twp 4","voters":2603},"geometry":{"type":"Polygon","coordinates":[[[-85.644487,42.840748],[-85.663692,42.840714],[-85.663701,42.842743],[-85.663718,42.843437],[-85.663695,42.845213],[-85.663708,42.845391],[-85.663743,42.854937],[-85.650189,42.854860],[-85.650161,42.849866],[-85.645997,42.849840],[-85.645994,42.849538],[-85.644525,42.849528],[-85.644487,42.840748]]]}},{"type":"Feature","properties":{"code":"0813124000005","mcd":"31240","jurisdiction":"Gaines Township","ward":null,"precinct":5,"name":"Gaines Twp 5","voters":2837},"geometry":{"type":"Polygon","coordinates":[[[-85.650193,42.854853],[-85.647335,42.854845],[-85.624873,42.854688],[-85.624833,42.849869],[-85.624785,42.847891],[-85.624731,42.841009],[-85.632809,42.840892],[-85.644487,42.840748],[-85.644525,42.849528],[-85.645994,42.849538],[-85.645997,42.849840],[-85.650161,42.849866],[-85.650193,42.854853]]]}},{"type":"Feature","properties":{"code":"0813124000006","mcd":"31240","jurisdiction":"Gaines Township","ward":null,"precinct":6,"name":"Gaines Twp 6","voters":2081},"geometry":{"type":"Polygon","coordinates":[[[-85.624692,42.826426],[-85.644463,42.826232],[-85.644487,42.840748],[-85.632809,42.840892],[-85.624731,42.841009],[-85.624692,42.826426]]]}},{"type":"Feature","properties":{"code":"0813124000007","mcd":"31240","jurisdiction":"Gaines Township","ward":null,"precinct":7,"name":"Gaines Twp 7","voters":3212},"geometry":{"type":"Polygon","coordinates":[[[-85.633943,42.826340],[-85.634168,42.815732],[-85.634204,42.811786],[-85.630001,42.811814],[-85.629986,42.808710],[-85.628983,42.808719],[-85.628999,42.807448],[-85.629998,42.807440],[-85.629976,42.803969],[-85.634063,42.803968],[-85.634030,42.793722],[-85.638997,42.793695],[-85.639012,42.790515],[-85.644258,42.790492],[-85.644212,42.782701],[-85.644223,42.779042],[-85.644192,42.769128],[-85.644226,42.768676],[-85.644295,42.768232],[-85.663301,42.768107],[-85.663407,42.778982],[-85.663433,42.784040],[-85.663461,42.784797],[-85.663518,42.785010],[-85.663601,42.785199],[-85.663558,42.790311],[-85.663742,42.797141],[-85.663806,42.798075],[-85.664006,42.799971],[-85.663721,42.805940],[-85.663603,42.806083],[-85.663543,42.806212],[-85.663536,42.806302],[-85.663504,42.808006],[-85.663555,42.810995],[-85.663594,42.811189],[-85.663493,42.811689],[-85.663219,42.813320],[-85.663146,42.813879],[-85.663059,42.817133],[-85.663060,42.817897],[-85.663096,42.818252],[-85.663390,42.819744],[-85.663570,42.820868],[-85.663585,42.821091],[-85.663596,42.824166],[-85.663572,42.826156],[-85.659220,42.826164],[-85.654097,42.826211],[-85.644463,42.826232],[-85.633943,42.826340]]]}},{"type":"Feature","properties":{"code":"0813124000008","mcd":"31240","jurisdiction":"Gaines Township","ward":null,"precinct":8,"name":"Gaines Twp 8","voters":2844},"geometry":{"type":"Polygon","coordinates":[[[-85.557457,42.854527],[-85.545837,42.854498],[-85.545795,42.849982],[-85.545699,42.844212],[-85.545693,42.840630],[-85.545623,42.833470],[-85.545628,42.826791],[-85.545641,42.826221],[-85.546684,42.826281],[-85.555486,42.826434],[-85.565334,42.826529],[-85.582602,42.826585],[-85.595100,42.826523],[-85.605610,42.826491],[-85.605646,42.826968],[-85.605578,42.833734],[-85.600450,42.833729],[-85.600329,42.833751],[-85.600033,42.833750],[-85.600067,42.841087],[-85.600142,42.846482],[-85.600140,42.848260],[-85.600157,42.848421],[-85.595535,42.848372],[-85.595507,42.849171],[-85.595532,42.851371],[-85.589650,42.851387],[-85.587279,42.851356],[-85.586931,42.851316],[-85.587392,42.851921],[-85.588489,42.853442],[-85.589316,42.854552],[-85.586155,42.854579],[-85.585343,42.854561],[-85.584629,42.854578],[-85.576877,42.854548],[-85.557457,42.854527]]]}},{"type":"Feature","properties":{"code":"0813124000009","mcd":"31240","jurisdiction":"Gaines Township","ward":null,"precinct":9,"name":"Gaines Twp 9","voters":1998},"geometry":{"type":"Polygon","coordinates":[[[-85.606872,42.854631],[-85.589316,42.854552],[-85.588489,42.853442],[-85.587392,42.851921],[-85.586931,42.851316],[-85.587279,42.851356],[-85.589650,42.851387],[-85.595532,42.851371],[-85.595507,42.849171],[-85.595535,42.848372],[-85.600157,42.848421],[-85.600140,42.848260],[-85.600142,42.846482],[-85.600067,42.841087],[-85.624731,42.841009],[-85.624785,42.847891],[-85.624833,42.849869],[-85.624873,42.854688],[-85.606872,42.854631]]]}},{"type":"Feature","properties":{"code":"0813400001001","mcd":"34000","jurisdiction":"Grand Rapids","ward":1,"precinct":1,"name":"Grand Rapids 1-1","voters":2744},"geometry":{"type":"Polygon","coordinates":[[[-85.701181,42.963902],[-85.688824,42.963552],[-85.681522,42.963398],[-85.678350,42.963350],[-85.677170,42.963294],[-85.676278,42.963273],[-85.677506,42.961726],[-85.680687,42.957977],[-85.681477,42.957137],[-85.682322,42.956134],[-85.684089,42.954753],[-85.686455,42.953568],[-85.688481,42.952488],[-85.690712,42.951830],[-85.692567,42.951071],[-85.693800,42.950593],[-85.697086,42.949619],[-85.709922,42.947784],[-85.711013,42.947440],[-85.712416,42.946568],[-85.714007,42.945215],[-85.714529,42.944798],[-85.714904,42.944388],[-85.715871,42.942510],[-85.716412,42.941837],[-85.716757,42.941274],[-85.716844,42.941009],[-85.717095,42.940700],[-85.718539,42.939541],[-85.719414,42.938898],[-85.720512,42.938176],[-85.721389,42.937725],[-85.721894,42.937496],[-85.722259,42.937379],[-85.722566,42.937399],[-85.722804,42.937331],[-85.723027,42.937248],[-85.724369,42.936986],[-85.725470,42.936729],[-85.725467,42.942617],[-85.726770,42.942636],[-85.726761,42.945389],[-85.726391,42.945522],[-85.725410,42.946033],[-85.725044,42.946177],[-85.724681,42.946241],[-85.723906,42.946284],[-85.722952,42.946277],[-85.721373,42.946212],[-85.720956,42.946228],[-85.720603,42.946271],[-85.720170,42.946361],[-85.718457,42.946797],[-85.718423,42.956043],[-85.716929,42.956011],[-85.716924,42.956916],[-85.716027,42.956910],[-85.710663,42.956830],[-85.710204,42.956818],[-85.709704,42.956781],[-85.709122,42.956686],[-85.708768,42.956606],[-85.706893,42.955927],[-85.705947,42.956958],[-85.705704,42.957243],[-85.705814,42.957417],[-85.707678,42.959995],[-85.707850,42.960329],[-85.708000,42.960706],[-85.708129,42.961321],[-85.708164,42.961714],[-85.708146,42.962075],[-85.708102,42.962443],[-85.708032,42.962774],[-85.707841,42.963271],[-85.707629,42.963685],[-85.707423,42.963982],[-85.707008,42.964454],[-85.706809,42.964644],[-85.706431,42.964949],[-85.706188,42.965123],[-85.705721,42.965411],[-85.705222,42.965671],[-85.704945,42.965672],[-85.702881,42.965630],[-85.702526,42.965584],[-85.702349,42.965503],[-85.702209,42.965395],[-85.702118,42.965282],[-85.702082,42.965111],[-85.702060,42.964647],[-85.702030,42.964436],[-85.701987,42.964249],[-85.701937,42.964156],[-85.701863,42.964073],[-85.701595,42.963946],[-85.701502,42.963923],[-85.701181,42.963902]]]}},{"type":"Feature","properties":{"code":"0813400001002","mcd":"34000","jurisdiction":"Grand Rapids","ward":1,"precinct":2,"name":"Grand Rapids 1-2","voters":2984},"geometry":{"type":"Polygon","coordinates":[[[-85.697819,42.971277],[-85.697769,42.971180],[-85.697609,42.970952],[-85.697288,42.971002],[-85.696517,42.970992],[-85.689699,42.970807],[-85.681039,42.970616],[-85.677993,42.970565],[-85.675632,42.970498],[-85.674836,42.970436],[-85.675506,42.966531],[-85.675731,42.964750],[-85.675735,42.964525],[-85.676278,42.963273],[-85.677170,42.963294],[-85.678350,42.963350],[-85.681522,42.963398],[-85.688824,42.963552],[-85.700859,42.963887],[-85.701502,42.963923],[-85.701714,42.963994],[-85.701863,42.964073],[-85.701937,42.964156],[-85.701987,42.964249],[-85.702030,42.964436],[-85.702060,42.964647],[-85.702082,42.965111],[-85.702118,42.965282],[-85.702209,42.965395],[-85.702349,42.965503],[-85.702526,42.965584],[-85.702881,42.965630],[-85.705222,42.965671],[-85.702977,42.966827],[-85.701426,42.967646],[-85.700955,42.967959],[-85.700783,42.968092],[-85.700564,42.968300],[-85.700254,42.968657],[-85.699984,42.969129],[-85.699837,42.969540],[-85.699590,42.970324],[-85.699861,42.970274],[-85.699804,42.970452],[-85.699660,42.970741],[-85.699560,42.970927],[-85.699414,42.971134],[-85.698346,42.971113],[-85.697819,42.971277]]]}},{"type":"Feature","properties":{"code":"0813400001003","mcd":"34000","jurisdiction":"Grand Rapids","ward":1,"precinct":3,"name":"Grand Rapids 1-3","voters":2211},"geometry":{"type":"Polygon","coordinates":[[[-85.652998,42.927369],[-85.648030,42.927344],[-85.647933,42.925594],[-85.647742,42.923011],[-85.647380,42.917375],[-85.647320,42.916679],[-85.647088,42.912806],[-85.646892,42.909040],[-85.646864,42.908742],[-85.648619,42.909167],[-85.651080,42.909221],[-85.651173,42.910924],[-85.651138,42.911087],[-85.651013,42.911472],[-85.651079,42.911472],[-85.650990,42.911584],[-85.650958,42.911666],[-85.651030,42.911888],[-85.651242,42.912072],[-85.650947,42.912409],[-85.650993,42.912820],[-85.656915,42.912845],[-85.656794,42.910453],[-85.657494,42.910461],[-85.657385,42.907478],[-85.657330,42.907479],[-85.657323,42.907253],[-85.661634,42.910519],[-85.665870,42.910567],[-85.666241,42.918383],[-85.666327,42.919975],[-85.666361,42.920339],[-85.665168,42.920233],[-85.657416,42.920182],[-85.652524,42.920126],[-85.652564,42.921028],[-85.652998,42.927369]]]}},{"type":"Feature","properties":{"code":"0813400001004","mcd":"34000","jurisdiction":"Grand Rapids","ward":1,"precinct":4,"name":"Grand Rapids 1-4","voters":1894},"geometry":{"type":"Polygon","coordinates":[[[-85.665375,42.927495],[-85.657953,42.927402],[-85.652998,42.927369],[-85.652564,42.921028],[-85.652524,42.920126],[-85.657416,42.920182],[-85.665168,42.920233],[-85.666361,42.920339],[-85.666376,42.920428],[-85.666367,42.920793],[-85.666454,42.923057],[-85.666658,42.927565],[-85.666199,42.927529],[-85.665375,42.927495]]]}},{"type":"Feature","properties":{"code":"0813400001005","mcd":"34000","jurisdiction":"Grand Rapids","ward":1,"precinct":5,"name":"Grand Rapids 1-5","voters":2558},"geometry":{"type":"Polygon","coordinates":[[[-85.734579,42.986281],[-85.734594,42.978989],[-85.734542,42.978428],[-85.734519,42.976651],[-85.734507,42.976474],[-85.734452,42.976312],[-85.734065,42.975762],[-85.733998,42.975608],[-85.733951,42.975350],[-85.733800,42.968505],[-85.733892,42.964480],[-85.736961,42.964518],[-85.741880,42.964648],[-85.741957,42.968239],[-85.746811,42.968329],[-85.746883,42.971966],[-85.751741,42.972035],[-85.751739,42.975612],[-85.751852,42.979308],[-85.746861,42.979245],[-85.746889,42.980039],[-85.746883,42.981185],[-85.746931,42.985730],[-85.746859,42.985730],[-85.746864,42.986514],[-85.746937,42.986526],[-85.741443,42.986445],[-85.734579,42.986281]]]}},{"type":"Feature","properties":{"code":"0813400001006","mcd":"34000","jurisdiction":"Grand Rapids","ward":1,"precinct":6,"name":"Grand Rapids 1-6","voters":3496},"geometry":{"type":"Polygon","coordinates":[[[-85.674645,42.965463],[-85.674780,42.964977],[-85.674793,42.964747],[-85.674340,42.964791],[-85.673498,42.964805],[-85.673498,42.964705],[-85.673477,42.964626],[-85.673415,42.964556],[-85.673329,42.964492],[-85.672764,42.964219],[-85.671882,42.963564],[-85.672218,42.963256],[-85.670807,42.963229],[-85.670277,42.963244],[-85.667907,42.963213],[-85.665995,42.963207],[-85.664198,42.963154],[-85.664189,42.962065],[-85.664043,42.955884],[-85.666500,42.955951],[-85.666421,42.953120],[-85.667282,42.953142],[-85.667405,42.953133],[-85.667602,42.953086],[-85.667657,42.955980],[-85.668353,42.956008],[-85.669326,42.956138],[-85.670127,42.956176],[-85.672697,42.956189],[-85.673653,42.956171],[-85.674273,42.956130],[-85.674629,42.956047],[-85.680132,42.956089],[-85.682322,42.956134],[-85.681477,42.957137],[-85.680687,42.957977],[-85.677506,42.961726],[-85.676278,42.963273],[-85.675735,42.964525],[-85.675731,42.964750],[-85.675506,42.966531],[-85.674535,42.966488],[-85.674645,42.965463]]]}},{"type":"Feature","properties":{"code":"0813400001007","mcd":"34000","jurisdiction":"Grand Rapids","ward":1,"precinct":7,"name":"Grand Rapids 1-7","voters":3151},"geometry":{"type":"Polygon","coordinates":[[[-85.695282,42.980075],[-85.694037,42.979535],[-85.694028,42.979215],[-85.694041,42.979088],[-85.694165,42.978831],[-85.694292,42.978655],[-85.694381,42.978463],[-85.694400,42.977066],[-85.694372,42.976858],[-85.694285,42.976610],[-85.694166,42.976414],[-85.696682,42.976493],[-85.696613,42.974246],[-85.696592,42.972973],[-85.696715,42.972687],[-85.697324,42.972532],[-85.697650,42.972412],[-85.698181,42.972169],[-85.698336,42.972084],[-85.698760,42.971792],[-85.698998,42.971604],[-85.699179,42.971418],[-85.699487,42.971043],[-85.699804,42.970452],[-85.699861,42.970274],[-85.699590,42.970324],[-85.699837,42.969540],[-85.699984,42.969129],[-85.700254,42.968657],[-85.700564,42.968300],[-85.700783,42.968092],[-85.700955,42.967959],[-85.701426,42.967646],[-85.702977,42.966827],[-85.705721,42.965411],[-85.706188,42.965123],[-85.706431,42.964949],[-85.706809,42.964644],[-85.707248,42.964195],[-85.707423,42.963982],[-85.707629,42.963685],[-85.707841,42.963271],[-85.708032,42.962774],[-85.708102,42.962443],[-85.708146,42.962075],[-85.708164,42.961714],[-85.708129,42.961321],[-85.708000,42.960706],[-85.707850,42.960329],[-85.707678,42.959995],[-85.705814,42.957417],[-85.705704,42.957243],[-85.705947,42.956958],[-85.706893,42.955927],[-85.708768,42.956606],[-85.709433,42.956744],[-85.709897,42.956801],[-85.710663,42.956830],[-85.716924,42.956916],[-85.716933,42.958725],[-85.711952,42.958662],[-85.712052,42.960659],[-85.716951,42.960720],[-85.717063,42.967447],[-85.717162,42.975268],[-85.717207,42.976904],[-85.711299,42.976846],[-85.709236,42.976805],[-85.707402,42.976821],[-85.707429,42.977714],[-85.710247,42.977738],[-85.710286,42.978643],[-85.707451,42.978622],[-85.707520,42.980874],[-85.702594,42.980723],[-85.702555,42.979759],[-85.701567,42.979712],[-85.696771,42.979568],[-85.696819,42.981067],[-85.695282,42.980075]]]}},{"type":"Feature","properties":{"code":"0813400001008","mcd":"34000","jurisdiction":"Grand Rapids","ward":1,"precinct":8,"name":"Grand Rapids 1-8","voters":1786},"geometry":{"type":"Polygon","coordinates":[[[-85.724660,42.986098],[-85.720511,42.986061],[-85.717379,42.986011],[-85.709244,42.985963],[-85.707617,42.985923],[-85.707380,42.985692],[-85.707017,42.985143],[-85.706778,42.984840],[-85.707619,42.984823],[-85.707451,42.978622],[-85.710286,42.978643],[-85.710247,42.977738],[-85.707429,42.977714],[-85.707402,42.976821],[-85.709236,42.976805],[-85.711299,42.976846],[-85.717207,42.976904],[-85.717214,42.977078],[-85.717477,42.977109],[-85.717599,42.977166],[-85.717757,42.977279],[-85.717935,42.977369],[-85.718518,42.977629],[-85.718703,42.977736],[-85.718848,42.977844],[-85.718950,42.977939],[-85.719075,42.978096],[-85.719167,42.978242],[-85.719228,42.978415],[-85.719250,42.978569],[-85.719245,42.978732],[-85.725295,42.978812],[-85.727032,42.978822],[-85.734594,42.978989],[-85.734579,42.986281],[-85.729666,42.986177],[-85.724660,42.986098]]]}},{"type":"Feature","properties":{"code":"0813400001009","mcd":"34000","jurisdiction":"Grand Rapids","ward":1,"precinct":9,"name":"Grand Rapids 1-9","voters":2533},"geometry":{"type":"Polygon","coordinates":[[[-85.698311,42.971122],[-85.699414,42.971134],[-85.699179,42.971418],[-85.698998,42.971604],[-85.698760,42.971792],[-85.698336,42.972084],[-85.697650,42.972412],[-85.697324,42.972532],[-85.696715,42.972687],[-85.696592,42.972973],[-85.696613,42.974246],[-85.696682,42.976493],[-85.694166,42.976414],[-85.694285,42.976610],[-85.694372,42.976858],[-85.694400,42.977066],[-85.694381,42.978463],[-85.694292,42.978655],[-85.694165,42.978831],[-85.694041,42.979088],[-85.694028,42.979215],[-85.694037,42.979535],[-85.691142,42.978282],[-85.690640,42.978124],[-85.690417,42.978090],[-85.682968,42.977878],[-85.682933,42.976974],[-85.682960,42.976111],[-85.682923,42.976070],[-85.682902,42.974963],[-85.682820,42.974229],[-85.682779,42.973279],[-85.682769,42.972874],[-85.682779,42.971864],[-85.682753,42.970653],[-85.689699,42.970807],[-85.696517,42.970992],[-85.697288,42.971002],[-85.697609,42.970952],[-85.697769,42.971180],[-85.697819,42.971277],[-85.698311,42.971122]]]}},{"type":"Feature","properties":{"code":"0813400001010","mcd":"34000","jurisdiction":"Grand Rapids","ward":1,"precinct":10,"name":"Grand Rapids 1-10","voters":2436},"geometry":{"type":"Polygon","coordinates":[[[-85.673243,42.984737],[-85.674585,42.976709],[-85.674822,42.972583],[-85.674836,42.970436],[-85.675632,42.970498],[-85.677993,42.970565],[-85.682753,42.970653],[-85.682779,42.971864],[-85.682769,42.972874],[-85.682779,42.973279],[-85.682820,42.974229],[-85.682902,42.974963],[-85.682923,42.976070],[-85.682960,42.976111],[-85.682933,42.976974],[-85.682968,42.977878],[-85.687901,42.978011],[-85.687888,42.978858],[-85.688064,42.985252],[-85.676419,42.984835],[-85.675413,42.984815],[-85.673243,42.984737]]]}},{"type":"Feature","properties":{"code":"0813400001011","mcd":"34000","jurisdiction":"Grand Rapids","ward":1,"precinct":11,"name":"Grand Rapids 1-11","voters":2358},"geometry":{"type":"Polygon","coordinates":[[[-85.691893,42.990783],[-85.690680,42.990751],[-85.690677,42.990874],[-85.688225,42.990798],[-85.688064,42.985252],[-85.697880,42.985537],[-85.707617,42.985923],[-85.708034,42.986251],[-85.707928,42.986367],[-85.707837,42.986519],[-85.707803,42.986615],[-85.707777,42.986753],[-85.707718,42.987480],[-85.707738,42.988909],[-85.707819,42.991505],[-85.707890,42.993167],[-85.702998,42.993033],[-85.700503,42.992904],[-85.698080,42.992810],[-85.691947,42.992609],[-85.691893,42.990783]]]}},{"type":"Feature","properties":{"code":"0813400001012","mcd":"34000","jurisdiction":"Grand Rapids","ward":1,"precinct":12,"name":"Grand Rapids 1-12","voters":3635},"geometry":{"type":"Polygon","coordinates":[[[-85.671657,42.956175],[-85.671687,42.955887],[-85.672007,42.953978],[-85.672109,42.953584],[-85.672210,42.953330],[-85.672580,42.952586],[-85.673463,42.951299],[-85.674175,42.950137],[-85.676368,42.945030],[-85.677551,42.942163],[-85.678040,42.941600],[-85.677805,42.941611],[-85.678955,42.938836],[-85.679098,42.938550],[-85.679511,42.937614],[-85.680026,42.936368],[-85.680611,42.934879],[-85.680901,42.933824],[-85.680981,42.933390],[-85.681830,42.927825],[-85.682408,42.927828],[-85.683230,42.927858],[-85.684768,42.927861],[-85.686224,42.927925],[-85.686376,42.930190],[-85.686647,42.936124],[-85.686429,42.936199],[-85.686406,42.937306],[-85.686926,42.937271],[-85.687187,42.937173],[-85.687217,42.937109],[-85.687170,42.935957],[-85.687600,42.935827],[-85.687901,42.936203],[-85.688012,42.936391],[-85.688579,42.936902],[-85.688241,42.938618],[-85.687826,42.938888],[-85.687586,42.939068],[-85.686790,42.939072],[-85.686772,42.939998],[-85.686924,42.941724],[-85.691837,42.941828],[-85.691719,42.939069],[-85.691902,42.939024],[-85.692103,42.939013],[-85.692379,42.939032],[-85.692474,42.939100],[-85.692624,42.939135],[-85.692893,42.939255],[-85.693856,42.939850],[-85.694371,42.940199],[-85.694462,42.940295],[-85.694509,42.940415],[-85.694608,42.941867],[-85.694856,42.941858],[-85.694876,42.943034],[-85.695658,42.942538],[-85.696506,42.942449],[-85.697940,42.943669],[-85.698873,42.943077],[-85.698786,42.942993],[-85.698198,42.942551],[-85.697799,42.942218],[-85.697489,42.941902],[-85.707089,42.942029],[-85.713204,42.942143],[-85.714565,42.942472],[-85.715871,42.942510],[-85.714904,42.944388],[-85.714529,42.944798],[-85.714007,42.945215],[-85.712416,42.946568],[-85.711013,42.947440],[-85.710599,42.947576],[-85.709922,42.947784],[-85.697086,42.949619],[-85.693800,42.950593],[-85.692567,42.951071],[-85.690712,42.951830],[-85.688481,42.952488],[-85.686455,42.953568],[-85.684089,42.954753],[-85.682322,42.956134],[-85.680132,42.956089],[-85.674629,42.956047],[-85.674273,42.956130],[-85.673653,42.956171],[-85.672697,42.956189],[-85.671657,42.956175]]]}},{"type":"Feature","properties":{"code":"0813400001013","mcd":"34000","jurisdiction":"Grand Rapids","ward":1,"precinct":13,"name":"Grand Rapids 1-13","voters":2817},"geometry":{"type":"Polygon","coordinates":[[[-85.679911,42.936638],[-85.676886,42.936073],[-85.675618,42.936124],[-85.675368,42.935909],[-85.674460,42.935936],[-85.674386,42.935556],[-85.671972,42.935499],[-85.671944,42.934567],[-85.671796,42.932186],[-85.671724,42.930684],[-85.671704,42.929886],[-85.671595,42.928354],[-85.671567,42.927633],[-85.666658,42.927565],[-85.666454,42.923057],[-85.666367,42.920793],[-85.666376,42.920428],[-85.666361,42.920339],[-85.674726,42.920443],[-85.680504,42.920543],[-85.680769,42.920530],[-85.681663,42.920559],[-85.681847,42.920588],[-85.681989,42.920593],[-85.683517,42.920596],[-85.685978,42.920643],[-85.686177,42.926107],[-85.686224,42.927925],[-85.684768,42.927861],[-85.683230,42.927858],[-85.682408,42.927828],[-85.681830,42.927825],[-85.681060,42.932898],[-85.680901,42.933824],[-85.680611,42.934879],[-85.679911,42.936638]]]}},{"type":"Feature","properties":{"code":"0813400001014","mcd":"34000","jurisdiction":"Grand Rapids","ward":1,"precinct":14,"name":"Grand Rapids 1-14","voters":2691},"geometry":{"type":"Polygon","coordinates":[[[-85.688064,42.985252],[-85.687888,42.978858],[-85.687901,42.978011],[-85.690417,42.978090],[-85.690640,42.978124],[-85.690904,42.978197],[-85.691142,42.978282],[-85.695282,42.980075],[-85.696819,42.981067],[-85.696771,42.979568],[-85.701567,42.979712],[-85.702555,42.979759],[-85.702594,42.980723],[-85.707520,42.980874],[-85.707561,42.982946],[-85.707619,42.984823],[-85.706778,42.984840],[-85.707017,42.985143],[-85.707380,42.985692],[-85.707617,42.985923],[-85.697880,42.985537],[-85.688064,42.985252]]]}},{"type":"Feature","properties":{"code":"0813400001015","mcd":"34000","jurisdiction":"Grand Rapids","ward":1,"precinct":15,"name":"Grand Rapids 1-15","voters":1403},"geometry":{"type":"Polygon","coordinates":[[[-85.670235,42.956176],[-85.669326,42.956138],[-85.668353,42.956008],[-85.667657,42.955980],[-85.667602,42.953086],[-85.667405,42.953133],[-85.667282,42.953142],[-85.666421,42.953120],[-85.666500,42.955951],[-85.664043,42.955884],[-85.663971,42.947300],[-85.663946,42.945956],[-85.663954,42.944984],[-85.663909,42.941420],[-85.667349,42.941503],[-85.672717,42.941545],[-85.673519,42.941621],[-85.674760,42.941803],[-85.675099,42.941824],[-85.675732,42.941816],[-85.676208,42.941791],[-85.677252,42.941844],[-85.677805,42.941611],[-85.678040,42.941600],[-85.677551,42.942163],[-85.676368,42.945030],[-85.674175,42.950137],[-85.673463,42.951299],[-85.672580,42.952586],[-85.672210,42.953330],[-85.672109,42.953584],[-85.672007,42.953978],[-85.671687,42.955887],[-85.671657,42.956175],[-85.670235,42.956176]]]}},{"type":"Feature","properties":{"code":"0813400001016","mcd":"34000","jurisdiction":"Grand Rapids","ward":1,"precinct":16,"name":"Grand Rapids 1-16","voters":2552},"geometry":{"type":"Polygon","coordinates":[[[-85.698251,43.000085],[-85.688461,42.999705],[-85.687809,42.999756],[-85.686589,42.999678],[-85.686526,42.999635],[-85.678557,42.999360],[-85.678533,42.999341],[-85.678371,42.999353],[-85.677012,42.999320],[-85.676422,42.999245],[-85.675919,42.999227],[-85.675301,42.999215],[-85.674120,42.999252],[-85.672905,42.999216],[-85.673253,42.996857],[-85.673525,42.995590],[-85.673701,42.992800],[-85.673243,42.984737],[-85.675413,42.984815],[-85.676419,42.984835],[-85.688064,42.985252],[-85.688225,42.990798],[-85.690677,42.990874],[-85.690680,42.990751],[-85.691893,42.990783],[-85.691947,42.992609],[-85.698080,42.992810],[-85.700503,42.992904],[-85.702998,42.993033],[-85.707890,42.993167],[-85.707913,42.995038],[-85.707964,42.996807],[-85.705522,42.996734],[-85.698141,42.996447],[-85.698154,42.997120],[-85.698189,42.997847],[-85.698210,42.997849],[-85.698251,43.000085]]]}},{"type":"Feature","properties":{"code":"0813400001017","mcd":"34000","jurisdiction":"Grand Rapids","ward":1,"precinct":17,"name":"Grand Rapids 1-17","voters":2287},"geometry":{"type":"Polygon","coordinates":[[[-85.717162,42.975268],[-85.717014,42.964159],[-85.727465,42.964400],[-85.733892,42.964480],[-85.733800,42.968505],[-85.733951,42.975350],[-85.733998,42.975608],[-85.734065,42.975762],[-85.734452,42.976312],[-85.734507,42.976474],[-85.734542,42.978428],[-85.734594,42.978989],[-85.727032,42.978822],[-85.725295,42.978812],[-85.719245,42.978732],[-85.719250,42.978569],[-85.719228,42.978415],[-85.719167,42.978242],[-85.719075,42.978096],[-85.718950,42.977939],[-85.718848,42.977844],[-85.718703,42.977736],[-85.718518,42.977629],[-85.717935,42.977369],[-85.717757,42.977279],[-85.717599,42.977166],[-85.717477,42.977109],[-85.717214,42.977078],[-85.717162,42.975268]]]}},{"type":"Feature","properties":{"code":"0813400001018","mcd":"34000","jurisdiction":"Grand Rapids","ward":1,"precinct":18,"name":"Grand Rapids 1-18","voters":2022},"geometry":{"type":"Polygon","coordinates":[[[-85.727923,43.001120],[-85.727589,42.995627],[-85.727537,42.994950],[-85.727482,42.993333],[-85.727269,42.989711],[-85.727095,42.986132],[-85.733671,42.986260],[-85.741443,42.986445],[-85.747793,42.986534],[-85.747902,42.989198],[-85.747305,42.989186],[-85.747029,42.989161],[-85.747025,42.989494],[-85.747041,42.989848],[-85.747072,42.990093],[-85.747196,42.993382],[-85.747198,42.993753],[-85.746087,42.993688],[-85.742285,42.993668],[-85.742418,42.997302],[-85.737494,42.997192],[-85.737633,43.000761],[-85.737934,43.000808],[-85.738417,43.000834],[-85.742562,43.000937],[-85.742942,43.008182],[-85.728097,43.007768],[-85.727912,43.001607],[-85.727871,43.001186],[-85.727923,43.001120]]]}},{"type":"Feature","properties":{"code":"0813400001019","mcd":"34000","jurisdiction":"Grand Rapids","ward":1,"precinct":19,"name":"Grand Rapids 1-19","voters":1872},"geometry":{"type":"Polygon","coordinates":[[[-85.722559,43.002159],[-85.722388,43.001634],[-85.722416,43.000553],[-85.718061,43.000504],[-85.713013,43.000500],[-85.712943,42.998553],[-85.710472,42.998548],[-85.710447,42.997923],[-85.708004,42.997918],[-85.707913,42.995038],[-85.707890,42.993167],[-85.707819,42.991505],[-85.707738,42.988909],[-85.707718,42.987480],[-85.707777,42.986753],[-85.707803,42.986615],[-85.707837,42.986519],[-85.707928,42.986367],[-85.708034,42.986251],[-85.707617,42.985923],[-85.709244,42.985963],[-85.717379,42.986011],[-85.720511,42.986061],[-85.727095,42.986132],[-85.727269,42.989711],[-85.727482,42.993333],[-85.727537,42.994950],[-85.727923,43.001120],[-85.727871,43.001186],[-85.727908,43.001606],[-85.726432,43.001626],[-85.726432,43.001759],[-85.724841,43.001776],[-85.724512,43.001948],[-85.724213,43.001955],[-85.724028,43.002006],[-85.723655,43.002048],[-85.723289,43.002218],[-85.723004,43.002120],[-85.722690,43.002224],[-85.722559,43.002159]]]}},{"type":"Feature","properties":{"code":"0813400001020","mcd":"34000","jurisdiction":"Grand Rapids","ward":1,"precinct":20,"name":"Grand Rapids 1-20","voters":2211},"geometry":{"type":"Polygon","coordinates":[[[-85.677252,42.941844],[-85.676208,42.941791],[-85.675732,42.941816],[-85.675099,42.941824],[-85.674760,42.941803],[-85.673519,42.941621],[-85.672717,42.941545],[-85.667349,42.941503],[-85.663909,42.941420],[-85.663680,42.941086],[-85.662870,42.927457],[-85.665375,42.927495],[-85.666199,42.927529],[-85.666658,42.927565],[-85.671567,42.927633],[-85.671595,42.928354],[-85.671704,42.929886],[-85.671724,42.930684],[-85.671796,42.932186],[-85.671944,42.934567],[-85.671972,42.935499],[-85.674386,42.935556],[-85.674460,42.935936],[-85.675368,42.935909],[-85.675618,42.936124],[-85.676886,42.936073],[-85.679911,42.936638],[-85.679511,42.937614],[-85.679098,42.938550],[-85.678955,42.938836],[-85.677805,42.941611],[-85.677252,42.941844]]]}},{"type":"Feature","properties":{"code":"0813400002021","mcd":"34000","jurisdiction":"Grand Rapids","ward":2,"precinct":21,"name":"Grand Rapids 2-21","voters":2413},"geometry":{"type":"Polygon","coordinates":[[[-85.639712,42.967894],[-85.639674,42.962744],[-85.633767,42.962720],[-85.622410,42.962754],[-85.622372,42.960899],[-85.622366,42.959436],[-85.623224,42.959425],[-85.623209,42.958428],[-85.623239,42.958337],[-85.624383,42.958281],[-85.630348,42.957895],[-85.632157,42.957809],[-85.634449,42.957646],[-85.635182,42.957616],[-85.635401,42.957634],[-85.635896,42.957744],[-85.638473,42.958202],[-85.639894,42.958475],[-85.640322,42.958633],[-85.640697,42.958721],[-85.643419,42.959523],[-85.649409,42.960994],[-85.649449,42.962822],[-85.644561,42.962783],[-85.644639,42.967883],[-85.639712,42.967894]]]}},{"type":"Feature","properties":{"code":"0813400002022","mcd":"34000","jurisdiction":"Grand Rapids","ward":2,"precinct":22,"name":"Grand Rapids 2-22","voters":1815},"geometry":{"type":"Polygon","coordinates":[[[-85.639901,42.998972],[-85.639874,42.988082],[-85.640130,42.988089],[-85.640565,42.988135],[-85.640845,42.988182],[-85.641708,42.988489],[-85.642043,42.988544],[-85.644155,42.988561],[-85.649595,42.988569],[-85.649800,42.998984],[-85.639901,42.998972]]]}},{"type":"Feature","properties":{"code":"0813400002023","mcd":"34000","jurisdiction":"Grand Rapids","ward":2,"precinct":23,"name":"Grand Rapids 2-23","voters":3047},"geometry":{"type":"Polygon","coordinates":[[[-85.649564,42.984500],[-85.639878,42.984432],[-85.639791,42.975439],[-85.639793,42.974263],[-85.639770,42.973359],[-85.639756,42.971501],[-85.639767,42.970815],[-85.639722,42.969988],[-85.639712,42.967894],[-85.644639,42.967883],[-85.644561,42.962783],[-85.647363,42.962797],[-85.650045,42.962833],[-85.650087,42.965083],[-85.649505,42.965069],[-85.649520,42.965975],[-85.651154,42.966008],[-85.651153,42.966501],[-85.651199,42.967305],[-85.652001,42.967323],[-85.652027,42.968073],[-85.654483,42.968106],[-85.654496,42.968862],[-85.652034,42.968831],[-85.652056,42.969176],[-85.652048,42.970100],[-85.649587,42.970058],[-85.649638,42.973500],[-85.648606,42.973598],[-85.648041,42.973621],[-85.647131,42.973603],[-85.647158,42.974639],[-85.647150,42.975014],[-85.646324,42.975015],[-85.646373,42.977769],[-85.646367,42.980033],[-85.647691,42.980038],[-85.647929,42.980046],[-85.648028,42.980064],[-85.649596,42.980959],[-85.649643,42.981033],[-85.649643,42.980846],[-85.649663,42.981064],[-85.649686,42.981834],[-85.649707,42.981898],[-85.649693,42.982649],[-85.649705,42.982970],[-85.649698,42.983158],[-85.649589,42.983732],[-85.649555,42.984023],[-85.649564,42.984500]]]}},{"type":"Feature","properties":{"code":"0813400002024","mcd":"34000","jurisdiction":"Grand Rapids","ward":2,"precinct":24,"name":"Grand Rapids 2-24","voters":3490},"geometry":{"type":"Polygon","coordinates":[[[-85.651230,42.999024],[-85.650219,42.998982],[-85.649800,42.998984],[-85.649595,42.988569],[-85.644155,42.988561],[-85.642043,42.988544],[-85.641708,42.988489],[-85.640845,42.988182],[-85.640565,42.988135],[-85.640130,42.988089],[-85.639874,42.988082],[-85.639878,42.984432],[-85.649564,42.984500],[-85.651796,42.984534],[-85.654641,42.984521],[-85.659592,42.984549],[-85.664552,42.984595],[-85.666887,42.984624],[-85.667358,42.984645],[-85.667303,42.984781],[-85.666638,42.986079],[-85.666565,42.986191],[-85.664999,42.988224],[-85.659350,42.995452],[-85.658813,42.996162],[-85.656569,42.999044],[-85.652208,42.999040],[-85.651230,42.999024]]]}},{"type":"Feature","properties":{"code":"0813400002025","mcd":"34000","jurisdiction":"Grand Rapids","ward":2,"precinct":25,"name":"Grand Rapids 2-25","voters":1709},"geometry":{"type":"Polygon","coordinates":[[[-85.630019,42.973659],[-85.629996,42.969967],[-85.625069,42.969965],[-85.625001,42.968174],[-85.622107,42.968169],[-85.622055,42.968166],[-85.621983,42.968118],[-85.621962,42.968080],[-85.621937,42.966658],[-85.621935,42.965296],[-85.622710,42.965285],[-85.622599,42.965106],[-85.622561,42.964941],[-85.622574,42.964756],[-85.622615,42.964515],[-85.622651,42.964400],[-85.622473,42.964463],[-85.622317,42.964491],[-85.622200,42.964477],[-85.622063,42.964438],[-85.621966,42.964374],[-85.621885,42.964208],[-85.621872,42.964127],[-85.621872,42.962758],[-85.633767,42.962720],[-85.639674,42.962744],[-85.639672,42.963760],[-85.639724,42.968752],[-85.639722,42.969988],[-85.639767,42.970815],[-85.639756,42.971501],[-85.639770,42.973359],[-85.634963,42.973306],[-85.634003,42.973311],[-85.633339,42.973359],[-85.632808,42.973411],[-85.632241,42.973518],[-85.631462,42.973734],[-85.631136,42.973831],[-85.630829,42.973948],[-85.630013,42.974314],[-85.629998,42.973746],[-85.630019,42.973659]]]}},{"type":"Feature","properties":{"code":"0813400002026","mcd":"34000","jurisdiction":"Grand Rapids","ward":2,"precinct":26,"name":"Grand Rapids 2-26","voters":2544},"geometry":{"type":"Polygon","coordinates":[[[-85.673701,42.992800],[-85.673525,42.995589],[-85.672016,42.995545],[-85.672012,42.995741],[-85.671953,42.996079],[-85.671978,42.996683],[-85.671955,42.996738],[-85.671944,42.996850],[-85.671836,42.997062],[-85.671892,42.997159],[-85.671910,42.997233],[-85.671874,42.997336],[-85.671902,42.997403],[-85.671909,42.997523],[-85.671867,42.997593],[-85.671877,42.997719],[-85.671864,42.997922],[-85.671838,42.998004],[-85.671898,42.998075],[-85.671904,42.998127],[-85.671876,42.998187],[-85.671797,42.998249],[-85.671791,42.998276],[-85.671816,42.998351],[-85.671882,42.998405],[-85.671952,42.998497],[-85.671947,42.998553],[-85.671909,42.998630],[-85.671896,42.998703],[-85.671902,42.998873],[-85.671940,42.999020],[-85.671905,42.999110],[-85.670477,42.999079],[-85.670352,42.999171],[-85.669710,42.999175],[-85.662126,42.999078],[-85.660889,42.999083],[-85.659712,42.999059],[-85.656569,42.999044],[-85.658813,42.996162],[-85.659350,42.995452],[-85.664999,42.988224],[-85.666565,42.986191],[-85.666638,42.986079],[-85.667303,42.984781],[-85.667358,42.984645],[-85.667945,42.984679],[-85.668514,42.984688],[-85.670719,42.984708],[-85.671731,42.984702],[-85.673243,42.984737],[-85.673701,42.992800]]]}},{"type":"Feature","properties":{"code":"0813400002027","mcd":"34000","jurisdiction":"Grand Rapids","ward":2,"precinct":27,"name":"Grand Rapids 2-27","voters":2566},"geometry":{"type":"Polygon","coordinates":[[[-85.664552,42.984595],[-85.654641,42.984521],[-85.651796,42.984534],[-85.649564,42.984500],[-85.649555,42.984023],[-85.649589,42.983732],[-85.649698,42.983158],[-85.649705,42.982970],[-85.649693,42.982649],[-85.649707,42.981898],[-85.649686,42.981834],[-85.649663,42.981064],[-85.649643,42.980846],[-85.649643,42.981033],[-85.649596,42.980959],[-85.648028,42.980064],[-85.647929,42.980046],[-85.647691,42.980038],[-85.646367,42.980033],[-85.646373,42.977769],[-85.646324,42.975015],[-85.647150,42.975014],[-85.647158,42.974639],[-85.647131,42.973603],[-85.648041,42.973621],[-85.648606,42.973598],[-85.649638,42.973500],[-85.649587,42.970058],[-85.656986,42.970177],[-85.657010,42.971891],[-85.657398,42.971843],[-85.658224,42.971807],[-85.659558,42.971800],[-85.659423,42.971815],[-85.659502,42.973696],[-85.659486,42.974494],[-85.659342,42.974977],[-85.659435,42.975108],[-85.659453,42.975933],[-85.657036,42.975935],[-85.657056,42.977382],[-85.657051,42.979109],[-85.657080,42.980009],[-85.657084,42.980920],[-85.658937,42.980930],[-85.659289,42.980939],[-85.659823,42.980982],[-85.663229,42.981016],[-85.663220,42.979416],[-85.663379,42.979528],[-85.664151,42.980556],[-85.664894,42.981480],[-85.665398,42.982300],[-85.666559,42.983410],[-85.667358,42.984645],[-85.666887,42.984624],[-85.664552,42.984595]]]}},{"type":"Feature","properties":{"code":"0813400002028","mcd":"34000","jurisdiction":"Grand Rapids","ward":2,"precinct":28,"name":"Grand Rapids 2-28","voters":2843},"geometry":{"type":"Polygon","coordinates":[[[-85.635585,42.998959],[-85.629989,42.998959],[-85.629997,42.995402],[-85.630048,42.988086],[-85.630045,42.986569],[-85.630029,42.986027],[-85.630065,42.984451],[-85.630013,42.974314],[-85.630829,42.973948],[-85.631136,42.973831],[-85.631462,42.973734],[-85.632241,42.973518],[-85.632808,42.973411],[-85.633339,42.973359],[-85.634003,42.973311],[-85.634963,42.973306],[-85.639770,42.973359],[-85.639793,42.974263],[-85.639791,42.975439],[-85.639878,42.984432],[-85.639871,42.989747],[-85.639901,42.998972],[-85.635585,42.998959]]]}},{"type":"Feature","properties":{"code":"0813400002029","mcd":"34000","jurisdiction":"Grand Rapids","ward":2,"precinct":29,"name":"Grand Rapids 2-29","voters":2027},"geometry":{"type":"Polygon","coordinates":[[[-85.655648,43.017907],[-85.655956,43.016672],[-85.657061,43.016662],[-85.657612,43.016697],[-85.657978,43.016690],[-85.658132,43.016647],[-85.658183,43.016338],[-85.658182,43.015784],[-85.657086,43.015738],[-85.656289,43.015740],[-85.657313,43.013491],[-85.649651,43.013415],[-85.646167,43.013401],[-85.647360,43.011588],[-85.648307,43.010223],[-85.649409,43.008585],[-85.649880,43.007837],[-85.649930,43.007776],[-85.650756,43.008068],[-85.651228,43.008195],[-85.652347,43.008432],[-85.652834,43.008501],[-85.653254,43.008530],[-85.654359,43.008566],[-85.654905,43.008630],[-85.655247,43.008708],[-85.655891,43.008891],[-85.656100,43.008435],[-85.656149,43.008107],[-85.656156,43.006303],[-85.657542,43.006305],[-85.658904,43.006284],[-85.659133,43.006308],[-85.659461,43.006386],[-85.660170,43.006747],[-85.660710,43.006925],[-85.660875,43.006962],[-85.661587,43.007055],[-85.661816,43.007138],[-85.662042,43.007272],[-85.662305,43.007529],[-85.664283,43.006453],[-85.664569,43.006318],[-85.664960,43.006343],[-85.667189,43.006356],[-85.668253,43.006377],[-85.670279,43.000278],[-85.670330,43.000063],[-85.670340,42.999935],[-85.670352,42.999171],[-85.670477,42.999079],[-85.671905,42.999110],[-85.671936,42.999045],[-85.671902,42.998873],[-85.671896,42.998703],[-85.671909,42.998630],[-85.671947,42.998553],[-85.671952,42.998497],[-85.671882,42.998405],[-85.671816,42.998351],[-85.671791,42.998276],[-85.671797,42.998249],[-85.671876,42.998187],[-85.671904,42.998127],[-85.671898,42.998075],[-85.671838,42.998004],[-85.671864,42.997922],[-85.671877,42.997719],[-85.671867,42.997593],[-85.671909,42.997523],[-85.671902,42.997403],[-85.671874,42.997336],[-85.671910,42.997233],[-85.671892,42.997159],[-85.671836,42.997062],[-85.671944,42.996850],[-85.671955,42.996738],[-85.671978,42.996683],[-85.671953,42.996079],[-85.672012,42.995741],[-85.672016,42.995545],[-85.673525,42.995589],[-85.673253,42.996857],[-85.672905,42.999216],[-85.672810,43.000468],[-85.672508,43.003690],[-85.672942,43.009040],[-85.672865,43.011796],[-85.672656,43.013355],[-85.672478,43.013715],[-85.672359,43.014089],[-85.671475,43.015216],[-85.670423,43.015947],[-85.668680,43.016484],[-85.666411,43.017449],[-85.665035,43.018292],[-85.663796,43.019531],[-85.662991,43.020613],[-85.662781,43.020984],[-85.662592,43.021122],[-85.662428,43.021377],[-85.662424,43.021592],[-85.661347,43.023431],[-85.660949,43.025173],[-85.660520,43.029038],[-85.659513,43.029059],[-85.656086,43.028960],[-85.652864,43.028916],[-85.653007,43.028530],[-85.653953,43.024341],[-85.654162,43.023343],[-85.654649,43.021269],[-85.655166,43.019609],[-85.655493,43.018387],[-85.655648,43.017907]]]}},{"type":"Feature","properties":{"code":"0813400002030","mcd":"34000","jurisdiction":"Grand Rapids","ward":2,"precinct":30,"name":"Grand Rapids 2-30","voters":2587},"geometry":{"type":"Polygon","coordinates":[[[-85.639878,43.002277],[-85.639901,42.998972],[-85.650219,42.998982],[-85.650999,42.999021],[-85.652208,42.999040],[-85.656569,42.999044],[-85.655949,42.999829],[-85.655637,43.000251],[-85.655312,43.000638],[-85.655132,43.000902],[-85.654526,43.001675],[-85.654040,43.002325],[-85.652371,43.004461],[-85.652222,43.004672],[-85.651019,43.006224],[-85.650354,43.007201],[-85.650082,43.007546],[-85.649880,43.007837],[-85.649409,43.008585],[-85.648307,43.010223],[-85.647360,43.011588],[-85.646167,43.013401],[-85.639747,43.013391],[-85.639791,43.009069],[-85.639868,43.003822],[-85.639858,43.003088],[-85.639878,43.002277]]]}},{"type":"Feature","properties":{"code":"0813400002031","mcd":"34000","jurisdiction":"Grand Rapids","ward":2,"precinct":31,"name":"Grand Rapids 2-31","voters":2793},"geometry":{"type":"Polygon","coordinates":[[[-85.660504,42.971771],[-85.667256,42.971695],[-85.668379,42.971743],[-85.669485,42.971836],[-85.670169,42.971912],[-85.672345,42.972247],[-85.674822,42.972583],[-85.674585,42.976709],[-85.673243,42.984737],[-85.671731,42.984702],[-85.670719,42.984708],[-85.668514,42.984688],[-85.667945,42.984679],[-85.667358,42.984645],[-85.666559,42.983410],[-85.665398,42.982300],[-85.664894,42.981480],[-85.664151,42.980556],[-85.663379,42.979528],[-85.663220,42.979416],[-85.663229,42.981016],[-85.659823,42.980982],[-85.659289,42.980939],[-85.658937,42.980930],[-85.657084,42.980920],[-85.657080,42.980009],[-85.657051,42.979109],[-85.657056,42.977382],[-85.657036,42.975935],[-85.659453,42.975933],[-85.659435,42.975108],[-85.659342,42.974977],[-85.659486,42.974494],[-85.659502,42.973696],[-85.659423,42.971815],[-85.660504,42.971771]]]}},{"type":"Feature","properties":{"code":"0813400002032","mcd":"34000","jurisdiction":"Grand Rapids","ward":2,"precinct":32,"name":"Grand Rapids 2-32","voters":3460},"geometry":{"type":"Polygon","coordinates":[[[-85.655334,42.965209],[-85.655291,42.962945],[-85.654389,42.962928],[-85.654384,42.963639],[-85.654423,42.965186],[-85.650087,42.965083],[-85.650045,42.962833],[-85.649449,42.962822],[-85.649301,42.955599],[-85.657901,42.955744],[-85.664043,42.955884],[-85.664189,42.962065],[-85.664198,42.963154],[-85.663047,42.963111],[-85.656833,42.962978],[-85.656895,42.965233],[-85.655334,42.965209]]]}},{"type":"Feature","properties":{"code":"0813400002033","mcd":"34000","jurisdiction":"Grand Rapids","ward":2,"precinct":33,"name":"Grand Rapids 2-33","voters":1946},"geometry":{"type":"Polygon","coordinates":[[[-85.635182,42.957616],[-85.634449,42.957646],[-85.632157,42.957809],[-85.630348,42.957895],[-85.629848,42.957932],[-85.629813,42.954396],[-85.631645,42.955514],[-85.639550,42.955528],[-85.649301,42.955599],[-85.649409,42.960994],[-85.643419,42.959523],[-85.640697,42.958721],[-85.640322,42.958633],[-85.639894,42.958475],[-85.638473,42.958202],[-85.635896,42.957744],[-85.635401,42.957634],[-85.635182,42.957616]]]}},{"type":"Feature","properties":{"code":"0813400002034","mcd":"34000","jurisdiction":"Grand Rapids","ward":2,"precinct":34,"name":"Grand Rapids 2-34","voters":2617},"geometry":{"type":"Polygon","coordinates":[[[-85.653007,43.028530],[-85.652864,43.028916],[-85.649272,43.028846],[-85.635821,43.028649],[-85.635900,43.026837],[-85.633239,43.026794],[-85.632333,43.026627],[-85.632419,43.026371],[-85.632518,43.025965],[-85.632802,43.024193],[-85.632930,43.023206],[-85.633012,43.022756],[-85.633080,43.022519],[-85.633195,43.022197],[-85.633345,43.021862],[-85.633533,43.021544],[-85.633780,43.021194],[-85.634059,43.020872],[-85.634271,43.020654],[-85.634717,43.020270],[-85.635191,43.019941],[-85.635665,43.019663],[-85.636508,43.019290],[-85.637056,43.019103],[-85.639699,43.018359],[-85.641629,43.017793],[-85.642487,43.017494],[-85.643214,43.017164],[-85.643458,43.017017],[-85.643947,43.016656],[-85.644167,43.016465],[-85.644365,43.016271],[-85.644758,43.015787],[-85.646167,43.013401],[-85.649651,43.013415],[-85.657313,43.013491],[-85.656289,43.015740],[-85.657086,43.015738],[-85.658182,43.015784],[-85.658183,43.016338],[-85.658132,43.016647],[-85.657978,43.016690],[-85.657612,43.016697],[-85.657061,43.016662],[-85.655956,43.016672],[-85.655621,43.018021],[-85.655493,43.018387],[-85.655166,43.019609],[-85.654649,43.021269],[-85.654162,43.023343],[-85.653953,43.024341],[-85.653007,43.028530]]]}},{"type":"Feature","properties":{"code":"0813400002035","mcd":"34000","jurisdiction":"Grand Rapids","ward":2,"precinct":35,"name":"Grand Rapids 2-35","voters":1983},"geometry":{"type":"Polygon","coordinates":[[[-85.650957,43.006316],[-85.652371,43.004461],[-85.655132,43.000902],[-85.655312,43.000638],[-85.655637,43.000251],[-85.655949,42.999829],[-85.656569,42.999044],[-85.659712,42.999059],[-85.660889,42.999083],[-85.662126,42.999078],[-85.668011,42.999158],[-85.670352,42.999171],[-85.670340,42.999935],[-85.670330,43.000063],[-85.670279,43.000278],[-85.668253,43.006377],[-85.667189,43.006356],[-85.664960,43.006343],[-85.664569,43.006318],[-85.664283,43.006453],[-85.662305,43.007529],[-85.662042,43.007272],[-85.661816,43.007138],[-85.661587,43.007055],[-85.660875,43.006962],[-85.660710,43.006925],[-85.660170,43.006747],[-85.659461,43.006386],[-85.659133,43.006308],[-85.658904,43.006284],[-85.657542,43.006305],[-85.656156,43.006303],[-85.656149,43.008107],[-85.656100,43.008435],[-85.655891,43.008891],[-85.655247,43.008708],[-85.654905,43.008630],[-85.654359,43.008566],[-85.653254,43.008530],[-85.652834,43.008501],[-85.652347,43.008432],[-85.651228,43.008195],[-85.650756,43.008068],[-85.649930,43.007776],[-85.650082,43.007546],[-85.650354,43.007201],[-85.650957,43.006316]]]}},{"type":"Feature","properties":{"code":"0813400002036","mcd":"34000","jurisdiction":"Grand Rapids","ward":2,"precinct":36,"name":"Grand Rapids 2-36","voters":3865},"geometry":{"type":"Polygon","coordinates":[[[-85.625601,43.023659],[-85.624742,43.023351],[-85.624813,43.020602],[-85.622349,43.020582],[-85.622382,43.019897],[-85.622382,43.019495],[-85.624845,43.019515],[-85.624862,43.016979],[-85.625001,43.016704],[-85.625047,43.016448],[-85.625147,43.013374],[-85.625016,43.013374],[-85.625052,43.009769],[-85.620114,43.009733],[-85.620158,43.006129],[-85.610250,43.006051],[-85.610365,42.998819],[-85.623882,42.998921],[-85.625115,42.998948],[-85.639901,42.998972],[-85.639878,43.002277],[-85.639858,43.003088],[-85.639868,43.003822],[-85.639791,43.009069],[-85.639747,43.013391],[-85.646167,43.013401],[-85.644758,43.015787],[-85.644365,43.016271],[-85.643947,43.016656],[-85.643691,43.016854],[-85.643214,43.017164],[-85.642487,43.017494],[-85.641629,43.017793],[-85.639699,43.018359],[-85.637056,43.019103],[-85.636508,43.019290],[-85.636160,43.019439],[-85.635665,43.019663],[-85.635191,43.019941],[-85.634717,43.020270],[-85.634271,43.020654],[-85.634059,43.020872],[-85.633780,43.021194],[-85.633533,43.021544],[-85.633345,43.021862],[-85.633195,43.022197],[-85.633080,43.022519],[-85.633012,43.022756],[-85.632930,43.023206],[-85.632893,43.023536],[-85.631808,43.023441],[-85.630853,43.023422],[-85.630171,43.023456],[-85.629136,43.023560],[-85.628830,43.023609],[-85.628484,43.023678],[-85.627393,43.023978],[-85.627036,43.024009],[-85.626585,43.023971],[-85.625601,43.023659]]]}},{"type":"Feature","properties":{"code":"0813400002037","mcd":"34000","jurisdiction":"Grand Rapids","ward":2,"precinct":37,"name":"Grand Rapids 2-37","voters":2136},"geometry":{"type":"Polygon","coordinates":[[[-85.625115,42.998948],[-85.623882,42.998921],[-85.610365,42.998819],[-85.610472,42.991646],[-85.604699,42.991615],[-85.604768,42.984380],[-85.630065,42.984452],[-85.630029,42.986027],[-85.630045,42.986569],[-85.630048,42.988086],[-85.629997,42.995402],[-85.629989,42.998959],[-85.625115,42.998948]]]}},{"type":"Feature","properties":{"code":"0813400002038","mcd":"34000","jurisdiction":"Grand Rapids","ward":2,"precinct":38,"name":"Grand Rapids 2-38","voters":3061},"geometry":{"type":"Polygon","coordinates":[[[-85.595451,42.998800],[-85.595404,43.004148],[-85.590463,43.004124],[-85.590135,43.003901],[-85.587962,43.003926],[-85.587969,43.003302],[-85.586734,43.003316],[-85.586733,43.002967],[-85.586756,43.002965],[-85.586756,43.002412],[-85.586731,43.002412],[-85.586762,42.998830],[-85.590081,42.998799],[-85.590100,42.997189],[-85.590198,42.992492],[-85.590204,42.991438],[-85.590625,42.991436],[-85.590813,42.991560],[-85.595587,42.991571],[-85.595644,42.987949],[-85.592882,42.987947],[-85.592688,42.987996],[-85.592450,42.988029],[-85.590289,42.988014],[-85.590357,42.984355],[-85.590353,42.981998],[-85.590377,42.980722],[-85.590508,42.978322],[-85.590492,42.977132],[-85.583547,42.977220],[-85.580862,42.977270],[-85.580806,42.970095],[-85.581048,42.970170],[-85.581505,42.970377],[-85.582417,42.970855],[-85.582595,42.970918],[-85.582864,42.970986],[-85.583287,42.971021],[-85.584915,42.971042],[-85.584944,42.969953],[-85.590295,42.969875],[-85.590708,42.969818],[-85.590718,42.972592],[-85.593095,42.973200],[-85.598425,42.974494],[-85.599029,42.974654],[-85.601133,42.975137],[-85.606245,42.976347],[-85.606872,42.976474],[-85.607619,42.976570],[-85.608127,42.976605],[-85.610464,42.976607],[-85.622901,42.976603],[-85.623510,42.976581],[-85.624224,42.976499],[-85.624932,42.976378],[-85.625534,42.976216],[-85.626048,42.976042],[-85.627440,42.975453],[-85.630013,42.974314],[-85.630065,42.984452],[-85.604768,42.984380],[-85.604699,42.991615],[-85.600534,42.991581],[-85.600526,42.991968],[-85.599746,42.991962],[-85.599695,42.995115],[-85.600484,42.995123],[-85.600484,42.995202],[-85.600482,42.995288],[-85.599696,42.995282],[-85.599658,42.997476],[-85.600440,42.997483],[-85.600438,42.997648],[-85.599653,42.997642],[-85.599646,42.998172],[-85.597545,42.998162],[-85.597538,42.998824],[-85.595451,42.998800]]]}},{"type":"Feature","properties":{"code":"0813400002039","mcd":"34000","jurisdiction":"Grand Rapids","ward":2,"precinct":39,"name":"Grand Rapids 2-39","voters":1914},"geometry":{"type":"Polygon","coordinates":[[[-85.590718,42.972592],[-85.590694,42.969127],[-85.590590,42.965899],[-85.590637,42.962676],[-85.591767,42.962674],[-85.595416,42.962621],[-85.596810,42.962294],[-85.597391,42.962179],[-85.602123,42.961378],[-85.604423,42.960962],[-85.605083,42.960857],[-85.606196,42.961493],[-85.607700,42.962490],[-85.608124,42.962701],[-85.608359,42.962747],[-85.608634,42.962773],[-85.611608,42.962782],[-85.613999,42.962757],[-85.616710,42.962755],[-85.616672,42.961308],[-85.619033,42.961305],[-85.619029,42.960917],[-85.620126,42.960917],[-85.620127,42.960832],[-85.622258,42.960827],[-85.622373,42.960807],[-85.622410,42.962754],[-85.621872,42.962758],[-85.621872,42.964127],[-85.621924,42.964309],[-85.621966,42.964374],[-85.622063,42.964438],[-85.622200,42.964477],[-85.622317,42.964491],[-85.622473,42.964463],[-85.622651,42.964400],[-85.622615,42.964515],[-85.622574,42.964756],[-85.622561,42.964941],[-85.622599,42.965106],[-85.622710,42.965285],[-85.621935,42.965296],[-85.621937,42.966658],[-85.621962,42.968080],[-85.621983,42.968118],[-85.622055,42.968166],[-85.622107,42.968169],[-85.625001,42.968174],[-85.625069,42.969965],[-85.629996,42.969967],[-85.630026,42.973487],[-85.630019,42.973659],[-85.629998,42.973746],[-85.630013,42.974314],[-85.627440,42.975453],[-85.626048,42.976042],[-85.625534,42.976216],[-85.624932,42.976378],[-85.624224,42.976499],[-85.623510,42.976581],[-85.622901,42.976603],[-85.610464,42.976607],[-85.608127,42.976605],[-85.607619,42.976570],[-85.606872,42.976474],[-85.606245,42.976347],[-85.601133,42.975137],[-85.599029,42.974654],[-85.598425,42.974494],[-85.593095,42.973200],[-85.590718,42.972592]]]}},{"type":"Feature","properties":{"code":"0813400002040","mcd":"34000","jurisdiction":"Grand Rapids","ward":2,"precinct":40,"name":"Grand Rapids 2-40","voters":2578},"geometry":{"type":"Polygon","coordinates":[[[-85.669485,42.971836],[-85.668379,42.971743],[-85.667256,42.971695],[-85.664403,42.971715],[-85.660504,42.971771],[-85.659558,42.971800],[-85.658224,42.971807],[-85.657398,42.971843],[-85.657010,42.971891],[-85.656986,42.970177],[-85.652048,42.970100],[-85.652056,42.969176],[-85.652034,42.968831],[-85.654496,42.968862],[-85.654483,42.968106],[-85.652027,42.968073],[-85.652001,42.967323],[-85.651199,42.967305],[-85.651153,42.966501],[-85.651154,42.966008],[-85.649520,42.965975],[-85.649505,42.965069],[-85.654423,42.965186],[-85.654384,42.963639],[-85.654389,42.962928],[-85.655291,42.962945],[-85.655334,42.965209],[-85.656895,42.965233],[-85.656833,42.962978],[-85.663047,42.963111],[-85.665995,42.963207],[-85.667907,42.963213],[-85.670277,42.963244],[-85.670807,42.963229],[-85.672218,42.963256],[-85.671882,42.963564],[-85.672764,42.964219],[-85.673329,42.964492],[-85.673415,42.964556],[-85.673477,42.964626],[-85.673498,42.964705],[-85.673498,42.964805],[-85.674340,42.964791],[-85.674793,42.964747],[-85.674780,42.964977],[-85.674645,42.965463],[-85.674535,42.966488],[-85.675506,42.966531],[-85.674836,42.970436],[-85.674822,42.972583],[-85.672345,42.972247],[-85.670169,42.971912],[-85.669485,42.971836]]]}},{"type":"Feature","properties":{"code":"0813400003041","mcd":"34000","jurisdiction":"Grand Rapids","ward":3,"precinct":41,"name":"Grand Rapids 3-41","voters":2117},"geometry":{"type":"Polygon","coordinates":[[[-85.645544,42.898330],[-85.626745,42.898187],[-85.626567,42.895323],[-85.626533,42.895020],[-85.626505,42.894093],[-85.626234,42.888749],[-85.626147,42.886628],[-85.626041,42.884788],[-85.625168,42.884799],[-85.625164,42.884188],[-85.626006,42.884179],[-85.625980,42.883679],[-85.631680,42.883738],[-85.633039,42.883735],[-85.635710,42.883763],[-85.645628,42.883814],[-85.645908,42.889302],[-85.645923,42.891237],[-85.642012,42.891206],[-85.642011,42.891274],[-85.642844,42.891286],[-85.642907,42.892553],[-85.642151,42.892546],[-85.642196,42.893904],[-85.641664,42.893900],[-85.641663,42.893927],[-85.641308,42.893925],[-85.641192,42.893970],[-85.641010,42.893969],[-85.641009,42.894038],[-85.640547,42.894035],[-85.640569,42.894444],[-85.640477,42.894374],[-85.640504,42.894493],[-85.645449,42.898230],[-85.645544,42.898330]]]}},{"type":"Feature","properties":{"code":"0813400003042","mcd":"34000","jurisdiction":"Grand Rapids","ward":3,"precinct":42,"name":"Grand Rapids 3-42","voters":2714},"geometry":{"type":"Polygon","coordinates":[[[-85.580306,42.941196],[-85.580145,42.937826],[-85.579716,42.930573],[-85.579582,42.926961],[-85.584454,42.926942],[-85.584404,42.926011],[-85.584271,42.924119],[-85.584033,42.921478],[-85.583962,42.920506],[-85.583965,42.919498],[-85.584161,42.919698],[-85.592728,42.919729],[-85.593237,42.919778],[-85.593725,42.926968],[-85.609133,42.927150],[-85.609354,42.929409],[-85.609458,42.930773],[-85.608151,42.930799],[-85.606928,42.930720],[-85.599521,42.930675],[-85.599563,42.931261],[-85.599563,42.931626],[-85.599506,42.932312],[-85.599635,42.932397],[-85.599753,42.934291],[-85.596792,42.934254],[-85.596669,42.934130],[-85.596548,42.934251],[-85.594290,42.934223],[-85.594162,42.934195],[-85.591339,42.934186],[-85.591392,42.935089],[-85.589264,42.936545],[-85.588538,42.936753],[-85.588616,42.937808],[-85.590035,42.937812],[-85.590169,42.940100],[-85.589579,42.940465],[-85.589099,42.940648],[-85.589123,42.941119],[-85.585073,42.941184],[-85.580306,42.941196]]]}},{"type":"Feature","properties":{"code":"0813400003043","mcd":"34000","jurisdiction":"Grand Rapids","ward":3,"precinct":43,"name":"Grand Rapids 3-43","voters":3007},"geometry":{"type":"Polygon","coordinates":[[[-85.593725,42.926968],[-85.593237,42.919778],[-85.592728,42.919729],[-85.592539,42.916914],[-85.594073,42.916927],[-85.595566,42.916909],[-85.596094,42.916884],[-85.595647,42.912581],[-85.598605,42.912601],[-85.598563,42.910155],[-85.598464,42.908375],[-85.600749,42.908657],[-85.601887,42.908838],[-85.603450,42.909041],[-85.605333,42.909405],[-85.606183,42.909600],[-85.607033,42.909825],[-85.607982,42.910110],[-85.607882,42.908680],[-85.613165,42.908761],[-85.613672,42.908781],[-85.613671,42.909380],[-85.613485,42.909493],[-85.613448,42.909531],[-85.613437,42.909633],[-85.613496,42.910381],[-85.613567,42.910436],[-85.613819,42.910446],[-85.613827,42.910985],[-85.612905,42.910986],[-85.612936,42.911558],[-85.613757,42.911556],[-85.613795,42.912417],[-85.613671,42.913276],[-85.613713,42.913623],[-85.614035,42.918195],[-85.614067,42.918265],[-85.614031,42.918347],[-85.613430,42.918798],[-85.613473,42.918797],[-85.613372,42.919271],[-85.613573,42.919437],[-85.613577,42.919909],[-85.613480,42.919910],[-85.613576,42.920361],[-85.613600,42.920571],[-85.614047,42.926611],[-85.614338,42.926607],[-85.614153,42.926980],[-85.614077,42.926981],[-85.614090,42.927129],[-85.609133,42.927150],[-85.593725,42.926968]]]}},{"type":"Feature","properties":{"code":"0813400003044","mcd":"34000","jurisdiction":"Grand Rapids","ward":3,"precinct":44,"name":"Grand Rapids 3-44","voters":2982},"geometry":{"type":"Polygon","coordinates":[[[-85.609458,42.930773],[-85.609354,42.929409],[-85.609133,42.927150],[-85.614090,42.927129],[-85.614077,42.926981],[-85.614153,42.926980],[-85.614338,42.926607],[-85.614047,42.926611],[-85.613600,42.920571],[-85.613576,42.920361],[-85.613480,42.919910],[-85.613577,42.919909],[-85.613573,42.919437],[-85.613372,42.919271],[-85.613473,42.918797],[-85.613430,42.918798],[-85.614031,42.918347],[-85.614067,42.918265],[-85.614035,42.918195],[-85.613713,42.913623],[-85.613671,42.913276],[-85.613764,42.912632],[-85.616701,42.912648],[-85.628048,42.912643],[-85.628220,42.912960],[-85.628595,42.913743],[-85.628893,42.914177],[-85.631195,42.917264],[-85.631606,42.917770],[-85.632865,42.919514],[-85.633103,42.919900],[-85.633263,42.921727],[-85.633372,42.922376],[-85.631879,42.921409],[-85.631536,42.921249],[-85.631177,42.921111],[-85.629886,42.920719],[-85.627542,42.920161],[-85.626669,42.919901],[-85.625759,42.919566],[-85.625838,42.919973],[-85.625953,42.921478],[-85.627858,42.921392],[-85.627953,42.922631],[-85.627955,42.922939],[-85.627918,42.923007],[-85.627795,42.923046],[-85.626078,42.923113],[-85.626216,42.924686],[-85.626402,42.927102],[-85.622659,42.927098],[-85.622925,42.930726],[-85.619822,42.930741],[-85.619420,42.930709],[-85.619256,42.930728],[-85.617907,42.930741],[-85.617624,42.930728],[-85.616831,42.930745],[-85.609458,42.930773]]]}},{"type":"Feature","properties":{"code":"0813400003045","mcd":"34000","jurisdiction":"Grand Rapids","ward":3,"precinct":45,"name":"Grand Rapids 3-45","voters":2500},"geometry":{"type":"Polygon","coordinates":[[[-85.613764,42.912632],[-85.613795,42.912417],[-85.613757,42.911556],[-85.612936,42.911558],[-85.612905,42.910986],[-85.613827,42.910985],[-85.613827,42.910519],[-85.613819,42.910446],[-85.613567,42.910436],[-85.613496,42.910381],[-85.613491,42.910322],[-85.613437,42.909633],[-85.613448,42.909531],[-85.613485,42.909493],[-85.613671,42.909380],[-85.613672,42.908781],[-85.613165,42.908761],[-85.612649,42.908762],[-85.612650,42.907504],[-85.612572,42.905426],[-85.612553,42.904467],[-85.612435,42.902779],[-85.612207,42.898183],[-85.616493,42.898180],[-85.616912,42.898263],[-85.617588,42.898225],[-85.617580,42.897978],[-85.617640,42.897754],[-85.617706,42.897638],[-85.618053,42.897163],[-85.618204,42.896913],[-85.618325,42.896567],[-85.618399,42.895992],[-85.618524,42.895683],[-85.618789,42.895200],[-85.618841,42.895024],[-85.626533,42.895020],[-85.626567,42.895323],[-85.626843,42.899876],[-85.626932,42.901129],[-85.626969,42.901416],[-85.627025,42.902428],[-85.627085,42.903088],[-85.627250,42.905869],[-85.627380,42.907623],[-85.627505,42.909825],[-85.627514,42.910596],[-85.627672,42.911510],[-85.627897,42.912284],[-85.628048,42.912643],[-85.616701,42.912648],[-85.613764,42.912632]]]}},{"type":"Feature","properties":{"code":"0813400003046","mcd":"34000","jurisdiction":"Grand Rapids","ward":3,"precinct":46,"name":"Grand Rapids 3-46","voters":3043},"geometry":{"type":"Polygon","coordinates":[[[-85.616925,42.898262],[-85.616493,42.898180],[-85.612207,42.898183],[-85.612193,42.897854],[-85.607123,42.897737],[-85.606970,42.894937],[-85.606888,42.893881],[-85.606850,42.892750],[-85.606736,42.890903],[-85.606411,42.883735],[-85.620127,42.883707],[-85.622972,42.883686],[-85.622981,42.884387],[-85.623003,42.884625],[-85.623040,42.884625],[-85.623044,42.884595],[-85.623570,42.884588],[-85.623617,42.885517],[-85.626076,42.885500],[-85.626147,42.886628],[-85.626234,42.888749],[-85.626505,42.894093],[-85.626533,42.895020],[-85.618841,42.895024],[-85.618789,42.895200],[-85.618524,42.895683],[-85.618399,42.895992],[-85.618325,42.896567],[-85.618204,42.896913],[-85.618053,42.897163],[-85.617706,42.897638],[-85.617640,42.897754],[-85.617580,42.897978],[-85.617588,42.898225],[-85.616925,42.898262]]]}},{"type":"Feature","properties":{"code":"0813400003047","mcd":"34000","jurisdiction":"Grand Rapids","ward":3,"precinct":47,"name":"Grand Rapids 3-47","voters":2617},"geometry":{"type":"Polygon","coordinates":[[[-85.656675,42.955726],[-85.649301,42.955599],[-85.649280,42.954664],[-85.649289,42.953760],[-85.649275,42.950150],[-85.649256,42.949288],[-85.651718,42.949310],[-85.654167,42.949359],[-85.654170,42.948471],[-85.663981,42.948662],[-85.664043,42.955884],[-85.656675,42.955726]]]}},{"type":"Feature","properties":{"code":"0813400003048","mcd":"34000","jurisdiction":"Grand Rapids","ward":3,"precinct":48,"name":"Grand Rapids 3-48","voters":1892},"geometry":{"type":"Polygon","coordinates":[[[-85.631645,42.955514],[-85.629813,42.954396],[-85.629742,42.948250],[-85.631541,42.948259],[-85.631521,42.947966],[-85.631536,42.947674],[-85.631579,42.947354],[-85.631642,42.947130],[-85.631781,42.946811],[-85.631938,42.946635],[-85.632086,42.946691],[-85.632980,42.947217],[-85.632761,42.947473],[-85.632697,42.947612],[-85.632678,42.947735],[-85.632694,42.947895],[-85.632808,42.948142],[-85.632839,42.948272],[-85.632854,42.950087],[-85.634621,42.950088],[-85.635500,42.950073],[-85.636995,42.950092],[-85.639470,42.950093],[-85.639500,42.951921],[-85.639494,42.953722],[-85.639550,42.955528],[-85.631645,42.955514]]]}},{"type":"Feature","properties":{"code":"0813400003049","mcd":"34000","jurisdiction":"Grand Rapids","ward":3,"precinct":49,"name":"Grand Rapids 3-49","voters":2662},"geometry":{"type":"Polygon","coordinates":[[[-85.648898,42.937288],[-85.648757,42.935482],[-85.648727,42.934927],[-85.648500,42.932335],[-85.648030,42.927344],[-85.657953,42.927402],[-85.662870,42.927457],[-85.663445,42.937038],[-85.658677,42.936939],[-85.658712,42.937385],[-85.648898,42.937288]]]}},{"type":"Feature","properties":{"code":"0813400003050","mcd":"34000","jurisdiction":"Grand Rapids","ward":3,"precinct":50,"name":"Grand Rapids 3-50","voters":2350},"geometry":{"type":"Polygon","coordinates":[[[-85.584454,42.926942],[-85.569585,42.926993],[-85.569031,42.918554],[-85.569007,42.917945],[-85.568783,42.914408],[-85.568651,42.912549],[-85.583429,42.912509],[-85.583576,42.914197],[-85.583904,42.918972],[-85.583965,42.919498],[-85.583962,42.920506],[-85.584033,42.921478],[-85.584271,42.924119],[-85.584404,42.926011],[-85.584454,42.926942]]]}},{"type":"Feature","properties":{"code":"0813400003051","mcd":"34000","jurisdiction":"Grand Rapids","ward":3,"precinct":51,"name":"Grand Rapids 3-51","voters":2108},"geometry":{"type":"Polygon","coordinates":[[[-85.626843,42.899876],[-85.626745,42.898187],[-85.645544,42.898330],[-85.646316,42.898914],[-85.646348,42.899136],[-85.646404,42.899728],[-85.646481,42.901021],[-85.646688,42.905588],[-85.646733,42.906168],[-85.647088,42.912806],[-85.628048,42.912643],[-85.627897,42.912284],[-85.627672,42.911510],[-85.627514,42.910596],[-85.627505,42.909825],[-85.627380,42.907623],[-85.627250,42.905869],[-85.627085,42.903088],[-85.627025,42.902428],[-85.626969,42.901416],[-85.626932,42.901129],[-85.626843,42.899876]]]}},{"type":"Feature","properties":{"code":"0813400003052","mcd":"34000","jurisdiction":"Grand Rapids","ward":3,"precinct":52,"name":"Grand Rapids 3-52","voters":3859},"geometry":{"type":"Polygon","coordinates":[[[-85.649070,42.940144],[-85.648898,42.937288],[-85.658712,42.937385],[-85.658677,42.936939],[-85.663445,42.937038],[-85.663680,42.941086],[-85.663909,42.941420],[-85.663981,42.948662],[-85.654170,42.948471],[-85.654164,42.947576],[-85.653847,42.947558],[-85.649255,42.947455],[-85.649253,42.945881],[-85.649197,42.943315],[-85.649175,42.941143],[-85.649070,42.940144]]]}},{"type":"Feature","properties":{"code":"0813400003053","mcd":"34000","jurisdiction":"Grand Rapids","ward":3,"precinct":53,"name":"Grand Rapids 3-53","voters":2925},"geometry":{"type":"Polygon","coordinates":[[[-85.645739,42.950136],[-85.645746,42.949265],[-85.642961,42.949239],[-85.642920,42.950107],[-85.639470,42.950093],[-85.639393,42.944654],[-85.639411,42.941048],[-85.641228,42.941056],[-85.649175,42.941143],[-85.649197,42.943315],[-85.649253,42.945881],[-85.649255,42.947455],[-85.653847,42.947558],[-85.654164,42.947576],[-85.654167,42.949359],[-85.651718,42.949310],[-85.649256,42.949288],[-85.649275,42.950150],[-85.645739,42.950136]]]}},{"type":"Feature","properties":{"code":"0813400003054","mcd":"34000","jurisdiction":"Grand Rapids","ward":3,"precinct":54,"name":"Grand Rapids 3-54","voters":1654},"geometry":{"type":"Polygon","coordinates":[[[-85.632854,42.950087],[-85.632839,42.948272],[-85.632808,42.948142],[-85.632694,42.947895],[-85.632678,42.947735],[-85.632697,42.947612],[-85.632761,42.947473],[-85.632980,42.947217],[-85.632280,42.946800],[-85.632086,42.946691],[-85.631938,42.946635],[-85.631781,42.946811],[-85.631642,42.947130],[-85.631579,42.947354],[-85.631536,42.947674],[-85.631521,42.947966],[-85.631541,42.948259],[-85.629742,42.948250],[-85.629668,42.940998],[-85.639411,42.941048],[-85.639393,42.944654],[-85.639470,42.950093],[-85.636995,42.950092],[-85.635500,42.950073],[-85.634621,42.950088],[-85.632854,42.950087]]]}},{"type":"Feature","properties":{"code":"0813400003055","mcd":"34000","jurisdiction":"Grand Rapids","ward":3,"precinct":55,"name":"Grand Rapids 3-55","voters":2785},"geometry":{"type":"Polygon","coordinates":[[[-85.649175,42.941143],[-85.639411,42.941048],[-85.639208,42.938076],[-85.638710,42.938067],[-85.638506,42.935497],[-85.638443,42.934441],[-85.638501,42.934303],[-85.638632,42.934200],[-85.638817,42.934120],[-85.637822,42.932737],[-85.638236,42.932739],[-85.638005,42.929906],[-85.637806,42.927195],[-85.643245,42.927271],[-85.643314,42.928172],[-85.648112,42.928235],[-85.648500,42.932335],[-85.648727,42.934927],[-85.648757,42.935482],[-85.648898,42.937288],[-85.649070,42.940144],[-85.649175,42.941143]]]}},{"type":"Feature","properties":{"code":"0813400003056","mcd":"34000","jurisdiction":"Grand Rapids","ward":3,"precinct":56,"name":"Grand Rapids 3-56","voters":3828},"geometry":{"type":"Polygon","coordinates":[[[-85.637806,42.927195],[-85.630012,42.927111],[-85.626402,42.927102],[-85.626216,42.924686],[-85.626078,42.923113],[-85.627795,42.923046],[-85.627918,42.923007],[-85.627955,42.922939],[-85.627961,42.922822],[-85.627858,42.921392],[-85.625953,42.921478],[-85.625838,42.919973],[-85.625759,42.919566],[-85.626669,42.919901],[-85.627542,42.920161],[-85.629886,42.920719],[-85.631177,42.921111],[-85.631536,42.921249],[-85.631879,42.921409],[-85.633372,42.922376],[-85.633263,42.921727],[-85.633103,42.919900],[-85.632865,42.919514],[-85.631606,42.917770],[-85.631195,42.917264],[-85.628893,42.914177],[-85.628595,42.913743],[-85.628220,42.912960],[-85.628048,42.912643],[-85.647088,42.912806],[-85.647320,42.916679],[-85.647380,42.917375],[-85.647544,42.920069],[-85.647933,42.925594],[-85.648030,42.927344],[-85.648112,42.928235],[-85.643314,42.928172],[-85.643245,42.927271],[-85.637806,42.927195]]]}},{"type":"Feature","properties":{"code":"0813400003057","mcd":"34000","jurisdiction":"Grand Rapids","ward":3,"precinct":57,"name":"Grand Rapids 3-57","voters":2383},"geometry":{"type":"Polygon","coordinates":[[[-85.624752,42.941013],[-85.624883,42.940433],[-85.624866,42.939901],[-85.624733,42.938003],[-85.627964,42.937977],[-85.629718,42.937981],[-85.634362,42.938028],[-85.634093,42.934413],[-85.633625,42.934409],[-85.633048,42.927152],[-85.637806,42.927195],[-85.638005,42.929906],[-85.638236,42.932739],[-85.637822,42.932737],[-85.638817,42.934120],[-85.638632,42.934200],[-85.638501,42.934303],[-85.638443,42.934441],[-85.638506,42.935497],[-85.638710,42.938067],[-85.639208,42.938076],[-85.639411,42.941048],[-85.633412,42.941023],[-85.631157,42.940999],[-85.624752,42.941013]]]}},{"type":"Feature","properties":{"code":"0813400003058","mcd":"34000","jurisdiction":"Grand Rapids","ward":3,"precinct":58,"name":"Grand Rapids 3-58","voters":1724},"geometry":{"type":"Polygon","coordinates":[[[-85.649301,42.955599],[-85.639550,42.955528],[-85.639494,42.953722],[-85.639500,42.951921],[-85.639470,42.950093],[-85.642920,42.950107],[-85.642961,42.949239],[-85.645746,42.949265],[-85.645739,42.950136],[-85.649275,42.950150],[-85.649289,42.953760],[-85.649280,42.954664],[-85.649301,42.955599]]]}},{"type":"Feature","properties":{"code":"0813400003059","mcd":"34000","jurisdiction":"Grand Rapids","ward":3,"precinct":59,"name":"Grand Rapids 3-59","voters":3071},"geometry":{"type":"Polygon","coordinates":[[[-85.620009,42.941011],[-85.619780,42.937983],[-85.616719,42.937999],[-85.616555,42.935721],[-85.616480,42.934375],[-85.617073,42.934371],[-85.616986,42.933313],[-85.616952,42.932557],[-85.618735,42.932536],[-85.619496,42.932560],[-85.619374,42.932458],[-85.619264,42.930824],[-85.619420,42.930709],[-85.619822,42.930741],[-85.622925,42.930726],[-85.622659,42.927098],[-85.629084,42.927105],[-85.633048,42.927152],[-85.633625,42.934409],[-85.634093,42.934413],[-85.634362,42.938028],[-85.629718,42.937981],[-85.627964,42.937977],[-85.624733,42.938003],[-85.624866,42.939901],[-85.624883,42.940433],[-85.624752,42.941013],[-85.620009,42.941011]]]}},{"type":"Feature","properties":{"code":"0813402000001","mcd":"34020","jurisdiction":"Grand Rapids Township","ward":null,"precinct":1,"name":"Grand Rapids Twp 1","voters":3794},"geometry":{"type":"Polygon","coordinates":[[[-85.550909,43.005634],[-85.550795,43.002394],[-85.550437,42.994696],[-85.550513,42.991595],[-85.550279,42.984794],[-85.550447,42.977286],[-85.550952,42.974572],[-85.550947,42.973479],[-85.551018,42.970674],[-85.550059,42.965848],[-85.550364,42.963303],[-85.552081,42.963391],[-85.553148,42.963383],[-85.554957,42.963234],[-85.555649,42.963113],[-85.556427,42.962947],[-85.557067,42.962830],[-85.558275,42.962520],[-85.558693,42.962433],[-85.562965,42.961348],[-85.563485,42.961233],[-85.564174,42.961104],[-85.564800,42.961028],[-85.565463,42.960968],[-85.566426,42.960933],[-85.567170,42.960961],[-85.568552,42.961089],[-85.572630,42.961508],[-85.575319,42.961752],[-85.578390,42.962056],[-85.585300,42.962764],[-85.589934,42.962703],[-85.590637,42.962676],[-85.590590,42.965899],[-85.590708,42.969818],[-85.590295,42.969875],[-85.584944,42.969953],[-85.584915,42.971042],[-85.583287,42.971021],[-85.582864,42.970986],[-85.582595,42.970918],[-85.582417,42.970855],[-85.581505,42.970377],[-85.581048,42.970170],[-85.580806,42.970095],[-85.580805,42.970153],[-85.580862,42.977270],[-85.583547,42.977220],[-85.590492,42.977132],[-85.590508,42.978322],[-85.590377,42.980722],[-85.590353,42.981998],[-85.590357,42.984355],[-85.590289,42.988014],[-85.592450,42.988029],[-85.592688,42.987996],[-85.592882,42.987947],[-85.595644,42.987949],[-85.595587,42.991571],[-85.590813,42.991560],[-85.590625,42.991436],[-85.590204,42.991438],[-85.590198,42.992492],[-85.590100,42.997189],[-85.590081,42.998799],[-85.573068,42.998942],[-85.572517,42.998957],[-85.572049,42.998999],[-85.571276,42.999164],[-85.571004,42.999254],[-85.570388,42.999562],[-85.570034,42.999777],[-85.569593,43.000125],[-85.567502,43.001863],[-85.567231,43.002112],[-85.566742,43.002485],[-85.566561,43.002605],[-85.566163,43.002830],[-85.565534,43.003165],[-85.565169,43.003323],[-85.564386,43.003597],[-85.564002,43.003700],[-85.563141,43.003875],[-85.562285,43.003961],[-85.561850,43.003975],[-85.561303,43.003967],[-85.559373,43.003858],[-85.558748,43.003842],[-85.558447,43.003862],[-85.557873,43.003970],[-85.557397,43.004133],[-85.557163,43.004242],[-85.556945,43.004370],[-85.556496,43.004670],[-85.555988,43.004960],[-85.555465,43.005192],[-85.555012,43.005347],[-85.554816,43.005398],[-85.554330,43.005504],[-85.553956,43.005553],[-85.553498,43.005589],[-85.550909,43.005634]]]}},{"type":"Feature","properties":{"code":"0813402000002","mcd":"34020","jurisdiction":"Grand Rapids Township","ward":null,"precinct":2,"name":"Grand Rapids Twp 2","voters":1321},"geometry":{"type":"Polygon","coordinates":[[[-85.614726,43.013296],[-85.610969,43.013284],[-85.600279,43.013208],[-85.600305,43.009119],[-85.600423,42.998831],[-85.597538,42.998824],[-85.597545,42.998162],[-85.599646,42.998172],[-85.599653,42.997642],[-85.600438,42.997648],[-85.600440,42.997483],[-85.599658,42.997476],[-85.599696,42.995282],[-85.600482,42.995288],[-85.600484,42.995202],[-85.600484,42.995123],[-85.599695,42.995115],[-85.599746,42.991962],[-85.600526,42.991968],[-85.600534,42.991581],[-85.610472,42.991646],[-85.610250,43.006051],[-85.620158,43.006129],[-85.620114,43.009733],[-85.625052,43.009769],[-85.625016,43.013374],[-85.614726,43.013296]]]}},{"type":"Feature","properties":{"code":"0813402000003","mcd":"34020","jurisdiction":"Grand Rapids Township","ward":null,"precinct":3,"name":"Grand Rapids Twp 3","voters":1887},"geometry":{"type":"MultiPolygon","coordinates":[[[[-85.605083,42.960858],[-85.606127,42.960804],[-85.607143,42.960775],[-85.607883,42.960713],[-85.608440,42.960628],[-85.615595,42.959058],[-85.616615,42.958840],[-85.617269,42.958723],[-85.618897,42.958628],[-85.620433,42.958510],[-85.623239,42.958337],[-85.623209,42.958428],[-85.623224,42.959425],[-85.622366,42.959436],[-85.622373,42.960807],[-85.622258,42.960827],[-85.620127,42.960832],[-85.620126,42.960917],[-85.619029,42.960917],[-85.619033,42.961305],[-85.616672,42.961308],[-85.616710,42.962755],[-85.613999,42.962757],[-85.611608,42.962782],[-85.608634,42.962773],[-85.608359,42.962747],[-85.608124,42.962701],[-85.607700,42.962490],[-85.606196,42.961493],[-85.605083,42.960858]]],[[[-85.605083,42.960857],[-85.604423,42.960962],[-85.602123,42.961378],[-85.597391,42.962179],[-85.596810,42.962294],[-85.595416,42.962621],[-85.591767,42.962674],[-85.590637,42.962676],[-85.589934,42.962703],[-85.585300,42.962764],[-85.577462,42.961972],[-85.572768,42.958535],[-85.571652,42.957592],[-85.571230,42.957186],[-85.570443,42.956353],[-85.569773,42.955547],[-85.569219,42.954796],[-85.568652,42.953861],[-85.568323,42.953278],[-85.568002,42.952630],[-85.567755,42.951993],[-85.567448,42.951089],[-85.567200,42.950111],[-85.567118,42.949693],[-85.566873,42.947492],[-85.566607,42.944315],[-85.566318,42.941142],[-85.570525,42.941176],[-85.580306,42.941196],[-85.585073,42.941184],[-85.589635,42.941116],[-85.589299,42.941165],[-85.589209,42.941200],[-85.589110,42.941266],[-85.588902,42.941479],[-85.588834,42.941611],[-85.588714,42.941934],[-85.589615,42.941858],[-85.589896,42.942107],[-85.590252,42.942059],[-85.590364,42.946164],[-85.590572,42.956653],[-85.592996,42.957323],[-85.595477,42.958034],[-85.603214,42.960158],[-85.603970,42.960387],[-85.604828,42.960731],[-85.605083,42.960857]]]]}},{"type":"Feature","properties":{"code":"0813402000004","mcd":"34020","jurisdiction":"Grand Rapids Township","ward":null,"precinct":4,"name":"Grand Rapids Twp 4","voters":3792},"geometry":{"type":"Polygon","coordinates":[[[-85.551574,43.028150],[-85.551160,43.019226],[-85.551056,43.013521],[-85.550971,43.010342],[-85.550919,43.007312],[-85.550909,43.005634],[-85.553498,43.005589],[-85.553956,43.005553],[-85.554330,43.005504],[-85.554816,43.005398],[-85.555012,43.005347],[-85.555465,43.005192],[-85.555988,43.004960],[-85.556496,43.004670],[-85.556945,43.004370],[-85.557163,43.004242],[-85.557397,43.004133],[-85.557873,43.003970],[-85.558447,43.003862],[-85.558748,43.003842],[-85.559373,43.003858],[-85.561303,43.003967],[-85.561850,43.003975],[-85.562285,43.003961],[-85.563141,43.003875],[-85.564002,43.003700],[-85.564386,43.003597],[-85.565169,43.003323],[-85.565534,43.003165],[-85.566163,43.002830],[-85.566561,43.002605],[-85.566742,43.002485],[-85.567231,43.002112],[-85.567502,43.001863],[-85.569593,43.000125],[-85.570034,42.999777],[-85.570388,42.999562],[-85.571004,42.999254],[-85.571276,42.999164],[-85.572049,42.998999],[-85.572517,42.998957],[-85.579871,42.998879],[-85.586762,42.998830],[-85.586731,43.002412],[-85.586756,43.002412],[-85.586756,43.002965],[-85.586733,43.002967],[-85.586734,43.003316],[-85.587969,43.003302],[-85.587962,43.003926],[-85.590135,43.003901],[-85.590463,43.004124],[-85.595404,43.004148],[-85.595451,42.998800],[-85.597242,42.998824],[-85.600423,42.998831],[-85.600305,43.009119],[-85.600279,43.013208],[-85.590066,43.013165],[-85.590075,43.014402],[-85.590098,43.014803],[-85.590290,43.016707],[-85.590383,43.017806],[-85.590403,43.018781],[-85.590271,43.020694],[-85.589957,43.024567],[-85.589909,43.028145],[-85.587238,43.028096],[-85.581549,43.028071],[-85.572451,43.027992],[-85.561070,43.027861],[-85.560220,43.027916],[-85.557655,43.027956],[-85.551574,43.028150]]]}},{"type":"Feature","properties":{"code":"0813402000005","mcd":"34020","jurisdiction":"Grand Rapids Township","ward":null,"precinct":5,"name":"Grand Rapids Twp 5","voters":2024},"geometry":{"type":"Polygon","coordinates":[[[-85.550392,42.963039],[-85.550452,42.954698],[-85.550916,42.948262],[-85.550886,42.947817],[-85.550880,42.945805],[-85.551531,42.944708],[-85.551488,42.944520],[-85.551379,42.944310],[-85.550950,42.943752],[-85.550895,42.943631],[-85.550867,42.943496],[-85.550872,42.942822],[-85.550823,42.941309],[-85.550741,42.941037],[-85.553260,42.941013],[-85.555735,42.941041],[-85.560484,42.941168],[-85.566318,42.941142],[-85.566607,42.944315],[-85.566873,42.947492],[-85.567118,42.949693],[-85.567200,42.950111],[-85.567448,42.951089],[-85.567755,42.951993],[-85.568002,42.952630],[-85.568323,42.953278],[-85.568652,42.953861],[-85.569219,42.954796],[-85.569773,42.955547],[-85.570443,42.956353],[-85.571230,42.957186],[-85.571652,42.957592],[-85.572768,42.958535],[-85.577462,42.961972],[-85.575319,42.961752],[-85.572630,42.961508],[-85.568552,42.961089],[-85.567170,42.960961],[-85.566426,42.960933],[-85.565463,42.960968],[-85.564174,42.961104],[-85.563485,42.961233],[-85.562965,42.961348],[-85.558693,42.962433],[-85.558275,42.962520],[-85.557067,42.962830],[-85.556427,42.962947],[-85.555649,42.963113],[-85.554957,42.963234],[-85.554006,42.963321],[-85.553148,42.963383],[-85.552081,42.963391],[-85.550364,42.963303],[-85.550392,42.963039]]]}},{"type":"Feature","properties":{"code":"0813402000006","mcd":"34020","jurisdiction":"Grand Rapids Township","ward":null,"precinct":6,"name":"Grand Rapids Twp 6","voters":3021},"geometry":{"type":"Polygon","coordinates":[[[-85.635821,43.028649],[-85.628750,43.028535],[-85.625109,43.028503],[-85.618035,43.028387],[-85.615350,43.028322],[-85.615138,43.028293],[-85.614995,43.028239],[-85.614102,43.028515],[-85.610182,43.028351],[-85.606932,43.028300],[-85.602746,43.028156],[-85.602575,43.028197],[-85.602404,43.028214],[-85.602023,43.028218],[-85.600767,43.028198],[-85.589909,43.028145],[-85.589957,43.024567],[-85.590271,43.020694],[-85.590403,43.018781],[-85.590383,43.017806],[-85.590290,43.016707],[-85.590098,43.014803],[-85.590075,43.014402],[-85.590066,43.013165],[-85.600279,43.013208],[-85.625147,43.013374],[-85.625047,43.016448],[-85.625001,43.016704],[-85.624862,43.016979],[-85.624845,43.019515],[-85.622382,43.019495],[-85.622382,43.019897],[-85.622349,43.020582],[-85.624813,43.020602],[-85.624742,43.023351],[-85.625601,43.023659],[-85.626585,43.023971],[-85.627036,43.024009],[-85.627393,43.023978],[-85.628484,43.023678],[-85.628830,43.023609],[-85.629136,43.023560],[-85.630171,43.023456],[-85.630853,43.023422],[-85.631808,43.023441],[-85.632893,43.023536],[-85.632802,43.024193],[-85.632518,43.025965],[-85.632419,43.026371],[-85.632333,43.026627],[-85.633239,43.026794],[-85.635900,43.026837],[-85.635821,43.028649]]]}},{"type":"Feature","properties":{"code":"0813416000001","mcd":"34160","jurisdiction":"Grandville","ward":null,"precinct":1,"name":"Grandville 1","voters":2303},"geometry":{"type":"MultiPolygon","coordinates":[[[[-85.760393,42.919913],[-85.762459,42.917280],[-85.761952,42.917785],[-85.761181,42.918491],[-85.761718,42.917645],[-85.761894,42.917222],[-85.762223,42.916028],[-85.762456,42.915272],[-85.761904,42.914981],[-85.761665,42.914909],[-85.761597,42.914844],[-85.761476,42.914643],[-85.761405,42.914603],[-85.761278,42.914560],[-85.760960,42.914550],[-85.760885,42.914564],[-85.761019,42.916856],[-85.759090,42.916917],[-85.758954,42.914614],[-85.758771,42.914605],[-85.758730,42.914589],[-85.758707,42.914561],[-85.758661,42.913609],[-85.758412,42.913608],[-85.758328,42.912008],[-85.758284,42.911436],[-85.758295,42.911227],[-85.758199,42.909813],[-85.758116,42.908164],[-85.758002,42.906323],[-85.752834,42.906297],[-85.743925,42.906314],[-85.743864,42.902115],[-85.744182,42.902080],[-85.744196,42.901964],[-85.744193,42.901700],[-85.744167,42.901326],[-85.744240,42.901183],[-85.744829,42.901108],[-85.746262,42.901110],[-85.746566,42.900937],[-85.746677,42.900793],[-85.746809,42.900562],[-85.746950,42.900517],[-85.747264,42.900553],[-85.747743,42.900715],[-85.747999,42.900846],[-85.748203,42.901119],[-85.748333,42.901344],[-85.748669,42.901348],[-85.748759,42.901424],[-85.748783,42.901589],[-85.748660,42.901953],[-85.748513,42.902102],[-85.748641,42.902206],[-85.748828,42.902282],[-85.750134,42.902522],[-85.750345,42.902591],[-85.750860,42.902568],[-85.751368,42.902507],[-85.752092,42.902471],[-85.752486,42.902361],[-85.752715,42.902254],[-85.752698,42.902144],[-85.752634,42.901985],[-85.752696,42.901754],[-85.752924,42.901547],[-85.753213,42.901450],[-85.753468,42.901464],[-85.753819,42.901454],[-85.753967,42.901402],[-85.754230,42.901458],[-85.754487,42.901577],[-85.754826,42.901689],[-85.755060,42.901785],[-85.755752,42.901941],[-85.756061,42.902047],[-85.756177,42.901870],[-85.756259,42.901533],[-85.756485,42.901278],[-85.756760,42.901241],[-85.756931,42.901173],[-85.757147,42.901132],[-85.757342,42.901168],[-85.757638,42.901010],[-85.757634,42.900845],[-85.757599,42.900653],[-85.757717,42.900553],[-85.758051,42.900450],[-85.758403,42.900467],[-85.758809,42.900567],[-85.758992,42.900724],[-85.759452,42.901213],[-85.759740,42.901391],[-85.759960,42.901493],[-85.760187,42.901622],[-85.760548,42.901700],[-85.760951,42.901678],[-85.761293,42.901614],[-85.761808,42.901563],[-85.762337,42.901804],[-85.762520,42.901934],[-85.762525,42.902170],[-85.762501,42.902429],[-85.762637,42.902493],[-85.763070,42.902444],[-85.763338,42.902391],[-85.764041,42.902404],[-85.764182,42.902320],[-85.764394,42.902108],[-85.764583,42.901976],[-85.764735,42.902016],[-85.764994,42.902216],[-85.765415,42.902624],[-85.765721,42.902895],[-85.765976,42.902963],[-85.766223,42.902965],[-85.766714,42.902855],[-85.767058,42.902828],[-85.767814,42.902891],[-85.768015,42.902822],[-85.768101,42.902689],[-85.768287,42.902643],[-85.768513,42.902689],[-85.768642,42.902770],[-85.768985,42.903068],[-85.769388,42.903355],[-85.769744,42.903537],[-85.770612,42.903889],[-85.771200,42.904063],[-85.771437,42.904291],[-85.771586,42.904290],[-85.771748,42.904156],[-85.771944,42.903922],[-85.772084,42.903805],[-85.772220,42.903765],[-85.772735,42.903846],[-85.773018,42.903782],[-85.773233,42.903713],[-85.773460,42.903804],[-85.773627,42.903945],[-85.773830,42.904278],[-85.774022,42.904517],[-85.774214,42.904708],[-85.774401,42.904738],[-85.774479,42.904875],[-85.774430,42.905024],[-85.774316,42.905240],[-85.774311,42.905361],[-85.774849,42.905635],[-85.775357,42.905741],[-85.779380,42.904988],[-85.782123,42.904505],[-85.782182,42.911330],[-85.779635,42.910888],[-85.778455,42.910707],[-85.777080,42.910650],[-85.775559,42.910700],[-85.775108,42.910771],[-85.773671,42.911054],[-85.773080,42.911269],[-85.772366,42.911677],[-85.770836,42.912389],[-85.768818,42.913472],[-85.767807,42.914298],[-85.767429,42.915300],[-85.765341,42.914473],[-85.765090,42.914722],[-85.764807,42.915083],[-85.764387,42.915674],[-85.762799,42.918049],[-85.762492,42.918405],[-85.761905,42.918960],[-85.761475,42.919304],[-85.760843,42.919681],[-85.760393,42.919913]]],[[[-85.767943,42.902300],[-85.767792,42.902236],[-85.767750,42.901720],[-85.768181,42.901593],[-85.768876,42.901585],[-85.769330,42.901491],[-85.769463,42.901412],[-85.769624,42.901256],[-85.769778,42.901150],[-85.769911,42.901088],[-85.770219,42.901122],[-85.770415,42.901213],[-85.770567,42.901316],[-85.770585,42.901420],[-85.770559,42.901586],[-85.770400,42.901852],[-85.770440,42.901967],[-85.770450,42.902071],[-85.770422,42.902137],[-85.770252,42.902216],[-85.770006,42.902258],[-85.769856,42.902254],[-85.769703,42.902086],[-85.769552,42.902022],[-85.769186,42.902032],[-85.768818,42.901976],[-85.768473,42.901953],[-85.768322,42.902202],[-85.767943,42.902300]]]]}},{"type":"Feature","properties":{"code":"0813416000002","mcd":"34160","jurisdiction":"Grandville","ward":null,"precinct":2,"name":"Grandville 2","voters":2124},"geometry":{"type":"Polygon","coordinates":[[[-85.734938,42.933635],[-85.734879,42.929904],[-85.735210,42.929940],[-85.737787,42.929372],[-85.740012,42.928562],[-85.744346,42.927180],[-85.744322,42.922359],[-85.744284,42.921037],[-85.742749,42.921016],[-85.742233,42.920990],[-85.741863,42.921045],[-85.738998,42.923316],[-85.738972,42.923104],[-85.738170,42.923734],[-85.734818,42.926435],[-85.734622,42.919463],[-85.734508,42.919125],[-85.734472,42.919093],[-85.734435,42.918478],[-85.734467,42.918340],[-85.734546,42.918223],[-85.734705,42.918133],[-85.734621,42.918067],[-85.734365,42.917794],[-85.734565,42.917677],[-85.734550,42.917300],[-85.734742,42.917213],[-85.734717,42.917104],[-85.734723,42.917021],[-85.734761,42.916940],[-85.734696,42.916878],[-85.734655,42.915604],[-85.734496,42.915607],[-85.734438,42.913922],[-85.734327,42.906604],[-85.734445,42.906489],[-85.743925,42.906314],[-85.752834,42.906297],[-85.758002,42.906323],[-85.758116,42.908164],[-85.758199,42.909813],[-85.758295,42.911227],[-85.758284,42.911436],[-85.758328,42.912008],[-85.758412,42.913608],[-85.758661,42.913609],[-85.758707,42.914561],[-85.758730,42.914589],[-85.758771,42.914605],[-85.758954,42.914614],[-85.759090,42.916917],[-85.761019,42.916856],[-85.760885,42.914564],[-85.760960,42.914550],[-85.761278,42.914560],[-85.761405,42.914603],[-85.761476,42.914643],[-85.761597,42.914844],[-85.761665,42.914909],[-85.761904,42.914981],[-85.762456,42.915272],[-85.762223,42.916028],[-85.761894,42.917222],[-85.761718,42.917645],[-85.761181,42.918491],[-85.761952,42.917785],[-85.762459,42.917280],[-85.760393,42.919913],[-85.760843,42.919681],[-85.761475,42.919304],[-85.761905,42.918960],[-85.762492,42.918405],[-85.762799,42.918049],[-85.764387,42.915674],[-85.764807,42.915083],[-85.765090,42.914722],[-85.765341,42.914473],[-85.767429,42.915300],[-85.764883,42.919676],[-85.764342,42.925603],[-85.764031,42.926572],[-85.762924,42.927654],[-85.762009,42.928024],[-85.759922,42.928797],[-85.756383,42.929676],[-85.753623,42.930401],[-85.751609,42.930674],[-85.748749,42.930701],[-85.745864,42.930641],[-85.742426,42.930425],[-85.740630,42.930663],[-85.739695,42.930891],[-85.737440,42.932068],[-85.734938,42.933635]]]}},{"type":"Feature","properties":{"code":"0813416000003","mcd":"34160","jurisdiction":"Grandville","ward":null,"precinct":3,"name":"Grandville 3","voters":2279},"geometry":{"type":"Polygon","coordinates":[[[-85.773627,42.903945],[-85.773460,42.903804],[-85.773233,42.903713],[-85.773018,42.903782],[-85.772735,42.903846],[-85.772220,42.903765],[-85.772084,42.903805],[-85.771944,42.903922],[-85.771748,42.904156],[-85.771586,42.904290],[-85.771437,42.904291],[-85.771200,42.904063],[-85.770612,42.903889],[-85.769744,42.903537],[-85.769388,42.903355],[-85.768985,42.903068],[-85.768642,42.902770],[-85.768513,42.902689],[-85.768287,42.902643],[-85.768101,42.902689],[-85.768015,42.902822],[-85.767814,42.902891],[-85.767058,42.902828],[-85.766714,42.902855],[-85.766223,42.902965],[-85.765976,42.902963],[-85.765721,42.902895],[-85.765415,42.902624],[-85.764994,42.902216],[-85.764735,42.902016],[-85.764583,42.901976],[-85.764394,42.902108],[-85.764182,42.902320],[-85.764041,42.902404],[-85.763338,42.902391],[-85.763070,42.902444],[-85.762701,42.902491],[-85.762632,42.900709],[-85.762572,42.899584],[-85.762524,42.896368],[-85.767392,42.896533],[-85.767381,42.892000],[-85.772300,42.892161],[-85.772321,42.890840],[-85.772309,42.890057],[-85.772311,42.885991],[-85.772289,42.885839],[-85.772234,42.885675],[-85.772069,42.885403],[-85.771860,42.885190],[-85.771575,42.884999],[-85.771406,42.884929],[-85.771771,42.884450],[-85.771972,42.884235],[-85.772234,42.883857],[-85.772338,42.883507],[-85.772369,42.877882],[-85.772351,42.877477],[-85.782281,42.877426],[-85.782265,42.878455],[-85.782267,42.885237],[-85.782209,42.893392],[-85.782075,42.899797],[-85.782071,42.902656],[-85.782106,42.903187],[-85.782123,42.904505],[-85.779380,42.904988],[-85.775357,42.905741],[-85.774849,42.905635],[-85.774311,42.905361],[-85.774316,42.905240],[-85.774430,42.905024],[-85.774479,42.904875],[-85.774401,42.904738],[-85.774214,42.904708],[-85.774022,42.904517],[-85.773830,42.904278],[-85.773627,42.903945]],[[-85.767943,42.902300],[-85.768322,42.902202],[-85.768473,42.901953],[-85.768818,42.901976],[-85.769186,42.902032],[-85.769552,42.902022],[-85.769703,42.902086],[-85.769856,42.902254],[-85.770006,42.902258],[-85.770252,42.902216],[-85.770422,42.902137],[-85.770450,42.902071],[-85.770440,42.901967],[-85.770400,42.901852],[-85.770559,42.901586],[-85.770585,42.901420],[-85.770567,42.901316],[-85.770415,42.901213],[-85.770219,42.901122],[-85.769911,42.901088],[-85.769778,42.901150],[-85.769624,42.901256],[-85.769463,42.901412],[-85.769330,42.901491],[-85.768876,42.901585],[-85.768181,42.901593],[-85.767750,42.901720],[-85.767792,42.902236],[-85.767943,42.902300]]]}},{"type":"Feature","properties":{"code":"0813416000004","mcd":"34160","jurisdiction":"Grandville","ward":null,"precinct":4,"name":"Grandville 4","voters":2134},"geometry":{"type":"Polygon","coordinates":[[[-85.748660,42.901953],[-85.748783,42.901589],[-85.748759,42.901424],[-85.748669,42.901348],[-85.748333,42.901344],[-85.748203,42.901119],[-85.747999,42.900846],[-85.747743,42.900715],[-85.747264,42.900553],[-85.746950,42.900517],[-85.746809,42.900562],[-85.746677,42.900793],[-85.746566,42.900937],[-85.746262,42.901110],[-85.744829,42.901108],[-85.744240,42.901183],[-85.744167,42.901326],[-85.744193,42.901700],[-85.744196,42.901964],[-85.744182,42.902080],[-85.743864,42.902115],[-85.743833,42.899213],[-85.743625,42.893073],[-85.743434,42.888464],[-85.748048,42.888447],[-85.748251,42.888474],[-85.748499,42.888550],[-85.748788,42.888673],[-85.749223,42.889068],[-85.749437,42.889202],[-85.749940,42.889413],[-85.750154,42.889483],[-85.749185,42.890911],[-85.749117,42.891136],[-85.749098,42.891813],[-85.754638,42.891781],[-85.755891,42.891827],[-85.756782,42.891878],[-85.757303,42.891917],[-85.758098,42.892002],[-85.758333,42.892012],[-85.760971,42.891995],[-85.762471,42.892003],[-85.762572,42.899574],[-85.762701,42.902491],[-85.762637,42.902493],[-85.762501,42.902429],[-85.762525,42.902170],[-85.762520,42.901934],[-85.762337,42.901804],[-85.761808,42.901563],[-85.761293,42.901614],[-85.760951,42.901678],[-85.760548,42.901700],[-85.760187,42.901622],[-85.759960,42.901493],[-85.759740,42.901391],[-85.759452,42.901213],[-85.758992,42.900724],[-85.758809,42.900567],[-85.758403,42.900467],[-85.758051,42.900450],[-85.757717,42.900553],[-85.757599,42.900653],[-85.757634,42.900845],[-85.757638,42.901010],[-85.757342,42.901168],[-85.757147,42.901132],[-85.756931,42.901173],[-85.756760,42.901241],[-85.756485,42.901278],[-85.756259,42.901533],[-85.756177,42.901870],[-85.756061,42.902047],[-85.755752,42.901941],[-85.755060,42.901785],[-85.754826,42.901689],[-85.754487,42.901577],[-85.754230,42.901458],[-85.753967,42.901402],[-85.753819,42.901454],[-85.753468,42.901464],[-85.753213,42.901450],[-85.752924,42.901547],[-85.752696,42.901754],[-85.752634,42.901985],[-85.752698,42.902144],[-85.752715,42.902254],[-85.752486,42.902361],[-85.752092,42.902471],[-85.751368,42.902507],[-85.750860,42.902568],[-85.750345,42.902591],[-85.750134,42.902522],[-85.748828,42.902282],[-85.748641,42.902206],[-85.748513,42.902102],[-85.748660,42.901953]]]}},{"type":"Feature","properties":{"code":"0813416000005","mcd":"34160","jurisdiction":"Grandville","ward":null,"precinct":5,"name":"Grandville 5","voters":2415},"geometry":{"type":"Polygon","coordinates":[[[-85.762471,42.892003],[-85.760971,42.891995],[-85.758333,42.892012],[-85.758098,42.892002],[-85.757303,42.891917],[-85.756782,42.891878],[-85.755891,42.891827],[-85.754638,42.891781],[-85.749098,42.891813],[-85.749117,42.891136],[-85.749185,42.890911],[-85.750351,42.889190],[-85.751326,42.887898],[-85.751403,42.887729],[-85.751430,42.887554],[-85.751371,42.887392],[-85.751235,42.887241],[-85.749919,42.886132],[-85.749852,42.886041],[-85.749777,42.885834],[-85.749745,42.884647],[-85.747144,42.884662],[-85.746834,42.884636],[-85.746573,42.884591],[-85.746335,42.884517],[-85.746152,42.884439],[-85.745718,42.884183],[-85.745389,42.884333],[-85.744808,42.884537],[-85.744404,42.884634],[-85.744105,42.884673],[-85.743275,42.884679],[-85.743213,42.877417],[-85.764996,42.877626],[-85.764967,42.874025],[-85.772344,42.874097],[-85.772351,42.877477],[-85.772369,42.877882],[-85.772338,42.883507],[-85.772234,42.883857],[-85.771972,42.884235],[-85.771771,42.884450],[-85.771406,42.884929],[-85.771575,42.884999],[-85.771860,42.885190],[-85.772069,42.885403],[-85.772234,42.885675],[-85.772289,42.885839],[-85.772311,42.885991],[-85.772309,42.890057],[-85.772321,42.890840],[-85.772300,42.892161],[-85.767381,42.892000],[-85.767392,42.896533],[-85.762524,42.896368],[-85.762471,42.892003]]]}},{"type":"Feature","properties":{"code":"0813416000006","mcd":"34160","jurisdiction":"Grandville","ward":null,"precinct":6,"name":"Grandville 6","voters":2259},"geometry":{"type":"Polygon","coordinates":[[[-85.733983,42.892330],[-85.733971,42.891978],[-85.732548,42.891988],[-85.733105,42.889402],[-85.733088,42.889317],[-85.733570,42.886792],[-85.733712,42.884728],[-85.733568,42.877432],[-85.743213,42.877417],[-85.743275,42.884679],[-85.744105,42.884673],[-85.744404,42.884634],[-85.744808,42.884537],[-85.745389,42.884333],[-85.745718,42.884183],[-85.746152,42.884439],[-85.746335,42.884517],[-85.746573,42.884591],[-85.746834,42.884636],[-85.747144,42.884662],[-85.749745,42.884647],[-85.749777,42.885834],[-85.749852,42.886041],[-85.749919,42.886132],[-85.751235,42.887241],[-85.751371,42.887392],[-85.751430,42.887554],[-85.751403,42.887729],[-85.751326,42.887898],[-85.750351,42.889190],[-85.750154,42.889483],[-85.749940,42.889413],[-85.749437,42.889202],[-85.749223,42.889068],[-85.748788,42.888673],[-85.748499,42.888550],[-85.748251,42.888474],[-85.748048,42.888447],[-85.743434,42.888464],[-85.743625,42.893073],[-85.743833,42.899213],[-85.743925,42.906314],[-85.734445,42.906489],[-85.734394,42.904596],[-85.734393,42.903369],[-85.734344,42.903117],[-85.734297,42.902988],[-85.734254,42.902536],[-85.734238,42.901485],[-85.734175,42.899717],[-85.734198,42.899510],[-85.734187,42.899281],[-85.734213,42.899251],[-85.733989,42.892496],[-85.734026,42.892429],[-85.733983,42.892330]]]}},{"type":"Feature","properties":{"code":"0813456000001","mcd":"34560","jurisdiction":"Grattan Township","ward":null,"precinct":1,"name":"Grattan Twp 1","voters":1637},"geometry":{"type":"Polygon","coordinates":[[[-85.312523,43.118800],[-85.312546,43.116986],[-85.312490,43.106226],[-85.312455,43.102571],[-85.312493,43.098928],[-85.312581,43.095244],[-85.312582,43.092767],[-85.312525,43.079986],[-85.312466,43.075849],[-85.312499,43.073424],[-85.312436,43.071794],[-85.312442,43.071264],[-85.312523,43.070270],[-85.312531,43.069782],[-85.312427,43.058881],[-85.317525,43.058822],[-85.332238,43.058588],[-85.341513,43.058559],[-85.352319,43.058434],[-85.356885,43.058328],[-85.362182,43.058255],[-85.367208,43.058147],[-85.372088,43.058088],[-85.374393,43.058041],[-85.375131,43.058057],[-85.375899,43.058045],[-85.379627,43.058063],[-85.382111,43.058040],[-85.384614,43.058064],[-85.384759,43.058091],[-85.384912,43.058207],[-85.384954,43.058296],[-85.384973,43.058433],[-85.385080,43.062327],[-85.385167,43.063033],[-85.385265,43.063367],[-85.385525,43.063969],[-85.385807,43.064456],[-85.386081,43.064782],[-85.386951,43.065681],[-85.387174,43.065968],[-85.387217,43.066109],[-85.387229,43.066259],[-85.387160,43.068996],[-85.387168,43.071496],[-85.387155,43.072571],[-85.388415,43.072574],[-85.392135,43.072543],[-85.401504,43.072568],[-85.411288,43.072456],[-85.420594,43.072534],[-85.420704,43.072523],[-85.420837,43.072484],[-85.420932,43.072422],[-85.421016,43.072318],[-85.421055,43.072187],[-85.421097,43.069289],[-85.421115,43.069118],[-85.421162,43.069019],[-85.421237,43.068947],[-85.421336,43.068916],[-85.421494,43.068903],[-85.422426,43.068892],[-85.427187,43.068957],[-85.430975,43.068976],[-85.430968,43.076357],[-85.430944,43.077576],[-85.430988,43.079110],[-85.430974,43.082637],[-85.431025,43.087180],[-85.431072,43.094445],[-85.431129,43.099435],[-85.431107,43.107881],[-85.431150,43.110847],[-85.431148,43.113787],[-85.431191,43.118039],[-85.427623,43.117962],[-85.423616,43.118127],[-85.422418,43.117903],[-85.421010,43.118107],[-85.406808,43.118238],[-85.397260,43.118300],[-85.387435,43.118341],[-85.376999,43.118406],[-85.374994,43.118376],[-85.370247,43.118604],[-85.367392,43.118450],[-85.365490,43.118683],[-85.362788,43.118508],[-85.358175,43.118575],[-85.352708,43.118563],[-85.341359,43.118574],[-85.321640,43.118714],[-85.312523,43.118800]]]}},{"type":"Feature","properties":{"code":"0813456000002","mcd":"34560","jurisdiction":"Grattan Township","ward":null,"precinct":2,"name":"Grattan Twp 2","voters":1699},"geometry":{"type":"Polygon","coordinates":[[[-85.388415,43.072574],[-85.387155,43.072571],[-85.387168,43.071496],[-85.387160,43.068996],[-85.387229,43.066259],[-85.387217,43.066109],[-85.387174,43.065968],[-85.386951,43.065681],[-85.386081,43.064782],[-85.385807,43.064456],[-85.385525,43.063969],[-85.385265,43.063367],[-85.385167,43.063033],[-85.385080,43.062327],[-85.384973,43.058433],[-85.384954,43.058296],[-85.384912,43.058207],[-85.384759,43.058091],[-85.384614,43.058064],[-85.382111,43.058040],[-85.379627,43.058063],[-85.375899,43.058045],[-85.375131,43.058057],[-85.374393,43.058041],[-85.372088,43.058088],[-85.367208,43.058147],[-85.362182,43.058255],[-85.356885,43.058328],[-85.352319,43.058434],[-85.341513,43.058559],[-85.332238,43.058588],[-85.317525,43.058822],[-85.312427,43.058881],[-85.312438,43.058131],[-85.312416,43.051642],[-85.312438,43.051233],[-85.312421,43.049903],[-85.312434,43.039925],[-85.312399,43.037069],[-85.312383,43.033408],[-85.312398,43.029738],[-85.317438,43.029720],[-85.322297,43.029677],[-85.337273,43.029483],[-85.347230,43.029386],[-85.352031,43.029358],[-85.366970,43.029198],[-85.371651,43.029159],[-85.372615,43.029163],[-85.373664,43.029098],[-85.373903,43.029120],[-85.375156,43.029093],[-85.376557,43.029092],[-85.378782,43.028917],[-85.380981,43.028974],[-85.383065,43.028963],[-85.391552,43.029005],[-85.411361,43.028886],[-85.416020,43.028770],[-85.430832,43.028752],[-85.431001,43.038340],[-85.430750,43.043503],[-85.430841,43.050187],[-85.430814,43.050794],[-85.430881,43.055960],[-85.430975,43.068976],[-85.427187,43.068957],[-85.422426,43.068892],[-85.421494,43.068903],[-85.421336,43.068916],[-85.421237,43.068947],[-85.421162,43.069019],[-85.421115,43.069118],[-85.421097,43.069289],[-85.421055,43.072187],[-85.421016,43.072318],[-85.420932,43.072422],[-85.420837,43.072484],[-85.420704,43.072523],[-85.420594,43.072534],[-85.411288,43.072456],[-85.401504,43.072568],[-85.392135,43.072543],[-85.388415,43.072574]]]}},{"type":"Feature","properties":{"code":"0814282001001","mcd":"42820","jurisdiction":"Kentwood","ward":1,"precinct":1,"name":"Kentwood 1-1","voters":2525},"geometry":{"type":"Polygon","coordinates":[[[-85.653763,42.883900],[-85.651925,42.883867],[-85.645628,42.883814],[-85.645351,42.876567],[-85.645241,42.872767],[-85.641087,42.872808],[-85.640889,42.872321],[-85.640802,42.869294],[-85.645151,42.869324],[-85.659846,42.869483],[-85.660254,42.869473],[-85.660455,42.869444],[-85.660817,42.869348],[-85.661125,42.869201],[-85.661485,42.869420],[-85.661736,42.869497],[-85.662277,42.869514],[-85.664233,42.869519],[-85.664282,42.871229],[-85.663287,42.871484],[-85.662905,42.871666],[-85.662684,42.871844],[-85.662458,42.872089],[-85.662081,42.872264],[-85.661671,42.872313],[-85.661292,42.872449],[-85.660998,42.872678],[-85.655548,42.872594],[-85.655978,42.879249],[-85.653584,42.880984],[-85.653763,42.883900]]]}},{"type":"Feature","properties":{"code":"0814282001002","mcd":"42820","jurisdiction":"Kentwood","ward":1,"precinct":2,"name":"Kentwood 1-2","voters":2833},"geometry":{"type":"MultiPolygon","coordinates":[[[[-85.645693,42.884990],[-85.645628,42.883814],[-85.650577,42.883863],[-85.650654,42.885681],[-85.649617,42.885671],[-85.649531,42.884938],[-85.649091,42.884932],[-85.649097,42.885025],[-85.645693,42.884990]]],[[[-85.645628,42.883814],[-85.635710,42.883763],[-85.633039,42.883735],[-85.631680,42.883738],[-85.625980,42.883679],[-85.625970,42.883312],[-85.625918,42.882579],[-85.625899,42.881715],[-85.625585,42.875306],[-85.625322,42.869176],[-85.635067,42.869259],[-85.635205,42.872843],[-85.635230,42.872830],[-85.635891,42.872823],[-85.640068,42.872800],[-85.641087,42.872808],[-85.645241,42.872767],[-85.645351,42.876567],[-85.645628,42.883814]]]]}},{"type":"Feature","properties":{"code":"0814282001003","mcd":"42820","jurisdiction":"Kentwood","ward":1,"precinct":3,"name":"Kentwood 1-3","voters":1945},"geometry":{"type":"Polygon","coordinates":[[[-85.635230,42.872830],[-85.635205,42.872843],[-85.635047,42.868632],[-85.635011,42.868508],[-85.634859,42.863443],[-85.634714,42.860394],[-85.634722,42.859983],[-85.634533,42.854755],[-85.644631,42.854827],[-85.644741,42.856428],[-85.644757,42.857270],[-85.644931,42.862080],[-85.645151,42.869324],[-85.640802,42.869294],[-85.640889,42.872321],[-85.641087,42.872808],[-85.640068,42.872800],[-85.635230,42.872830]]]}},{"type":"Feature","properties":{"code":"0814282001004","mcd":"42820","jurisdiction":"Kentwood","ward":1,"precinct":4,"name":"Kentwood 1-4","voters":1592},"geometry":{"type":"Polygon","coordinates":[[[-85.655978,42.879249],[-85.655548,42.872594],[-85.660998,42.872678],[-85.661292,42.872449],[-85.661671,42.872313],[-85.662081,42.872264],[-85.662458,42.872089],[-85.662684,42.871844],[-85.662905,42.871666],[-85.663287,42.871484],[-85.664282,42.871229],[-85.664404,42.874723],[-85.664457,42.876743],[-85.664871,42.887643],[-85.655677,42.887553],[-85.655597,42.886002],[-85.655521,42.883922],[-85.653764,42.883900],[-85.653584,42.880984],[-85.655978,42.879249]]]}},{"type":"Feature","properties":{"code":"0814282001005","mcd":"42820","jurisdiction":"Kentwood","ward":1,"precinct":5,"name":"Kentwood 1-5","voters":1283},"geometry":{"type":"Polygon","coordinates":[[[-85.662277,42.869514],[-85.661736,42.869497],[-85.661597,42.869460],[-85.661485,42.869420],[-85.661125,42.869201],[-85.660817,42.869348],[-85.660455,42.869444],[-85.660254,42.869473],[-85.659846,42.869483],[-85.645151,42.869324],[-85.644931,42.862080],[-85.654791,42.862164],[-85.655010,42.862210],[-85.655425,42.862224],[-85.660811,42.862189],[-85.663652,42.862189],[-85.663978,42.862201],[-85.664036,42.864349],[-85.664233,42.869519],[-85.662277,42.869514]]]}},{"type":"Feature","properties":{"code":"0814282001006","mcd":"42820","jurisdiction":"Kentwood","ward":1,"precinct":6,"name":"Kentwood 1-6","voters":2613},"geometry":{"type":"Polygon","coordinates":[[[-85.655425,42.862224],[-85.655010,42.862210],[-85.654791,42.862164],[-85.644931,42.862080],[-85.644757,42.857270],[-85.644741,42.856428],[-85.644631,42.854827],[-85.663743,42.854937],[-85.663836,42.858233],[-85.663978,42.862201],[-85.663652,42.862189],[-85.660811,42.862189],[-85.655425,42.862224]]]}},{"type":"Feature","properties":{"code":"0814282001007","mcd":"42820","jurisdiction":"Kentwood","ward":1,"precinct":7,"name":"Kentwood 1-7","voters":2130},"geometry":{"type":"Polygon","coordinates":[[[-85.625147,42.864901],[-85.624873,42.854688],[-85.634533,42.854755],[-85.634722,42.859983],[-85.634714,42.860394],[-85.634859,42.863443],[-85.635011,42.868508],[-85.635047,42.868632],[-85.635067,42.869259],[-85.625322,42.869176],[-85.625147,42.864901]]]}},{"type":"Feature","properties":{"code":"0814282001008","mcd":"42820","jurisdiction":"Kentwood","ward":1,"precinct":8,"name":"Kentwood 1-8","voters":2550},"geometry":{"type":"Polygon","coordinates":[[[-85.621487,42.869182],[-85.621489,42.868196],[-85.618772,42.868215],[-85.618276,42.868189],[-85.617959,42.868132],[-85.617370,42.867894],[-85.617072,42.867708],[-85.616798,42.867450],[-85.616633,42.867199],[-85.616534,42.866977],[-85.616473,42.866734],[-85.616455,42.866560],[-85.616448,42.866168],[-85.615794,42.866178],[-85.615514,42.866166],[-85.615309,42.866118],[-85.615113,42.866028],[-85.614577,42.865675],[-85.614418,42.865603],[-85.614085,42.865503],[-85.613729,42.865507],[-85.613150,42.865652],[-85.612861,42.865235],[-85.612123,42.864027],[-85.611910,42.863739],[-85.611774,42.863638],[-85.611493,42.863488],[-85.611329,42.863430],[-85.611071,42.863381],[-85.610898,42.863328],[-85.610752,42.863270],[-85.610485,42.863110],[-85.610283,42.862904],[-85.610169,42.862723],[-85.610130,42.862500],[-85.610144,42.860393],[-85.610127,42.860205],[-85.609928,42.859760],[-85.609899,42.859432],[-85.609491,42.859443],[-85.609296,42.859471],[-85.609096,42.859528],[-85.608920,42.859602],[-85.608478,42.859884],[-85.608102,42.860092],[-85.607663,42.860261],[-85.607470,42.859822],[-85.607385,42.859528],[-85.607341,42.859086],[-85.607365,42.858825],[-85.607434,42.858457],[-85.607420,42.858323],[-85.607352,42.858182],[-85.607208,42.858019],[-85.607041,42.857904],[-85.606769,42.857812],[-85.606440,42.857777],[-85.605914,42.857777],[-85.605922,42.857586],[-85.605968,42.857427],[-85.606061,42.857226],[-85.606176,42.857051],[-85.606346,42.856875],[-85.606620,42.856628],[-85.606741,42.856446],[-85.606868,42.856179],[-85.606904,42.855937],[-85.606873,42.854631],[-85.624873,42.854688],[-85.624972,42.857871],[-85.625147,42.864901],[-85.625322,42.869176],[-85.621487,42.869182]]]}},{"type":"Feature","properties":{"code":"0814282001009","mcd":"42820","jurisdiction":"Kentwood","ward":1,"precinct":9,"name":"Kentwood 1-9","voters":2430},"geometry":{"type":"Polygon","coordinates":[[[-85.623622,42.885516],[-85.623570,42.884588],[-85.623044,42.884595],[-85.623040,42.884625],[-85.623003,42.884625],[-85.622981,42.884387],[-85.622972,42.883686],[-85.620127,42.883707],[-85.612106,42.883717],[-85.612044,42.882742],[-85.611940,42.882453],[-85.611823,42.882204],[-85.611776,42.881936],[-85.611756,42.881613],[-85.611765,42.881391],[-85.611797,42.881214],[-85.611860,42.881058],[-85.611933,42.880931],[-85.612155,42.880684],[-85.610527,42.879816],[-85.609263,42.879326],[-85.609191,42.878364],[-85.609182,42.877760],[-85.609219,42.877537],[-85.609322,42.877360],[-85.609549,42.877189],[-85.609768,42.877078],[-85.610076,42.876974],[-85.610024,42.876792],[-85.610003,42.876653],[-85.609987,42.876222],[-85.610442,42.876207],[-85.610593,42.876182],[-85.610770,42.876127],[-85.611090,42.875929],[-85.611409,42.875597],[-85.610955,42.875382],[-85.610717,42.875296],[-85.610429,42.875227],[-85.610115,42.875188],[-85.609363,42.875135],[-85.609020,42.875076],[-85.608698,42.874949],[-85.608530,42.874859],[-85.608318,42.874703],[-85.608111,42.874508],[-85.607989,42.874326],[-85.607888,42.874051],[-85.607856,42.873622],[-85.608016,42.873615],[-85.608136,42.873589],[-85.608318,42.873511],[-85.608508,42.873479],[-85.609843,42.873512],[-85.609944,42.873489],[-85.610459,42.873293],[-85.610608,42.873261],[-85.611219,42.873255],[-85.611424,42.873264],[-85.611674,42.873347],[-85.611806,42.873425],[-85.612053,42.873615],[-85.612504,42.873468],[-85.612676,42.873370],[-85.612924,42.873288],[-85.613082,42.873151],[-85.613501,42.873070],[-85.613792,42.873071],[-85.613816,42.872906],[-85.614303,42.872704],[-85.614326,42.872666],[-85.614798,42.872404],[-85.615225,42.872290],[-85.615337,42.872317],[-85.615515,42.872445],[-85.615619,42.872599],[-85.615827,42.872847],[-85.616192,42.872986],[-85.616648,42.873021],[-85.616871,42.873082],[-85.617163,42.873127],[-85.617485,42.873007],[-85.617854,42.872645],[-85.618019,42.872558],[-85.618162,42.872349],[-85.618297,42.872218],[-85.618560,42.872098],[-85.619119,42.872215],[-85.619389,42.872101],[-85.619525,42.871936],[-85.619579,42.871661],[-85.619461,42.871452],[-85.619395,42.871281],[-85.619545,42.871133],[-85.619710,42.871079],[-85.619948,42.871184],[-85.620082,42.871273],[-85.620381,42.871329],[-85.620591,42.871159],[-85.620679,42.871131],[-85.621352,42.871206],[-85.621858,42.871231],[-85.622106,42.871272],[-85.622276,42.871336],[-85.622406,42.871409],[-85.622618,42.871617],[-85.622680,42.871761],[-85.622722,42.872066],[-85.625446,42.872070],[-85.625585,42.875306],[-85.625899,42.881715],[-85.625918,42.882579],[-85.625970,42.883312],[-85.626006,42.884179],[-85.625164,42.884188],[-85.625168,42.884799],[-85.626041,42.884788],[-85.626076,42.885500],[-85.623622,42.885516]]]}},{"type":"Feature","properties":{"code":"0814282001017","mcd":"42820","jurisdiction":"Kentwood","ward":1,"precinct":17,"name":"Kentwood 1-17","voters":2743},"geometry":{"type":"Polygon","coordinates":[[[-85.604252,42.883690],[-85.596524,42.883630],[-85.596371,42.880748],[-85.596175,42.876324],[-85.596204,42.876163],[-85.596284,42.875947],[-85.596497,42.875634],[-85.596755,42.875381],[-85.597346,42.874853],[-85.597606,42.874755],[-85.597888,42.874710],[-85.598163,42.874727],[-85.598440,42.874787],[-85.598838,42.874953],[-85.599359,42.875256],[-85.599413,42.875261],[-85.600134,42.875693],[-85.600680,42.875186],[-85.600924,42.874989],[-85.601130,42.874872],[-85.601484,42.874768],[-85.602938,42.874414],[-85.603449,42.874255],[-85.603687,42.874108],[-85.603872,42.873909],[-85.604151,42.873723],[-85.604307,42.873672],[-85.604573,42.873620],[-85.604864,42.873613],[-85.607856,42.873622],[-85.607888,42.874051],[-85.607989,42.874326],[-85.608111,42.874508],[-85.608318,42.874703],[-85.608530,42.874859],[-85.608698,42.874949],[-85.609020,42.875076],[-85.609363,42.875135],[-85.610115,42.875188],[-85.610429,42.875227],[-85.610717,42.875296],[-85.610955,42.875382],[-85.611409,42.875597],[-85.611090,42.875929],[-85.610770,42.876127],[-85.610593,42.876182],[-85.610442,42.876207],[-85.609987,42.876222],[-85.610003,42.876653],[-85.610024,42.876792],[-85.610076,42.876974],[-85.609768,42.877078],[-85.609549,42.877189],[-85.609322,42.877360],[-85.609219,42.877537],[-85.609182,42.877760],[-85.609191,42.878364],[-85.609263,42.879326],[-85.610527,42.879816],[-85.612155,42.880684],[-85.611933,42.880931],[-85.611860,42.881058],[-85.611797,42.881214],[-85.611765,42.881391],[-85.611756,42.881613],[-85.611776,42.881936],[-85.611823,42.882204],[-85.611940,42.882453],[-85.612044,42.882742],[-85.612106,42.883717],[-85.606411,42.883735],[-85.604252,42.883690]]]}},{"type":"Feature","properties":{"code":"0814282002010","mcd":"42820","jurisdiction":"Kentwood","ward":2,"precinct":10,"name":"Kentwood 2-10","voters":1770},"geometry":{"type":"Polygon","coordinates":[[[-85.600134,42.875693],[-85.596942,42.873776],[-85.596655,42.873580],[-85.596392,42.873333],[-85.596256,42.873163],[-85.596153,42.873021],[-85.596036,42.872749],[-85.595983,42.872549],[-85.595817,42.869973],[-85.595731,42.869062],[-85.590854,42.869074],[-85.590616,42.862460],[-85.590504,42.859843],[-85.590457,42.858194],[-85.590375,42.856704],[-85.590304,42.854564],[-85.606873,42.854631],[-85.606904,42.855937],[-85.606868,42.856179],[-85.606741,42.856446],[-85.606620,42.856628],[-85.606346,42.856875],[-85.606176,42.857051],[-85.606061,42.857226],[-85.605968,42.857427],[-85.605922,42.857586],[-85.605914,42.857777],[-85.606440,42.857777],[-85.606769,42.857812],[-85.607041,42.857904],[-85.607208,42.858019],[-85.607352,42.858182],[-85.607420,42.858323],[-85.607434,42.858457],[-85.607365,42.858825],[-85.607341,42.859086],[-85.607385,42.859528],[-85.607470,42.859822],[-85.607663,42.860261],[-85.608102,42.860092],[-85.608478,42.859884],[-85.608920,42.859602],[-85.609096,42.859528],[-85.609296,42.859471],[-85.609491,42.859443],[-85.609899,42.859432],[-85.609928,42.859760],[-85.610127,42.860205],[-85.610144,42.860393],[-85.610130,42.862500],[-85.610169,42.862723],[-85.610283,42.862904],[-85.610485,42.863110],[-85.610593,42.863186],[-85.610898,42.863328],[-85.611071,42.863381],[-85.611329,42.863430],[-85.611493,42.863488],[-85.611774,42.863638],[-85.611910,42.863739],[-85.612123,42.864027],[-85.612861,42.865235],[-85.613150,42.865652],[-85.613729,42.865507],[-85.614085,42.865503],[-85.614418,42.865603],[-85.614577,42.865675],[-85.615113,42.866028],[-85.615309,42.866118],[-85.615514,42.866166],[-85.615794,42.866178],[-85.616448,42.866168],[-85.616455,42.866560],[-85.616473,42.866734],[-85.616534,42.866977],[-85.616633,42.867199],[-85.616798,42.867450],[-85.617072,42.867708],[-85.617370,42.867894],[-85.617959,42.868132],[-85.618276,42.868189],[-85.618772,42.868215],[-85.621489,42.868196],[-85.621487,42.869182],[-85.625322,42.869176],[-85.625446,42.872070],[-85.622722,42.872066],[-85.622680,42.871761],[-85.622618,42.871617],[-85.622406,42.871409],[-85.622276,42.871336],[-85.622106,42.871272],[-85.621858,42.871231],[-85.621352,42.871206],[-85.620679,42.871131],[-85.620591,42.871159],[-85.620381,42.871329],[-85.620082,42.871273],[-85.619948,42.871184],[-85.619710,42.871079],[-85.619545,42.871133],[-85.619395,42.871281],[-85.619461,42.871452],[-85.619579,42.871661],[-85.619525,42.871936],[-85.619389,42.872101],[-85.619119,42.872215],[-85.618560,42.872098],[-85.618297,42.872218],[-85.618162,42.872349],[-85.618019,42.872558],[-85.617854,42.872645],[-85.617485,42.873007],[-85.617163,42.873127],[-85.616871,42.873082],[-85.616648,42.873021],[-85.616192,42.872986],[-85.615827,42.872847],[-85.615619,42.872599],[-85.615515,42.872445],[-85.615337,42.872317],[-85.615225,42.872290],[-85.614798,42.872404],[-85.614326,42.872666],[-85.614303,42.872704],[-85.613816,42.872906],[-85.613792,42.873071],[-85.613501,42.873070],[-85.613082,42.873151],[-85.612924,42.873288],[-85.612676,42.873370],[-85.612504,42.873468],[-85.612053,42.873615],[-85.611806,42.873425],[-85.611674,42.873347],[-85.611424,42.873264],[-85.611219,42.873255],[-85.610608,42.873261],[-85.610459,42.873293],[-85.609944,42.873489],[-85.609843,42.873512],[-85.608508,42.873479],[-85.608318,42.873511],[-85.608136,42.873589],[-85.608016,42.873615],[-85.604573,42.873620],[-85.604307,42.873672],[-85.604151,42.873723],[-85.603872,42.873909],[-85.603687,42.874108],[-85.603449,42.874255],[-85.602938,42.874414],[-85.601484,42.874768],[-85.601130,42.874872],[-85.600924,42.874989],[-85.600680,42.875186],[-85.600134,42.875693]]]}},{"type":"Feature","properties":{"code":"0814282002011","mcd":"42820","jurisdiction":"Kentwood","ward":2,"precinct":11,"name":"Kentwood 2-11","voters":2936},"geometry":{"type":"Polygon","coordinates":[[[-85.553464,42.869012],[-85.546233,42.859950],[-85.546216,42.859322],[-85.545922,42.856553],[-85.545857,42.855319],[-85.545837,42.854498],[-85.557457,42.854527],[-85.576877,42.854548],[-85.584350,42.854578],[-85.585343,42.854561],[-85.586155,42.854579],[-85.589316,42.854552],[-85.590304,42.854564],[-85.590375,42.856704],[-85.590457,42.858194],[-85.590504,42.859843],[-85.590616,42.862460],[-85.590854,42.869074],[-85.582283,42.869056],[-85.574521,42.869070],[-85.572984,42.869049],[-85.567720,42.869023],[-85.553464,42.869012]]]}},{"type":"Feature","properties":{"code":"0814282002012","mcd":"42820","jurisdiction":"Kentwood","ward":2,"precinct":12,"name":"Kentwood 2-12","voters":2248},"geometry":{"type":"Polygon","coordinates":[[[-85.581574,42.883522],[-85.565077,42.883568],[-85.561312,42.878866],[-85.559641,42.876739],[-85.556622,42.872984],[-85.553464,42.869012],[-85.567720,42.869023],[-85.572984,42.869049],[-85.574521,42.869070],[-85.582283,42.869056],[-85.593394,42.869075],[-85.593867,42.869062],[-85.595731,42.869062],[-85.595817,42.869973],[-85.595983,42.872549],[-85.596036,42.872749],[-85.596153,42.873021],[-85.596392,42.873333],[-85.596655,42.873580],[-85.596942,42.873776],[-85.599413,42.875261],[-85.599359,42.875256],[-85.598749,42.874906],[-85.598440,42.874787],[-85.598163,42.874727],[-85.597888,42.874710],[-85.597606,42.874755],[-85.597346,42.874853],[-85.596755,42.875381],[-85.596497,42.875634],[-85.596284,42.875947],[-85.596204,42.876163],[-85.596175,42.876324],[-85.596176,42.876530],[-85.596371,42.880748],[-85.596524,42.883630],[-85.592501,42.883593],[-85.588561,42.883532],[-85.586661,42.883522],[-85.584071,42.883536],[-85.581574,42.883522]]]}},{"type":"Feature","properties":{"code":"0814282002013","mcd":"42820","jurisdiction":"Kentwood","ward":2,"precinct":13,"name":"Kentwood 2-13","voters":2359},"geometry":{"type":"Polygon","coordinates":[[[-85.576587,42.898019],[-85.575169,42.896217],[-85.565077,42.883568],[-85.566968,42.883573],[-85.568069,42.883553],[-85.581574,42.883522],[-85.584071,42.883536],[-85.586661,42.883522],[-85.589808,42.883546],[-85.592501,42.883593],[-85.597203,42.883643],[-85.604252,42.883690],[-85.606411,42.883735],[-85.606736,42.890903],[-85.606850,42.892750],[-85.606888,42.893881],[-85.606970,42.894937],[-85.607123,42.897737],[-85.604414,42.897791],[-85.603746,42.897787],[-85.601496,42.897828],[-85.599565,42.897841],[-85.599484,42.897899],[-85.599126,42.898066],[-85.599026,42.897901],[-85.598776,42.897847],[-85.590157,42.897986],[-85.587508,42.898009],[-85.582872,42.897995],[-85.576587,42.898019]]]}},{"type":"Feature","properties":{"code":"0814282002014","mcd":"42820","jurisdiction":"Kentwood","ward":2,"precinct":14,"name":"Kentwood 2-14","voters":3458},"geometry":{"type":"Polygon","coordinates":[[[-85.561856,42.919985],[-85.561046,42.919986],[-85.560930,42.919999],[-85.559288,42.919996],[-85.559227,42.919058],[-85.559232,42.918552],[-85.559354,42.917994],[-85.559634,42.917431],[-85.559896,42.917103],[-85.560182,42.916800],[-85.560412,42.916593],[-85.560950,42.916262],[-85.561451,42.916039],[-85.559866,42.916122],[-85.557842,42.916100],[-85.552261,42.916176],[-85.550534,42.916176],[-85.549859,42.916153],[-85.549193,42.916157],[-85.549080,42.914478],[-85.548958,42.912147],[-85.548860,42.910614],[-85.548479,42.904819],[-85.547999,42.898054],[-85.547915,42.896459],[-85.547584,42.891547],[-85.547129,42.883567],[-85.547052,42.881701],[-85.546619,42.872632],[-85.546423,42.869000],[-85.546195,42.863588],[-85.546150,42.862182],[-85.546153,42.862063],[-85.546181,42.861960],[-85.546233,42.859950],[-85.556622,42.872984],[-85.559641,42.876739],[-85.561312,42.878866],[-85.572708,42.893130],[-85.576288,42.897626],[-85.576587,42.898019],[-85.577602,42.899258],[-85.580139,42.902438],[-85.580884,42.903399],[-85.581279,42.904011],[-85.581839,42.904944],[-85.581988,42.905252],[-85.582420,42.906278],[-85.582703,42.907110],[-85.582914,42.907867],[-85.583048,42.908558],[-85.583129,42.909154],[-85.583375,42.911783],[-85.583429,42.912509],[-85.568651,42.912549],[-85.568783,42.914408],[-85.569123,42.919984],[-85.564166,42.919983],[-85.561888,42.920016],[-85.561856,42.919985]]]}},{"type":"Feature","properties":{"code":"0814282002015","mcd":"42820","jurisdiction":"Kentwood","ward":2,"precinct":15,"name":"Kentwood 2-15","voters":2845},"geometry":{"type":"Polygon","coordinates":[[[-85.592728,42.919729],[-85.584161,42.919698],[-85.583965,42.919498],[-85.583904,42.918972],[-85.583576,42.914197],[-85.583445,42.912745],[-85.583375,42.911783],[-85.583129,42.909154],[-85.583048,42.908558],[-85.582914,42.907867],[-85.582703,42.907110],[-85.582420,42.906278],[-85.581988,42.905252],[-85.581839,42.904944],[-85.581279,42.904011],[-85.580884,42.903399],[-85.580139,42.902438],[-85.577602,42.899258],[-85.576587,42.898019],[-85.582872,42.897995],[-85.587508,42.898009],[-85.590157,42.897986],[-85.598776,42.897847],[-85.599026,42.897901],[-85.599126,42.898066],[-85.599484,42.897899],[-85.599565,42.897841],[-85.601496,42.897828],[-85.603746,42.897787],[-85.604414,42.897791],[-85.607123,42.897737],[-85.612193,42.897854],[-85.612435,42.902779],[-85.612553,42.904467],[-85.612572,42.905426],[-85.612650,42.907504],[-85.612649,42.908762],[-85.607882,42.908680],[-85.607982,42.910110],[-85.607033,42.909825],[-85.606183,42.909600],[-85.605333,42.909405],[-85.603450,42.909041],[-85.601887,42.908838],[-85.600749,42.908657],[-85.598464,42.908375],[-85.598563,42.910155],[-85.598605,42.912601],[-85.595647,42.912581],[-85.596094,42.916884],[-85.595566,42.916909],[-85.594073,42.916927],[-85.592539,42.916914],[-85.592728,42.919729]]]}},{"type":"Feature","properties":{"code":"0814282002016","mcd":"42820","jurisdiction":"Kentwood","ward":2,"precinct":16,"name":"Kentwood 2-16","voters":2799},"geometry":{"type":"Polygon","coordinates":[[[-85.566318,42.941142],[-85.560484,42.941168],[-85.555735,42.941041],[-85.553260,42.941013],[-85.550741,42.941037],[-85.550688,42.940883],[-85.550620,42.940410],[-85.550610,42.939743],[-85.550577,42.939417],[-85.550547,42.939317],[-85.550398,42.939136],[-85.550810,42.939024],[-85.550551,42.938925],[-85.549866,42.928923],[-85.549726,42.927355],[-85.549450,42.922084],[-85.549407,42.919810],[-85.549193,42.916157],[-85.549859,42.916153],[-85.550534,42.916176],[-85.552261,42.916176],[-85.557842,42.916100],[-85.559866,42.916122],[-85.561451,42.916039],[-85.560950,42.916262],[-85.560412,42.916593],[-85.560182,42.916800],[-85.559896,42.917103],[-85.559634,42.917431],[-85.559354,42.917994],[-85.559232,42.918552],[-85.559227,42.919058],[-85.559288,42.919996],[-85.560930,42.919999],[-85.561046,42.919986],[-85.561814,42.919982],[-85.561856,42.919985],[-85.561888,42.920016],[-85.564166,42.919983],[-85.569123,42.919984],[-85.569585,42.926993],[-85.579582,42.926961],[-85.579716,42.930573],[-85.580145,42.937826],[-85.580306,42.941196],[-85.570525,42.941176],[-85.566318,42.941142]]]}},{"type":"Feature","properties":{"code":"0814954000001","mcd":"49540","jurisdiction":"Lowell","ward":null,"precinct":1,"name":"Lowell 1","voters":1740},"geometry":{"type":"Polygon","coordinates":[[[-85.331741,42.952333],[-85.331562,42.949529],[-85.336678,42.949440],[-85.336685,42.948948],[-85.336718,42.948578],[-85.336673,42.946489],[-85.336595,42.944146],[-85.336643,42.943897],[-85.326879,42.944027],[-85.326373,42.944018],[-85.323003,42.944090],[-85.321624,42.944077],[-85.321556,42.936760],[-85.321503,42.932866],[-85.321484,42.928671],[-85.331508,42.927498],[-85.333832,42.926993],[-85.342458,42.925015],[-85.342854,42.924911],[-85.343145,42.926244],[-85.343180,42.926491],[-85.343191,42.927036],[-85.343165,42.927355],[-85.343090,42.927722],[-85.342665,42.929258],[-85.342483,42.930073],[-85.341708,42.933078],[-85.341707,42.933191],[-85.341743,42.933345],[-85.341861,42.933616],[-85.345506,42.932847],[-85.346193,42.933033],[-85.346680,42.933221],[-85.347272,42.933477],[-85.347705,42.933715],[-85.348152,42.934021],[-85.348568,42.934365],[-85.348960,42.934755],[-85.349269,42.935160],[-85.349501,42.935571],[-85.349665,42.935948],[-85.349865,42.936458],[-85.351164,42.940069],[-85.351677,42.941168],[-85.351731,42.943989],[-85.351304,42.944003],[-85.342840,42.944032],[-85.342962,42.944287],[-85.342972,42.944403],[-85.342940,42.944755],[-85.342936,42.944985],[-85.342860,42.945349],[-85.342761,42.945702],[-85.342571,42.945962],[-85.342277,42.946233],[-85.342234,42.946355],[-85.342384,42.946419],[-85.342386,42.946496],[-85.341986,42.946720],[-85.341631,42.946987],[-85.341183,42.947436],[-85.340608,42.947952],[-85.340284,42.948268],[-85.339813,42.948679],[-85.339556,42.949000],[-85.338984,42.949572],[-85.336670,42.949601],[-85.336651,42.949988],[-85.335477,42.950012],[-85.333980,42.951810],[-85.336163,42.951789],[-85.335829,42.951897],[-85.335285,42.952033],[-85.334897,42.952070],[-85.333873,42.952079],[-85.333275,42.952067],[-85.332641,42.952155],[-85.332217,42.952253],[-85.331741,42.952333]]]}},{"type":"Feature","properties":{"code":"0814954000002","mcd":"49540","jurisdiction":"Lowell","ward":null,"precinct":2,"name":"Lowell 2","voters":1529},"geometry":{"type":"Polygon","coordinates":[[[-85.346193,42.933033],[-85.345506,42.932847],[-85.341861,42.933616],[-85.341743,42.933345],[-85.341707,42.933191],[-85.341708,42.933078],[-85.341762,42.932834],[-85.342483,42.930073],[-85.342665,42.929258],[-85.343090,42.927722],[-85.343165,42.927355],[-85.343191,42.927036],[-85.343180,42.926491],[-85.343145,42.926244],[-85.342971,42.925444],[-85.343399,42.925287],[-85.344024,42.925106],[-85.345428,42.924637],[-85.345994,42.924544],[-85.346798,42.924367],[-85.347179,42.924341],[-85.349702,42.923753],[-85.351245,42.923514],[-85.351574,42.923533],[-85.351746,42.923581],[-85.355352,42.924730],[-85.356469,42.925001],[-85.357116,42.925242],[-85.358095,42.925684],[-85.358470,42.925763],[-85.359226,42.925872],[-85.360475,42.925954],[-85.361723,42.925948],[-85.362807,42.925966],[-85.364460,42.926078],[-85.365737,42.926055],[-85.367456,42.926078],[-85.371181,42.926059],[-85.371351,42.935407],[-85.371449,42.939917],[-85.360632,42.939973],[-85.358266,42.940055],[-85.358509,42.940068],[-85.358665,42.940094],[-85.358797,42.940139],[-85.359024,42.940264],[-85.359147,42.940372],[-85.359945,42.941426],[-85.360152,42.941611],[-85.359692,42.941765],[-85.359632,42.942465],[-85.361452,42.942576],[-85.361439,42.943819],[-85.359630,42.943808],[-85.353964,42.943900],[-85.352719,42.943952],[-85.352019,42.942043],[-85.351677,42.941168],[-85.351164,42.940069],[-85.349865,42.936458],[-85.349665,42.935948],[-85.349501,42.935571],[-85.349269,42.935160],[-85.348960,42.934755],[-85.348568,42.934365],[-85.348152,42.934021],[-85.347705,42.933715],[-85.347272,42.933477],[-85.346680,42.933221],[-85.346193,42.933033]]]}},{"type":"Feature","properties":{"code":"0814956000001","mcd":"49560","jurisdiction":"Lowell Township","ward":null,"precinct":1,"name":"Lowell Twp 1","voters":2737},"geometry":{"type":"MultiPolygon","coordinates":[[[[-85.311805,42.926547],[-85.311775,42.921142],[-85.311742,42.918180],[-85.311736,42.915708],[-85.311759,42.914914],[-85.311761,42.911340],[-85.311707,42.908457],[-85.311688,42.904056],[-85.311656,42.901881],[-85.311601,42.893806],[-85.311581,42.885955],[-85.311608,42.882331],[-85.311545,42.881091],[-85.311635,42.878226],[-85.311590,42.877014],[-85.311493,42.871442],[-85.311393,42.856962],[-85.312116,42.856953],[-85.312626,42.856919],[-85.328712,42.856803],[-85.346174,42.856705],[-85.351107,42.856692],[-85.370656,42.856554],[-85.378447,42.856525],[-85.390888,42.856448],[-85.405381,42.856406],[-85.409956,42.856373],[-85.420894,42.856356],[-85.429036,42.856301],[-85.429071,42.858986],[-85.429122,42.859925],[-85.429193,42.860412],[-85.429234,42.863513],[-85.429399,42.867600],[-85.429530,42.874441],[-85.429589,42.876784],[-85.429682,42.878862],[-85.429770,42.881693],[-85.430127,42.894529],[-85.430161,42.896203],[-85.430494,42.907103],[-85.430918,42.920195],[-85.431348,42.920337],[-85.431091,42.921161],[-85.431068,42.923470],[-85.430262,42.923581],[-85.428868,42.923675],[-85.428147,42.923760],[-85.427402,42.923825],[-85.426922,42.923784],[-85.426298,42.923676],[-85.425777,42.923521],[-85.424395,42.923312],[-85.423578,42.923251],[-85.422757,42.923261],[-85.421729,42.923331],[-85.420904,42.923457],[-85.420248,42.923503],[-85.419181,42.923518],[-85.418429,42.923406],[-85.416468,42.922895],[-85.415724,42.922755],[-85.414251,42.922525],[-85.412635,42.922249],[-85.411787,42.922150],[-85.410334,42.922035],[-85.407249,42.922260],[-85.406343,42.922393],[-85.403723,42.923077],[-85.402208,42.923332],[-85.401433,42.923572],[-85.400648,42.923769],[-85.398812,42.924432],[-85.396387,42.925551],[-85.395702,42.925812],[-85.394505,42.925989],[-85.391841,42.926063],[-85.390850,42.925933],[-85.389787,42.925882],[-85.388775,42.925764],[-85.387120,42.925675],[-85.386371,42.925596],[-85.384138,42.925628],[-85.382498,42.925720],[-85.380846,42.925691],[-85.379644,42.925720],[-85.379143,42.925697],[-85.371181,42.926059],[-85.367456,42.926078],[-85.365737,42.926055],[-85.364460,42.926078],[-85.362807,42.925966],[-85.361723,42.925948],[-85.360475,42.925954],[-85.359226,42.925872],[-85.358470,42.925763],[-85.358095,42.925684],[-85.357116,42.925242],[-85.356469,42.925001],[-85.355352,42.924730],[-85.351746,42.923581],[-85.351574,42.923533],[-85.351245,42.923514],[-85.349702,42.923753],[-85.347179,42.924341],[-85.346798,42.924367],[-85.345994,42.924544],[-85.345428,42.924637],[-85.344024,42.925106],[-85.343399,42.925287],[-85.342971,42.925444],[-85.342854,42.924911],[-85.342458,42.925015],[-85.333832,42.926993],[-85.331508,42.927498],[-85.321484,42.928671],[-85.321503,42.932866],[-85.321556,42.936760],[-85.321624,42.944077],[-85.311938,42.943996],[-85.311886,42.940366],[-85.311888,42.938534],[-85.311788,42.937737],[-85.311813,42.929405],[-85.311875,42.927466],[-85.311805,42.926547]]],[[[-85.351731,42.943989],[-85.351677,42.941168],[-85.351677,42.941168],[-85.352019,42.942043],[-85.352719,42.943952],[-85.351731,42.943989]]]]}},{"type":"Feature","properties":{"code":"0814956000002","mcd":"49560","jurisdiction":"Lowell Township","ward":null,"precinct":2,"name":"Lowell Twp 2","voters":2903},"geometry":{"type":"Polygon","coordinates":[[[-85.369874,42.943875],[-85.361439,42.943819],[-85.361452,42.942576],[-85.359632,42.942465],[-85.359692,42.941765],[-85.360152,42.941611],[-85.359945,42.941426],[-85.359147,42.940372],[-85.359024,42.940264],[-85.358797,42.940139],[-85.358665,42.940094],[-85.358509,42.940068],[-85.358266,42.940055],[-85.360632,42.939973],[-85.371449,42.939917],[-85.371351,42.935407],[-85.371181,42.926059],[-85.379143,42.925697],[-85.379644,42.925720],[-85.380846,42.925691],[-85.382498,42.925720],[-85.384138,42.925628],[-85.386371,42.925596],[-85.387120,42.925675],[-85.388775,42.925764],[-85.389787,42.925882],[-85.390850,42.925933],[-85.391841,42.926063],[-85.394505,42.925989],[-85.395702,42.925812],[-85.396387,42.925551],[-85.398812,42.924432],[-85.400648,42.923769],[-85.401433,42.923572],[-85.402208,42.923332],[-85.403723,42.923077],[-85.406343,42.922393],[-85.407249,42.922260],[-85.410334,42.922035],[-85.411787,42.922150],[-85.412635,42.922249],[-85.414251,42.922525],[-85.415724,42.922755],[-85.416468,42.922895],[-85.418429,42.923406],[-85.419181,42.923518],[-85.420248,42.923503],[-85.420904,42.923457],[-85.421729,42.923331],[-85.422757,42.923261],[-85.423578,42.923251],[-85.424395,42.923312],[-85.425777,42.923521],[-85.426298,42.923676],[-85.426922,42.923784],[-85.427402,42.923825],[-85.428147,42.923760],[-85.428868,42.923675],[-85.430262,42.923581],[-85.431068,42.923470],[-85.431026,42.923803],[-85.431032,42.924429],[-85.431140,42.929229],[-85.431637,42.943645],[-85.430995,42.943663],[-85.429574,42.943661],[-85.426861,42.943694],[-85.422438,42.943665],[-85.417034,42.943734],[-85.411085,42.943747],[-85.410680,42.943769],[-85.394280,42.943823],[-85.391091,42.943859],[-85.386081,42.943853],[-85.371142,42.943924],[-85.369874,42.943875]]]}},{"type":"Feature","properties":{"code":"0815692000001","mcd":"56920","jurisdiction":"Nelson Township","ward":null,"precinct":1,"name":"Nelson Twp 1","voters":2283},"geometry":{"type":"Polygon","coordinates":[[[-85.432013,43.294330],[-85.431766,43.278762],[-85.431741,43.273569],[-85.431690,43.267875],[-85.431635,43.264486],[-85.431640,43.264356],[-85.431730,43.264254],[-85.431796,43.264231],[-85.431690,43.257859],[-85.431651,43.256723],[-85.431594,43.250210],[-85.431607,43.249634],[-85.431604,43.242339],[-85.431649,43.235061],[-85.441546,43.234986],[-85.448510,43.234988],[-85.462450,43.234953],[-85.472420,43.234952],[-85.476396,43.234997],[-85.480034,43.234961],[-85.486330,43.234933],[-85.493703,43.234868],[-85.520985,43.234891],[-85.535968,43.234680],[-85.543133,43.234595],[-85.544764,43.234588],[-85.544930,43.234581],[-85.545132,43.234510],[-85.545199,43.234445],[-85.545237,43.234361],[-85.545253,43.234212],[-85.545288,43.232126],[-85.545332,43.232036],[-85.545394,43.231974],[-85.545484,43.231925],[-85.545595,43.231900],[-85.545787,43.231888],[-85.549294,43.231814],[-85.550019,43.231767],[-85.550881,43.231665],[-85.551021,43.231643],[-85.551165,43.231598],[-85.551118,43.232013],[-85.551057,43.232339],[-85.551205,43.232389],[-85.551292,43.232490],[-85.551298,43.232548],[-85.551258,43.234447],[-85.551273,43.241741],[-85.551306,43.247896],[-85.551410,43.256490],[-85.551500,43.270717],[-85.551633,43.281539],[-85.551720,43.287228],[-85.551783,43.294296],[-85.547396,43.294305],[-85.545804,43.294277],[-85.543492,43.294166],[-85.542647,43.294270],[-85.542238,43.294284],[-85.523659,43.294322],[-85.522349,43.294298],[-85.520764,43.294304],[-85.512926,43.294270],[-85.511670,43.294236],[-85.507943,43.294209],[-85.502485,43.294192],[-85.492456,43.294306],[-85.476762,43.294261],[-85.472399,43.294287],[-85.471552,43.294249],[-85.471410,43.294297],[-85.471266,43.294315],[-85.463052,43.294298],[-85.458106,43.294325],[-85.443595,43.294324],[-85.437138,43.294305],[-85.432013,43.294330]]]}},{"type":"Feature","properties":{"code":"0815692000002","mcd":"56920","jurisdiction":"Nelson Township","ward":null,"precinct":2,"name":"Nelson Twp 2","voters":1870},"geometry":{"type":"Polygon","coordinates":[[[-85.431649,43.235061],[-85.431649,43.234098],[-85.431589,43.230430],[-85.431569,43.226734],[-85.431580,43.224577],[-85.431687,43.223158],[-85.431628,43.220529],[-85.431560,43.210882],[-85.431530,43.209499],[-85.431496,43.206021],[-85.434643,43.206000],[-85.441099,43.206009],[-85.455386,43.205975],[-85.460701,43.205931],[-85.470710,43.205896],[-85.471080,43.205882],[-85.478089,43.205908],[-85.481197,43.205994],[-85.481561,43.205937],[-85.482088,43.205909],[-85.490873,43.205915],[-85.500157,43.205858],[-85.500845,43.205842],[-85.506922,43.205836],[-85.510839,43.205787],[-85.520690,43.205714],[-85.546675,43.205550],[-85.546680,43.206507],[-85.545555,43.206511],[-85.545575,43.209172],[-85.551141,43.209124],[-85.551132,43.212781],[-85.540651,43.212832],[-85.540681,43.216469],[-85.535656,43.216517],[-85.535709,43.219571],[-85.538868,43.219540],[-85.538874,43.220119],[-85.539174,43.220115],[-85.539162,43.218656],[-85.540400,43.218646],[-85.540392,43.220109],[-85.540658,43.220106],[-85.540680,43.221924],[-85.538253,43.221938],[-85.538280,43.223735],[-85.540661,43.223738],[-85.540818,43.231913],[-85.545149,43.231805],[-85.545148,43.231894],[-85.545787,43.231888],[-85.545595,43.231900],[-85.545484,43.231925],[-85.545394,43.231974],[-85.545332,43.232036],[-85.545288,43.232126],[-85.545253,43.234212],[-85.545237,43.234361],[-85.545199,43.234445],[-85.545132,43.234510],[-85.544930,43.234581],[-85.530951,43.234744],[-85.520985,43.234891],[-85.493703,43.234868],[-85.486330,43.234933],[-85.480034,43.234961],[-85.476396,43.234997],[-85.472420,43.234952],[-85.462450,43.234953],[-85.448510,43.234988],[-85.441546,43.234986],[-85.431649,43.235061]]]}},{"type":"Feature","properties":{"code":"0815958000001","mcd":"59580","jurisdiction":"Oakfield Township","ward":null,"precinct":1,"name":"Oakfield Twp 1","voters":1731},"geometry":{"type":"Polygon","coordinates":[[[-85.386627,43.206187],[-85.382266,43.206211],[-85.382008,43.202219],[-85.381966,43.201991],[-85.391797,43.201900],[-85.392078,43.201884],[-85.392022,43.198270],[-85.391975,43.193791],[-85.391969,43.191051],[-85.386979,43.190982],[-85.386999,43.187543],[-85.387406,43.187260],[-85.387231,43.184416],[-85.387231,43.183935],[-85.387077,43.183938],[-85.387168,43.183097],[-85.387177,43.182862],[-85.387162,43.182749],[-85.387231,43.181659],[-85.390233,43.181888],[-85.390258,43.181857],[-85.390453,43.181834],[-85.392024,43.181750],[-85.392005,43.176404],[-85.392063,43.165484],[-85.392076,43.154592],[-85.392015,43.146117],[-85.392033,43.145856],[-85.392113,43.145574],[-85.392222,43.145292],[-85.392986,43.144012],[-85.393358,43.143466],[-85.393961,43.142685],[-85.394661,43.141830],[-85.395775,43.140422],[-85.396303,43.139811],[-85.398040,43.137896],[-85.398239,43.137587],[-85.398354,43.137237],[-85.398390,43.136883],[-85.398321,43.136485],[-85.398215,43.136240],[-85.398050,43.136009],[-85.397461,43.135315],[-85.397257,43.135043],[-85.397040,43.134635],[-85.396934,43.134260],[-85.396915,43.134108],[-85.396890,43.133422],[-85.396884,43.129155],[-85.396905,43.129144],[-85.399502,43.129099],[-85.401700,43.129108],[-85.401646,43.125579],[-85.399459,43.125576],[-85.396874,43.125523],[-85.396859,43.123700],[-85.396866,43.122020],[-85.396885,43.121628],[-85.406670,43.121629],[-85.406700,43.121248],[-85.406700,43.120593],[-85.406819,43.118238],[-85.421010,43.118107],[-85.422418,43.117903],[-85.423616,43.118127],[-85.427623,43.117962],[-85.431191,43.118039],[-85.431351,43.124008],[-85.431532,43.124964],[-85.431212,43.132589],[-85.431216,43.136251],[-85.431270,43.143503],[-85.431260,43.144283],[-85.430801,43.146273],[-85.430565,43.147149],[-85.430447,43.147385],[-85.430131,43.147897],[-85.430060,43.148095],[-85.430025,43.148255],[-85.430014,43.148408],[-85.430160,43.149331],[-85.430369,43.150316],[-85.430447,43.150523],[-85.430581,43.150746],[-85.431081,43.151422],[-85.431222,43.151747],[-85.431274,43.152040],[-85.431289,43.154475],[-85.431280,43.161733],[-85.431333,43.168925],[-85.431322,43.187213],[-85.431372,43.194472],[-85.431346,43.197613],[-85.431364,43.197745],[-85.431416,43.197861],[-85.431499,43.197959],[-85.431624,43.198048],[-85.431780,43.198101],[-85.431939,43.198130],[-85.432128,43.198142],[-85.431860,43.201270],[-85.431496,43.206021],[-85.428927,43.206015],[-85.421667,43.206058],[-85.418601,43.205953],[-85.418306,43.206039],[-85.418179,43.206055],[-85.415657,43.206093],[-85.411432,43.206127],[-85.391559,43.206206],[-85.386627,43.206187]]]}},{"type":"Feature","properties":{"code":"0815958000002","mcd":"59580","jurisdiction":"Oakfield Township","ward":null,"precinct":2,"name":"Oakfield Twp 2","voters":2081},"geometry":{"type":"Polygon","coordinates":[[[-85.351830,43.206293],[-85.351916,43.194687],[-85.351965,43.191067],[-85.352119,43.188026],[-85.352537,43.180792],[-85.352805,43.176435],[-85.352772,43.174766],[-85.352780,43.173798],[-85.352735,43.169182],[-85.352746,43.165558],[-85.352670,43.161928],[-85.352662,43.160472],[-85.352536,43.154748],[-85.352315,43.133087],[-85.352257,43.131654],[-85.351957,43.129447],[-85.351915,43.128721],[-85.351931,43.127737],[-85.352019,43.125837],[-85.347325,43.125821],[-85.347321,43.124865],[-85.347237,43.124862],[-85.347237,43.122190],[-85.340814,43.122192],[-85.339715,43.122236],[-85.339715,43.125891],[-85.342353,43.125860],[-85.342353,43.129511],[-85.342086,43.129501],[-85.340232,43.129523],[-85.332391,43.129511],[-85.332433,43.133171],[-85.326993,43.133172],[-85.326993,43.125878],[-85.321408,43.125868],[-85.321332,43.125950],[-85.312479,43.126066],[-85.312518,43.118800],[-85.321640,43.118714],[-85.341359,43.118574],[-85.352708,43.118563],[-85.358175,43.118575],[-85.362788,43.118508],[-85.365490,43.118683],[-85.367392,43.118450],[-85.370247,43.118604],[-85.374994,43.118376],[-85.376999,43.118406],[-85.406819,43.118238],[-85.406700,43.120593],[-85.406700,43.121248],[-85.406670,43.121629],[-85.396885,43.121628],[-85.396866,43.122020],[-85.396859,43.123700],[-85.396874,43.125523],[-85.399459,43.125576],[-85.401646,43.125579],[-85.401700,43.129108],[-85.399502,43.129099],[-85.396905,43.129144],[-85.396884,43.129155],[-85.396890,43.133422],[-85.396915,43.134108],[-85.396934,43.134260],[-85.397040,43.134635],[-85.397257,43.135043],[-85.397461,43.135315],[-85.398050,43.136009],[-85.398215,43.136240],[-85.398321,43.136485],[-85.398390,43.136883],[-85.398354,43.137237],[-85.398239,43.137587],[-85.398040,43.137896],[-85.396303,43.139811],[-85.395775,43.140422],[-85.394661,43.141830],[-85.393961,43.142685],[-85.393358,43.143466],[-85.392986,43.144012],[-85.392222,43.145292],[-85.392113,43.145574],[-85.392033,43.145856],[-85.392015,43.146117],[-85.392076,43.154592],[-85.392063,43.165484],[-85.392005,43.176404],[-85.392024,43.181750],[-85.390453,43.181834],[-85.390258,43.181857],[-85.390233,43.181888],[-85.387231,43.181659],[-85.387162,43.182749],[-85.387177,43.182862],[-85.387168,43.183097],[-85.387077,43.183938],[-85.387231,43.183935],[-85.387231,43.184416],[-85.387406,43.187260],[-85.386999,43.187543],[-85.386979,43.190982],[-85.391969,43.191051],[-85.391975,43.193791],[-85.392022,43.198270],[-85.392078,43.201884],[-85.391797,43.201900],[-85.381966,43.201991],[-85.382008,43.202219],[-85.382266,43.206211],[-85.381886,43.206228],[-85.381738,43.206281],[-85.381672,43.206246],[-85.381476,43.206204],[-85.379636,43.206219],[-85.375110,43.206191],[-85.364939,43.206217],[-85.361741,43.206274],[-85.354524,43.206324],[-85.351830,43.206293]]]}},{"type":"Feature","properties":{"code":"0815958000003","mcd":"59580","jurisdiction":"Oakfield Township","ward":null,"precinct":3,"name":"Oakfield Twp 3","voters":1581},"geometry":{"type":"Polygon","coordinates":[[[-85.312255,43.206446],[-85.312225,43.202156],[-85.312236,43.198596],[-85.312204,43.197972],[-85.312236,43.196927],[-85.312221,43.191298],[-85.312245,43.187652],[-85.312236,43.184084],[-85.312323,43.179233],[-85.312285,43.176769],[-85.312312,43.169521],[-85.312430,43.158671],[-85.312260,43.153071],[-85.312385,43.150011],[-85.312432,43.144601],[-85.312411,43.140558],[-85.312479,43.126066],[-85.321332,43.125950],[-85.321408,43.125868],[-85.326993,43.125878],[-85.326993,43.133172],[-85.332433,43.133171],[-85.332391,43.129511],[-85.340232,43.129523],[-85.342086,43.129501],[-85.342353,43.129511],[-85.342353,43.125860],[-85.339715,43.125891],[-85.339715,43.122236],[-85.340814,43.122192],[-85.347237,43.122190],[-85.347237,43.124862],[-85.347321,43.124865],[-85.347325,43.125821],[-85.352019,43.125837],[-85.351931,43.127737],[-85.351915,43.128721],[-85.351957,43.129447],[-85.352257,43.131654],[-85.352315,43.133087],[-85.352536,43.154748],[-85.352662,43.160472],[-85.352670,43.161928],[-85.352746,43.165558],[-85.352735,43.169182],[-85.352780,43.173798],[-85.352772,43.174766],[-85.352805,43.176435],[-85.352537,43.180792],[-85.352119,43.188026],[-85.351965,43.191067],[-85.351916,43.194687],[-85.351830,43.206293],[-85.344459,43.206205],[-85.343180,43.206219],[-85.342389,43.206273],[-85.342173,43.206265],[-85.342095,43.206248],[-85.342031,43.206191],[-85.341894,43.205952],[-85.341462,43.205937],[-85.335986,43.206387],[-85.335288,43.206366],[-85.333820,43.206275],[-85.332378,43.206279],[-85.322154,43.206420],[-85.312255,43.206446]]]}},{"type":"Feature","properties":{"code":"0816466000001","mcd":"64660","jurisdiction":"Plainfield Township","ward":null,"precinct":1,"name":"Plainfield Twp 1","voters":2846},"geometry":{"type":"Polygon","coordinates":[[[-85.604648,43.113653],[-85.604567,43.104526],[-85.604508,43.094407],[-85.604543,43.093970],[-85.604605,43.093580],[-85.604695,43.093249],[-85.604917,43.092620],[-85.605980,43.089940],[-85.607352,43.086414],[-85.607683,43.085620],[-85.609043,43.082687],[-85.609244,43.082130],[-85.609345,43.081580],[-85.609365,43.079069],[-85.609325,43.075654],[-85.609304,43.071786],[-85.609292,43.064530],[-85.609316,43.061655],[-85.615393,43.062869],[-85.619677,43.062296],[-85.621348,43.061559],[-85.623370,43.061225],[-85.625802,43.061282],[-85.627732,43.061545],[-85.629987,43.062375],[-85.634615,43.060232],[-85.634286,43.060467],[-85.633811,43.060725],[-85.634485,43.061169],[-85.634188,43.061352],[-85.633898,43.061472],[-85.633998,43.062067],[-85.636180,43.060801],[-85.638449,43.059447],[-85.639334,43.060285],[-85.637970,43.061263],[-85.636805,43.062071],[-85.636160,43.062473],[-85.635571,43.062813],[-85.634575,43.063354],[-85.633753,43.062578],[-85.633752,43.063553],[-85.633934,43.063703],[-85.633459,43.063962],[-85.634633,43.065045],[-85.635356,43.065556],[-85.635928,43.065989],[-85.636380,43.065859],[-85.637199,43.065521],[-85.637416,43.065562],[-85.638035,43.065385],[-85.638043,43.065421],[-85.638647,43.065539],[-85.638863,43.064931],[-85.640062,43.064952],[-85.640062,43.064402],[-85.640381,43.064382],[-85.640617,43.064401],[-85.640764,43.064664],[-85.640760,43.065489],[-85.641750,43.065476],[-85.641871,43.065461],[-85.641881,43.065148],[-85.643750,43.065150],[-85.643759,43.068563],[-85.642305,43.068524],[-85.639470,43.068486],[-85.639273,43.068473],[-85.638975,43.068413],[-85.638657,43.068258],[-85.638624,43.068430],[-85.638639,43.068516],[-85.638706,43.068623],[-85.638845,43.068938],[-85.639069,43.069508],[-85.639317,43.070298],[-85.639311,43.070691],[-85.638840,43.070699],[-85.638871,43.072080],[-85.637115,43.072045],[-85.637109,43.071982],[-85.636586,43.072004],[-85.636343,43.072073],[-85.635829,43.072078],[-85.635830,43.071891],[-85.635665,43.071818],[-85.635322,43.072084],[-85.635414,43.072229],[-85.634557,43.072226],[-85.634561,43.072091],[-85.633923,43.072077],[-85.633923,43.071981],[-85.633403,43.071971],[-85.633153,43.072083],[-85.632561,43.072083],[-85.632570,43.072042],[-85.632027,43.071911],[-85.631594,43.072136],[-85.631078,43.071857],[-85.630961,43.071920],[-85.628776,43.071878],[-85.628806,43.075261],[-85.628818,43.079182],[-85.623943,43.079161],[-85.624022,43.085163],[-85.623990,43.085397],[-85.623982,43.086012],[-85.624002,43.090055],[-85.628797,43.090071],[-85.628823,43.092390],[-85.628264,43.093158],[-85.628411,43.093255],[-85.628476,43.093267],[-85.628822,43.092894],[-85.628854,43.094457],[-85.628960,43.094608],[-85.628977,43.094674],[-85.628653,43.095173],[-85.628809,43.095329],[-85.628892,43.097816],[-85.628904,43.100645],[-85.628502,43.100641],[-85.628134,43.101152],[-85.628138,43.101481],[-85.629291,43.101490],[-85.629409,43.101339],[-85.629652,43.101149],[-85.630054,43.100926],[-85.630534,43.100733],[-85.630960,43.100677],[-85.634031,43.100726],[-85.639285,43.100773],[-85.639408,43.101211],[-85.639479,43.101403],[-85.639818,43.101958],[-85.640141,43.102358],[-85.640778,43.102985],[-85.642183,43.104320],[-85.644046,43.106043],[-85.644091,43.112249],[-85.649089,43.112285],[-85.649014,43.101433],[-85.653978,43.101541],[-85.653949,43.096963],[-85.654805,43.096700],[-85.654840,43.096534],[-85.655122,43.096290],[-85.655570,43.096121],[-85.656106,43.095836],[-85.656526,43.095745],[-85.657421,43.095842],[-85.657870,43.095772],[-85.658371,43.095603],[-85.658669,43.095447],[-85.658691,43.095422],[-85.658910,43.095405],[-85.658924,43.098029],[-85.667009,43.098244],[-85.667162,43.098039],[-85.667385,43.097826],[-85.667690,43.097482],[-85.667833,43.097244],[-85.668129,43.096640],[-85.668624,43.095724],[-85.667085,43.095559],[-85.667540,43.094774],[-85.669380,43.094641],[-85.670068,43.094550],[-85.670083,43.097287],[-85.670130,43.100890],[-85.669894,43.102257],[-85.670019,43.102393],[-85.670045,43.102452],[-85.670068,43.102748],[-85.670251,43.116621],[-85.649269,43.116656],[-85.643597,43.116716],[-85.639275,43.116736],[-85.625141,43.116861],[-85.610824,43.116922],[-85.602788,43.116996],[-85.602743,43.116647],[-85.602740,43.116481],[-85.602784,43.116319],[-85.602860,43.116199],[-85.602973,43.116086],[-85.603908,43.115219],[-85.604293,43.114821],[-85.604469,43.114520],[-85.604563,43.114261],[-85.604625,43.113986],[-85.604648,43.113653]]]}},{"type":"Feature","properties":{"code":"0816466000002","mcd":"64660","jurisdiction":"Plainfield Township","ward":null,"precinct":2,"name":"Plainfield Twp 2","voters":2846},"geometry":{"type":"Polygon","coordinates":[[[-85.639654,43.101706],[-85.639479,43.101403],[-85.639408,43.101211],[-85.639285,43.100773],[-85.639089,43.100769],[-85.638793,43.100777],[-85.634031,43.100726],[-85.630960,43.100677],[-85.630534,43.100733],[-85.630054,43.100926],[-85.629652,43.101149],[-85.629409,43.101339],[-85.629291,43.101490],[-85.628138,43.101481],[-85.628134,43.101152],[-85.628502,43.100641],[-85.628904,43.100645],[-85.628892,43.097816],[-85.628809,43.095329],[-85.628653,43.095173],[-85.628977,43.094674],[-85.628960,43.094608],[-85.628854,43.094457],[-85.628822,43.092894],[-85.628476,43.093267],[-85.628411,43.093255],[-85.628264,43.093158],[-85.628823,43.092390],[-85.628797,43.090071],[-85.624002,43.090055],[-85.623982,43.086012],[-85.623990,43.085397],[-85.624022,43.085163],[-85.623943,43.079161],[-85.628818,43.079182],[-85.628806,43.075261],[-85.628776,43.071878],[-85.630961,43.071920],[-85.631078,43.071857],[-85.631594,43.072136],[-85.632027,43.071911],[-85.632570,43.072042],[-85.632561,43.072083],[-85.633153,43.072083],[-85.633403,43.071971],[-85.633923,43.071981],[-85.633923,43.072077],[-85.634561,43.072091],[-85.634557,43.072226],[-85.635414,43.072229],[-85.635322,43.072084],[-85.635665,43.071818],[-85.635830,43.071891],[-85.635829,43.072078],[-85.636343,43.072073],[-85.636586,43.072004],[-85.637109,43.071982],[-85.637115,43.072045],[-85.638871,43.072080],[-85.638840,43.070699],[-85.639311,43.070691],[-85.639317,43.070298],[-85.639069,43.069508],[-85.638845,43.068938],[-85.638706,43.068623],[-85.638639,43.068516],[-85.638624,43.068430],[-85.638657,43.068258],[-85.638975,43.068413],[-85.639273,43.068473],[-85.639470,43.068486],[-85.642305,43.068524],[-85.651506,43.068712],[-85.651753,43.068680],[-85.652057,43.068599],[-85.652318,43.068496],[-85.653516,43.067939],[-85.653686,43.067903],[-85.653943,43.067894],[-85.653932,43.069056],[-85.653954,43.069420],[-85.654011,43.072427],[-85.658861,43.072548],[-85.670037,43.072778],[-85.670031,43.076403],[-85.669996,43.080088],[-85.670004,43.084481],[-85.669991,43.086187],[-85.670007,43.087933],[-85.670006,43.091029],[-85.670068,43.094550],[-85.669380,43.094641],[-85.667540,43.094774],[-85.667085,43.095559],[-85.668624,43.095724],[-85.668129,43.096640],[-85.667833,43.097244],[-85.667690,43.097482],[-85.667385,43.097826],[-85.667162,43.098039],[-85.667009,43.098244],[-85.658924,43.098029],[-85.658910,43.095405],[-85.658691,43.095422],[-85.658669,43.095447],[-85.658371,43.095603],[-85.657870,43.095772],[-85.657421,43.095842],[-85.656526,43.095745],[-85.656106,43.095836],[-85.655570,43.096121],[-85.655122,43.096290],[-85.654840,43.096534],[-85.654805,43.096700],[-85.653949,43.096963],[-85.653978,43.101541],[-85.649014,43.101433],[-85.649089,43.112285],[-85.644091,43.112249],[-85.644046,43.106043],[-85.642183,43.104320],[-85.640286,43.102510],[-85.639940,43.102121],[-85.639654,43.101706]]]}},{"type":"Feature","properties":{"code":"0816466000003","mcd":"64660","jurisdiction":"Plainfield Township","ward":null,"precinct":3,"name":"Plainfield Twp 3","voters":4641},"geometry":{"type":"Polygon","coordinates":[[[-85.609316,43.061654],[-85.609322,43.060299],[-85.609370,43.059806],[-85.609460,43.059197],[-85.609588,43.058770],[-85.609987,43.057708],[-85.610440,43.056675],[-85.611246,43.054764],[-85.611465,43.054126],[-85.611579,43.053643],[-85.611640,43.053284],[-85.611666,43.052669],[-85.611619,43.050465],[-85.611657,43.049954],[-85.611763,43.049367],[-85.611905,43.048859],[-85.612157,43.048225],[-85.613043,43.046354],[-85.606146,43.046311],[-85.605861,43.046284],[-85.606186,43.045716],[-85.606893,43.043941],[-85.607168,43.043135],[-85.607703,43.041722],[-85.607905,43.041311],[-85.608376,43.040638],[-85.608813,43.040162],[-85.609102,43.039885],[-85.609433,43.039616],[-85.609890,43.039300],[-85.610429,43.038986],[-85.610738,43.038829],[-85.611717,43.038383],[-85.616576,43.036278],[-85.628818,43.030906],[-85.629306,43.030624],[-85.629601,43.030418],[-85.630032,43.030041],[-85.631071,43.028876],[-85.631278,43.028585],[-85.649272,43.028846],[-85.656086,43.028960],[-85.659513,43.029059],[-85.660520,43.029038],[-85.660419,43.032690],[-85.660392,43.032874],[-85.656871,43.039025],[-85.650151,43.045247],[-85.646926,43.046853],[-85.645301,43.048056],[-85.645022,43.048903],[-85.643207,43.052680],[-85.640333,43.056277],[-85.640058,43.056589],[-85.634615,43.060232],[-85.629987,43.062375],[-85.627732,43.061545],[-85.625802,43.061282],[-85.623370,43.061225],[-85.621348,43.061559],[-85.619677,43.062296],[-85.615393,43.062869],[-85.609316,43.061654]]]}},{"type":"Feature","properties":{"code":"0816466000004","mcd":"64660","jurisdiction":"Plainfield Township","ward":null,"precinct":4,"name":"Plainfield Twp 4","voters":2529},"geometry":{"type":"Polygon","coordinates":[[[-85.604121,43.042762],[-85.600484,43.042721],[-85.600524,43.040801],[-85.600569,43.040359],[-85.600693,43.039944],[-85.600886,43.039562],[-85.601106,43.039230],[-85.601388,43.038864],[-85.599345,43.038021],[-85.598748,43.037803],[-85.598495,43.037767],[-85.598292,43.037766],[-85.598013,43.037828],[-85.597938,43.037670],[-85.597820,43.037339],[-85.597747,43.037241],[-85.597634,43.037161],[-85.597498,43.037115],[-85.597345,43.037095],[-85.596917,43.037082],[-85.596705,43.037059],[-85.596475,43.036971],[-85.596230,43.036810],[-85.596134,43.036631],[-85.596095,43.036510],[-85.596077,43.036369],[-85.596098,43.035416],[-85.596017,43.035171],[-85.595746,43.034793],[-85.595703,43.034593],[-85.595712,43.034495],[-85.595775,43.034301],[-85.596103,43.033716],[-85.596242,43.033518],[-85.596667,43.033183],[-85.596853,43.032949],[-85.596963,43.032660],[-85.597036,43.029979],[-85.597062,43.028179],[-85.600767,43.028198],[-85.602023,43.028218],[-85.602404,43.028214],[-85.602575,43.028197],[-85.602746,43.028156],[-85.606932,43.028300],[-85.610182,43.028351],[-85.614102,43.028515],[-85.614995,43.028239],[-85.615138,43.028293],[-85.615350,43.028322],[-85.618035,43.028387],[-85.625109,43.028503],[-85.628750,43.028535],[-85.631278,43.028585],[-85.631071,43.028876],[-85.630032,43.030041],[-85.629601,43.030418],[-85.629306,43.030624],[-85.628818,43.030906],[-85.616576,43.036278],[-85.611717,43.038383],[-85.610738,43.038829],[-85.610429,43.038986],[-85.609890,43.039300],[-85.609433,43.039616],[-85.609102,43.039885],[-85.608621,43.040357],[-85.608376,43.040638],[-85.607905,43.041311],[-85.607703,43.041722],[-85.607316,43.042734],[-85.604121,43.042762]]]}},{"type":"Feature","properties":{"code":"0816466000006","mcd":"64660","jurisdiction":"Plainfield Township","ward":null,"precinct":6,"name":"Plainfield Twp 6","voters":2958},"geometry":{"type":"Polygon","coordinates":[[[-85.550862,43.093407],[-85.550246,43.093428],[-85.550279,43.090657],[-85.550343,43.090218],[-85.550445,43.089825],[-85.550609,43.089280],[-85.550891,43.088610],[-85.550857,43.086905],[-85.550890,43.086111],[-85.550919,43.084325],[-85.550869,43.082146],[-85.550866,43.080531],[-85.550837,43.078782],[-85.550834,43.075775],[-85.550792,43.071442],[-85.550922,43.061800],[-85.550871,43.061674],[-85.550817,43.061375],[-85.550754,43.060434],[-85.550701,43.057992],[-85.550665,43.054642],[-85.550680,43.053291],[-85.550676,43.052231],[-85.550660,43.052008],[-85.550664,43.050645],[-85.550745,43.049241],[-85.550779,43.045921],[-85.550808,43.045298],[-85.554251,43.047762],[-85.555646,43.048868],[-85.559926,43.051983],[-85.560816,43.052487],[-85.570487,43.057582],[-85.575883,43.062446],[-85.577876,43.063465],[-85.578961,43.063576],[-85.579916,43.063623],[-85.579904,43.064456],[-85.579951,43.064682],[-85.579895,43.069325],[-85.579881,43.069507],[-85.579821,43.069947],[-85.579756,43.070225],[-85.579652,43.070564],[-85.579374,43.071221],[-85.579242,43.071438],[-85.578901,43.071929],[-85.578620,43.072276],[-85.578431,43.072490],[-85.578181,43.072729],[-85.577642,43.073177],[-85.576819,43.073710],[-85.576225,43.074020],[-85.575807,43.074212],[-85.572534,43.075434],[-85.571349,43.075892],[-85.570700,43.076172],[-85.570232,43.076390],[-85.569696,43.076669],[-85.568236,43.077488],[-85.568332,43.077619],[-85.568378,43.077732],[-85.568394,43.077854],[-85.568388,43.078008],[-85.568348,43.078195],[-85.568197,43.078710],[-85.568002,43.079327],[-85.567152,43.082219],[-85.567028,43.082809],[-85.566967,43.083321],[-85.566893,43.083773],[-85.566690,43.084269],[-85.566460,43.084601],[-85.566116,43.084930],[-85.566618,43.085180],[-85.567561,43.085779],[-85.567784,43.085873],[-85.568020,43.085921],[-85.569320,43.085994],[-85.574326,43.085992],[-85.574548,43.085979],[-85.574695,43.085957],[-85.574882,43.085875],[-85.575060,43.085762],[-85.577202,43.084190],[-85.577624,43.083901],[-85.578051,43.084264],[-85.578212,43.084429],[-85.579751,43.085752],[-85.579937,43.085884],[-85.580052,43.086063],[-85.580083,43.086141],[-85.580109,43.086253],[-85.580083,43.088284],[-85.580143,43.093314],[-85.577376,43.093323],[-85.570373,43.093287],[-85.565505,43.093302],[-85.550862,43.093407]]]}},{"type":"Feature","properties":{"code":"0816466000007","mcd":"64660","jurisdiction":"Plainfield Township","ward":null,"precinct":7,"name":"Plainfield Twp 7","voters":3191},"geometry":{"type":"Polygon","coordinates":[[[-85.548592,43.043847],[-85.542896,43.032789],[-85.544549,43.030991],[-85.545431,43.030226],[-85.545739,43.028196],[-85.549510,43.028184],[-85.551574,43.028150],[-85.557655,43.027956],[-85.560220,43.027916],[-85.561070,43.027861],[-85.572451,43.027992],[-85.581549,43.028071],[-85.587238,43.028096],[-85.590218,43.028147],[-85.597062,43.028179],[-85.597036,43.029979],[-85.596963,43.032660],[-85.596853,43.032949],[-85.596667,43.033183],[-85.596242,43.033518],[-85.596103,43.033716],[-85.595775,43.034301],[-85.595712,43.034495],[-85.595703,43.034593],[-85.595746,43.034793],[-85.596017,43.035171],[-85.596098,43.035416],[-85.596077,43.036369],[-85.596095,43.036510],[-85.596134,43.036631],[-85.596230,43.036810],[-85.596475,43.036971],[-85.596705,43.037059],[-85.596917,43.037082],[-85.597345,43.037095],[-85.597498,43.037115],[-85.597634,43.037161],[-85.597747,43.037241],[-85.597820,43.037339],[-85.597938,43.037670],[-85.598013,43.037828],[-85.598292,43.037766],[-85.598495,43.037767],[-85.598748,43.037803],[-85.599345,43.038021],[-85.601388,43.038864],[-85.601106,43.039230],[-85.600886,43.039562],[-85.600693,43.039944],[-85.600569,43.040359],[-85.600524,43.040801],[-85.600484,43.042721],[-85.589401,43.042611],[-85.589116,43.043120],[-85.588928,43.043381],[-85.588403,43.043944],[-85.585398,43.046603],[-85.583230,43.048629],[-85.582092,43.049754],[-85.581461,43.050479],[-85.581235,43.050828],[-85.580985,43.051102],[-85.580629,43.051584],[-85.580370,43.051973],[-85.580161,43.052402],[-85.579985,43.052900],[-85.579902,43.053348],[-85.579853,43.053783],[-85.579861,43.056857],[-85.579878,43.057671],[-85.579916,43.063623],[-85.578961,43.063576],[-85.577876,43.063465],[-85.575883,43.062446],[-85.570487,43.057582],[-85.560816,43.052487],[-85.559926,43.051983],[-85.555646,43.048868],[-85.554251,43.047762],[-85.550808,43.045298],[-85.548592,43.043847]]]}},{"type":"Feature","properties":{"code":"0816466000008","mcd":"64660","jurisdiction":"Plainfield Township","ward":null,"precinct":8,"name":"Plainfield Twp 8","voters":2901},"geometry":{"type":"Polygon","coordinates":[[[-85.579916,43.063623],[-85.579853,43.053783],[-85.579902,43.053348],[-85.579985,43.052900],[-85.580161,43.052402],[-85.580370,43.051973],[-85.580629,43.051584],[-85.580985,43.051102],[-85.581235,43.050828],[-85.581461,43.050479],[-85.582092,43.049754],[-85.583230,43.048629],[-85.585398,43.046603],[-85.588403,43.043944],[-85.588928,43.043381],[-85.589116,43.043120],[-85.589401,43.042611],[-85.604121,43.042762],[-85.607316,43.042734],[-85.606893,43.043941],[-85.606186,43.045716],[-85.605861,43.046284],[-85.606146,43.046311],[-85.613043,43.046354],[-85.612157,43.048225],[-85.611905,43.048859],[-85.611763,43.049367],[-85.611657,43.049954],[-85.611619,43.050465],[-85.611666,43.052669],[-85.611640,43.053284],[-85.611579,43.053643],[-85.611465,43.054126],[-85.611246,43.054764],[-85.610440,43.056675],[-85.609987,43.057708],[-85.609588,43.058770],[-85.609460,43.059197],[-85.609370,43.059806],[-85.609322,43.060299],[-85.609316,43.061655],[-85.604600,43.059274],[-85.601087,43.057122],[-85.597110,43.056141],[-85.594634,43.056409],[-85.592740,43.056840],[-85.588925,43.059121],[-85.585952,43.060742],[-85.584916,43.062292],[-85.582644,43.063198],[-85.581258,43.063509],[-85.580150,43.063619],[-85.579916,43.063623]]]}},{"type":"Feature","properties":{"code":"0816466000009","mcd":"64660","jurisdiction":"Plainfield Township","ward":null,"precinct":9,"name":"Plainfield Twp 9","voters":2851},"geometry":{"type":"Polygon","coordinates":[[[-85.653943,43.067894],[-85.653686,43.067903],[-85.653516,43.067939],[-85.652318,43.068496],[-85.652057,43.068599],[-85.651753,43.068680],[-85.651506,43.068712],[-85.643759,43.068563],[-85.643750,43.065150],[-85.641881,43.065148],[-85.641871,43.065461],[-85.641750,43.065476],[-85.640760,43.065489],[-85.640764,43.064664],[-85.640617,43.064401],[-85.640381,43.064382],[-85.640062,43.064402],[-85.640062,43.064952],[-85.638863,43.064931],[-85.638647,43.065539],[-85.638043,43.065421],[-85.638035,43.065385],[-85.637416,43.065562],[-85.637199,43.065521],[-85.636380,43.065859],[-85.635928,43.065989],[-85.635356,43.065556],[-85.634633,43.065045],[-85.633459,43.063962],[-85.633934,43.063703],[-85.633752,43.063553],[-85.633753,43.062578],[-85.634575,43.063354],[-85.635571,43.062813],[-85.636160,43.062473],[-85.636805,43.062071],[-85.637970,43.061263],[-85.639334,43.060285],[-85.638449,43.059447],[-85.636180,43.060801],[-85.633998,43.062067],[-85.633898,43.061472],[-85.634188,43.061352],[-85.634485,43.061169],[-85.633811,43.060725],[-85.634286,43.060467],[-85.634615,43.060232],[-85.640058,43.056589],[-85.640333,43.056277],[-85.643207,43.052680],[-85.645022,43.048903],[-85.645301,43.048056],[-85.646926,43.046853],[-85.650151,43.045247],[-85.656871,43.039025],[-85.660392,43.032874],[-85.660419,43.032690],[-85.660520,43.029038],[-85.664768,43.029063],[-85.667438,43.029026],[-85.668239,43.029073],[-85.669398,43.029056],[-85.669880,43.029067],[-85.669647,43.030526],[-85.669786,43.032598],[-85.669762,43.034558],[-85.669585,43.036740],[-85.669572,43.037829],[-85.669517,43.038966],[-85.669421,43.039831],[-85.669607,43.041604],[-85.669562,43.045020],[-85.669655,43.045611],[-85.669685,43.045896],[-85.669677,43.046066],[-85.669627,43.046222],[-85.669566,43.046683],[-85.669593,43.046847],[-85.669985,43.047566],[-85.670016,43.048281],[-85.669898,43.049285],[-85.669839,43.053035],[-85.669937,43.061634],[-85.669988,43.063922],[-85.669986,43.065423],[-85.670037,43.072778],[-85.658861,43.072548],[-85.654011,43.072427],[-85.653954,43.069420],[-85.653932,43.069056],[-85.653943,43.067894]]]}},{"type":"Feature","properties":{"code":"0816466000010","mcd":"64660","jurisdiction":"Plainfield Township","ward":null,"precinct":10,"name":"Plainfield Twp 10","voters":2211},"geometry":{"type":"Polygon","coordinates":[[[-85.570529,43.111540],[-85.568343,43.111511],[-85.561954,43.111559],[-85.561687,43.111097],[-85.561704,43.110525],[-85.561945,43.110129],[-85.562848,43.109350],[-85.563247,43.109053],[-85.564022,43.108565],[-85.564247,43.108532],[-85.564562,43.108544],[-85.564727,43.108594],[-85.564854,43.108797],[-85.564921,43.109001],[-85.565040,43.109188],[-85.565272,43.109342],[-85.565582,43.109494],[-85.566891,43.109834],[-85.567221,43.109868],[-85.567619,43.109874],[-85.567919,43.109797],[-85.568917,43.109727],[-85.569420,43.109640],[-85.569909,43.109382],[-85.570420,43.109048],[-85.570692,43.108679],[-85.570874,43.108119],[-85.570920,43.107701],[-85.570869,43.107426],[-85.571034,43.107233],[-85.571058,43.106991],[-85.571172,43.106480],[-85.571105,43.106331],[-85.571015,43.106227],[-85.571091,43.105963],[-85.571242,43.105710],[-85.571310,43.105479],[-85.571350,43.104748],[-85.571944,43.104600],[-85.572244,43.104463],[-85.572507,43.104254],[-85.572748,43.104128],[-85.572859,43.103934],[-85.573306,43.103386],[-85.573651,43.103211],[-85.574042,43.102958],[-85.574193,43.102772],[-85.574456,43.102541],[-85.574952,43.102294],[-85.575508,43.102086],[-85.575981,43.102054],[-85.576319,43.102104],[-85.576633,43.102198],[-85.576828,43.102198],[-85.577114,43.102121],[-85.577602,43.102050],[-85.577902,43.102040],[-85.577939,43.101805],[-85.579385,43.101612],[-85.580007,43.101786],[-85.580866,43.101786],[-85.581458,43.101873],[-85.581800,43.102108],[-85.582143,43.102175],[-85.582253,43.102266],[-85.582717,43.102431],[-85.583137,43.102410],[-85.583972,43.101878],[-85.584341,43.101587],[-85.585333,43.101005],[-85.585746,43.100653],[-85.585995,43.100395],[-85.585936,43.099911],[-85.585496,43.099096],[-85.585332,43.098728],[-85.585273,43.098409],[-85.585342,43.098112],[-85.585185,43.097831],[-85.584976,43.097506],[-85.585001,43.096830],[-85.584936,43.095796],[-85.584839,43.095740],[-85.584704,43.095619],[-85.584653,43.095196],[-85.584842,43.094745],[-85.585278,43.094399],[-85.585931,43.094361],[-85.586605,43.094637],[-85.587197,43.094952],[-85.588103,43.095503],[-85.588605,43.095663],[-85.589010,43.095702],[-85.589491,43.095626],[-85.590473,43.095627],[-85.591021,43.095506],[-85.591464,43.095375],[-85.591780,43.095095],[-85.591879,43.094776],[-85.591835,43.094512],[-85.591528,43.094149],[-85.590884,43.093878],[-85.590644,43.093663],[-85.590361,43.093229],[-85.590166,43.093008],[-85.589972,43.092882],[-85.589710,43.092650],[-85.589561,43.092375],[-85.589345,43.091885],[-85.589256,43.091500],[-85.589219,43.091093],[-85.589228,43.090779],[-85.589311,43.090461],[-85.589650,43.090070],[-85.589786,43.089884],[-85.589959,43.089735],[-85.590432,43.089400],[-85.590748,43.089258],[-85.590944,43.089027],[-85.591177,43.088791],[-85.591492,43.088615],[-85.591827,43.088300],[-85.591933,43.088019],[-85.591908,43.087809],[-85.592056,43.087547],[-85.591849,43.087219],[-85.591017,43.086516],[-85.590632,43.085817],[-85.590395,43.085138],[-85.590276,43.084441],[-85.590275,43.083783],[-85.590332,43.083258],[-85.590569,43.082601],[-85.590761,43.082395],[-85.590565,43.082263],[-85.590097,43.081895],[-85.589947,43.081706],[-85.589879,43.081542],[-85.589846,43.081397],[-85.589787,43.077327],[-85.589718,43.074838],[-85.589733,43.073831],[-85.589704,43.072807],[-85.589325,43.072436],[-85.588923,43.071959],[-85.588661,43.071714],[-85.588504,43.071619],[-85.588312,43.071530],[-85.587899,43.071424],[-85.587639,43.071412],[-85.579242,43.071438],[-85.579374,43.071221],[-85.579652,43.070564],[-85.579756,43.070225],[-85.579821,43.069947],[-85.579881,43.069507],[-85.579895,43.069325],[-85.579951,43.064682],[-85.579904,43.064456],[-85.579916,43.063623],[-85.580150,43.063619],[-85.581258,43.063509],[-85.582644,43.063198],[-85.584916,43.062292],[-85.585952,43.060742],[-85.588925,43.059121],[-85.592740,43.056840],[-85.594634,43.056409],[-85.597110,43.056141],[-85.601087,43.057122],[-85.604600,43.059274],[-85.609316,43.061655],[-85.609292,43.064530],[-85.609304,43.071786],[-85.609325,43.075654],[-85.609365,43.079069],[-85.609345,43.081580],[-85.609244,43.082130],[-85.609043,43.082687],[-85.607683,43.085620],[-85.607352,43.086414],[-85.605980,43.089940],[-85.604917,43.092620],[-85.604695,43.093249],[-85.604605,43.093580],[-85.604543,43.093970],[-85.604508,43.094407],[-85.604567,43.104526],[-85.604648,43.113653],[-85.604625,43.113986],[-85.604519,43.114403],[-85.604469,43.114520],[-85.604293,43.114821],[-85.603908,43.115219],[-85.602973,43.116086],[-85.602860,43.116199],[-85.602784,43.116319],[-85.602740,43.116481],[-85.602743,43.116647],[-85.602788,43.116996],[-85.590474,43.117086],[-85.570526,43.117283],[-85.570503,43.116609],[-85.570486,43.114122],[-85.570497,43.111982],[-85.570529,43.111540]]]}},{"type":"Feature","properties":{"code":"0816466000011","mcd":"64660","jurisdiction":"Plainfield Township","ward":null,"precinct":11,"name":"Plainfield Twp 11","voters":2677},"geometry":{"type":"Polygon","coordinates":[[[-85.551318,43.111526],[-85.550859,43.111508],[-85.550847,43.108108],[-85.550672,43.109407],[-85.550174,43.111496],[-85.549627,43.111494],[-85.550008,43.109540],[-85.550092,43.108295],[-85.550138,43.106989],[-85.550202,43.101441],[-85.550246,43.093428],[-85.550862,43.093407],[-85.565505,43.093302],[-85.570373,43.093287],[-85.577376,43.093323],[-85.580143,43.093314],[-85.580083,43.088284],[-85.580109,43.086253],[-85.580083,43.086141],[-85.580052,43.086063],[-85.579937,43.085884],[-85.579751,43.085752],[-85.578212,43.084429],[-85.578051,43.084264],[-85.577624,43.083901],[-85.577202,43.084190],[-85.575060,43.085762],[-85.574882,43.085875],[-85.574695,43.085957],[-85.574548,43.085979],[-85.574326,43.085992],[-85.569320,43.085994],[-85.568020,43.085921],[-85.567784,43.085873],[-85.567561,43.085779],[-85.566618,43.085180],[-85.566116,43.084930],[-85.566460,43.084601],[-85.566690,43.084269],[-85.566893,43.083773],[-85.566967,43.083321],[-85.567028,43.082809],[-85.567152,43.082219],[-85.568002,43.079327],[-85.568197,43.078710],[-85.568348,43.078195],[-85.568388,43.078008],[-85.568394,43.077854],[-85.568378,43.077732],[-85.568332,43.077619],[-85.568236,43.077488],[-85.569696,43.076669],[-85.570232,43.076390],[-85.570700,43.076172],[-85.571349,43.075892],[-85.572534,43.075434],[-85.575807,43.074212],[-85.576225,43.074020],[-85.576819,43.073710],[-85.577642,43.073177],[-85.578181,43.072729],[-85.578431,43.072490],[-85.578620,43.072276],[-85.578901,43.071929],[-85.579242,43.071438],[-85.587639,43.071412],[-85.587899,43.071424],[-85.588312,43.071530],[-85.588504,43.071619],[-85.588661,43.071714],[-85.588799,43.071832],[-85.588923,43.071959],[-85.589325,43.072436],[-85.589704,43.072807],[-85.589733,43.073831],[-85.589718,43.074838],[-85.589787,43.077327],[-85.589846,43.081397],[-85.589879,43.081542],[-85.589947,43.081706],[-85.590097,43.081895],[-85.590565,43.082263],[-85.590761,43.082395],[-85.590569,43.082601],[-85.590332,43.083258],[-85.590275,43.083783],[-85.590276,43.084441],[-85.590395,43.085138],[-85.590632,43.085817],[-85.591017,43.086516],[-85.591849,43.087219],[-85.592056,43.087547],[-85.591908,43.087809],[-85.591933,43.088019],[-85.591827,43.088300],[-85.591492,43.088615],[-85.591177,43.088791],[-85.590944,43.089027],[-85.590748,43.089258],[-85.590432,43.089400],[-85.589959,43.089735],[-85.589786,43.089884],[-85.589650,43.090070],[-85.589311,43.090461],[-85.589228,43.090779],[-85.589219,43.091093],[-85.589256,43.091500],[-85.589345,43.091885],[-85.589561,43.092375],[-85.589710,43.092650],[-85.589972,43.092882],[-85.590166,43.093008],[-85.590361,43.093229],[-85.590644,43.093663],[-85.590884,43.093878],[-85.591528,43.094149],[-85.591835,43.094512],[-85.591879,43.094776],[-85.591780,43.095095],[-85.591464,43.095375],[-85.591021,43.095506],[-85.590473,43.095627],[-85.589491,43.095626],[-85.589010,43.095702],[-85.588605,43.095663],[-85.588103,43.095503],[-85.587197,43.094952],[-85.586605,43.094637],[-85.585931,43.094361],[-85.585278,43.094399],[-85.584842,43.094745],[-85.584653,43.095196],[-85.584704,43.095619],[-85.584839,43.095740],[-85.584936,43.095796],[-85.585001,43.096830],[-85.584976,43.097506],[-85.585185,43.097831],[-85.585342,43.098112],[-85.585273,43.098409],[-85.585332,43.098728],[-85.585496,43.099096],[-85.585936,43.099911],[-85.585995,43.100395],[-85.585746,43.100653],[-85.585333,43.101005],[-85.584341,43.101587],[-85.583972,43.101878],[-85.583137,43.102410],[-85.582717,43.102431],[-85.582253,43.102266],[-85.582143,43.102175],[-85.581800,43.102108],[-85.581458,43.101873],[-85.580866,43.101786],[-85.580007,43.101786],[-85.579385,43.101612],[-85.577939,43.101805],[-85.577902,43.102040],[-85.577602,43.102050],[-85.577114,43.102121],[-85.576828,43.102198],[-85.576633,43.102198],[-85.576319,43.102104],[-85.575981,43.102054],[-85.575508,43.102086],[-85.574952,43.102294],[-85.574456,43.102541],[-85.574193,43.102772],[-85.574042,43.102958],[-85.573651,43.103211],[-85.573306,43.103386],[-85.572859,43.103934],[-85.572748,43.104128],[-85.572507,43.104254],[-85.572244,43.104463],[-85.571944,43.104600],[-85.571350,43.104748],[-85.571310,43.105479],[-85.571242,43.105710],[-85.571091,43.105963],[-85.571015,43.106227],[-85.571105,43.106331],[-85.571172,43.106480],[-85.571058,43.106991],[-85.571034,43.107233],[-85.570869,43.107426],[-85.570920,43.107701],[-85.570874,43.108119],[-85.570692,43.108679],[-85.570420,43.109048],[-85.569909,43.109382],[-85.569420,43.109640],[-85.568917,43.109727],[-85.567919,43.109797],[-85.567619,43.109874],[-85.567221,43.109868],[-85.566891,43.109834],[-85.565582,43.109494],[-85.565272,43.109342],[-85.565040,43.109188],[-85.564921,43.109001],[-85.564854,43.108797],[-85.564727,43.108594],[-85.564562,43.108544],[-85.564247,43.108532],[-85.564022,43.108565],[-85.563247,43.109053],[-85.562848,43.109350],[-85.561945,43.110129],[-85.561704,43.110525],[-85.561687,43.111097],[-85.561954,43.111559],[-85.555752,43.111569],[-85.551318,43.111526]]]}},{"type":"Feature","properties":{"code":"0816908000001","mcd":"69080","jurisdiction":"Rockford","ward":null,"precinct":1,"name":"Rockford 1","voters":1993},"geometry":{"type":"Polygon","coordinates":[[[-85.547069,43.142863],[-85.543612,43.142862],[-85.540511,43.142843],[-85.540275,43.135562],[-85.535745,43.135501],[-85.535636,43.131977],[-85.543456,43.131959],[-85.544370,43.130571],[-85.545524,43.129110],[-85.545812,43.128788],[-85.546098,43.128590],[-85.546321,43.128487],[-85.546594,43.128392],[-85.546910,43.128328],[-85.547495,43.128289],[-85.547482,43.127590],[-85.545531,43.127566],[-85.545549,43.126644],[-85.545537,43.124806],[-85.545520,43.124668],[-85.545461,43.124433],[-85.545330,43.124062],[-85.544901,43.123055],[-85.544830,43.122855],[-85.544592,43.122335],[-85.544351,43.121911],[-85.544250,43.121767],[-85.543986,43.121523],[-85.543302,43.121067],[-85.543115,43.120894],[-85.542933,43.120681],[-85.542781,43.120435],[-85.542653,43.120109],[-85.542577,43.119679],[-85.542523,43.119105],[-85.542592,43.118082],[-85.543278,43.118082],[-85.543279,43.117971],[-85.546254,43.117950],[-85.546240,43.117421],[-85.544688,43.117428],[-85.544529,43.111470],[-85.550174,43.111496],[-85.550672,43.109407],[-85.550847,43.108108],[-85.550859,43.111508],[-85.551318,43.111526],[-85.555752,43.111569],[-85.561954,43.111559],[-85.562006,43.112143],[-85.561772,43.112401],[-85.561185,43.112829],[-85.560929,43.113060],[-85.560801,43.113384],[-85.560694,43.113741],[-85.560791,43.114044],[-85.560955,43.114358],[-85.560999,43.114644],[-85.560893,43.114996],[-85.560884,43.115205],[-85.560808,43.115611],[-85.560957,43.115980],[-85.561196,43.116234],[-85.561428,43.116515],[-85.561287,43.116560],[-85.561548,43.116816],[-85.561771,43.117090],[-85.561840,43.116919],[-85.562108,43.117148],[-85.562294,43.117561],[-85.562376,43.117786],[-85.562441,43.118502],[-85.562432,43.118997],[-85.562481,43.119866],[-85.562473,43.120047],[-85.562532,43.120306],[-85.562524,43.120487],[-85.562561,43.120740],[-85.562560,43.120949],[-85.562439,43.121367],[-85.562415,43.121747],[-85.562533,43.122236],[-85.562741,43.122798],[-85.562769,43.123315],[-85.562588,43.123716],[-85.562263,43.124205],[-85.561932,43.124590],[-85.561751,43.124721],[-85.561465,43.125045],[-85.561265,43.125171],[-85.561148,43.125316],[-85.561032,43.125514],[-85.560814,43.126015],[-85.560598,43.126197],[-85.560291,43.126726],[-85.559631,43.127121],[-85.559477,43.127707],[-85.558587,43.128102],[-85.558771,43.128417],[-85.558832,43.129071],[-85.558203,43.129353],[-85.557727,43.129838],[-85.557428,43.130237],[-85.557314,43.130453],[-85.557335,43.130639],[-85.557543,43.130661],[-85.558971,43.130041],[-85.559278,43.130052],[-85.559398,43.130101],[-85.559569,43.130334],[-85.559017,43.131281],[-85.558892,43.131693],[-85.558647,43.132189],[-85.558293,43.132426],[-85.557617,43.132416],[-85.557259,43.132463],[-85.557278,43.132864],[-85.557773,43.133051],[-85.558473,43.133142],[-85.558932,43.133289],[-85.559109,43.133592],[-85.558975,43.134001],[-85.558759,43.134504],[-85.558541,43.134743],[-85.558220,43.135031],[-85.557712,43.135234],[-85.556912,43.135439],[-85.556574,43.135688],[-85.556127,43.136162],[-85.555679,43.136874],[-85.555770,43.137429],[-85.556590,43.137983],[-85.557761,43.138695],[-85.558967,43.139201],[-85.559775,43.139778],[-85.559909,43.139945],[-85.560136,43.140547],[-85.560275,43.140656],[-85.560643,43.140867],[-85.560836,43.141000],[-85.561040,43.141188],[-85.561145,43.141443],[-85.561122,43.141625],[-85.561057,43.141792],[-85.560816,43.141984],[-85.560698,43.142114],[-85.560648,43.142274],[-85.560671,43.142508],[-85.560502,43.142789],[-85.550750,43.142823],[-85.550744,43.146537],[-85.547106,43.146528],[-85.547069,43.142863]],[[-85.551872,43.139178],[-85.550739,43.139172],[-85.550756,43.139806],[-85.551881,43.139807],[-85.551872,43.139178]]]}},{"type":"Feature","properties":{"code":"0816908000002","mcd":"69080","jurisdiction":"Rockford","ward":null,"precinct":2,"name":"Rockford 2","voters":3033},"geometry":{"type":"Polygon","coordinates":[[[-85.565898,43.139233],[-85.558967,43.139201],[-85.557761,43.138695],[-85.556590,43.137983],[-85.555770,43.137429],[-85.555679,43.136874],[-85.556127,43.136162],[-85.556574,43.135688],[-85.556912,43.135439],[-85.557712,43.135234],[-85.558220,43.135031],[-85.558541,43.134743],[-85.558759,43.134504],[-85.558975,43.134001],[-85.559109,43.133592],[-85.558932,43.133289],[-85.558473,43.133142],[-85.557773,43.133051],[-85.557278,43.132864],[-85.557259,43.132463],[-85.557617,43.132416],[-85.558293,43.132426],[-85.558647,43.132189],[-85.558892,43.131693],[-85.559017,43.131281],[-85.559569,43.130334],[-85.559398,43.130101],[-85.559278,43.130052],[-85.558971,43.130041],[-85.557543,43.130661],[-85.557335,43.130639],[-85.557314,43.130453],[-85.557428,43.130237],[-85.557727,43.129838],[-85.558203,43.129353],[-85.558832,43.129071],[-85.558771,43.128417],[-85.558587,43.128102],[-85.559477,43.127707],[-85.559631,43.127121],[-85.560291,43.126726],[-85.560598,43.126197],[-85.560814,43.126015],[-85.561032,43.125514],[-85.561148,43.125316],[-85.561265,43.125171],[-85.561465,43.125045],[-85.561751,43.124721],[-85.561932,43.124590],[-85.562263,43.124205],[-85.562588,43.123716],[-85.562769,43.123315],[-85.562741,43.122798],[-85.562533,43.122236],[-85.562415,43.121747],[-85.562439,43.121367],[-85.562560,43.120949],[-85.562561,43.120740],[-85.562524,43.120487],[-85.562532,43.120306],[-85.562473,43.120047],[-85.562481,43.119866],[-85.562432,43.118997],[-85.562441,43.118502],[-85.562376,43.117786],[-85.562294,43.117561],[-85.562108,43.117148],[-85.561840,43.116919],[-85.561771,43.117090],[-85.561548,43.116816],[-85.561287,43.116560],[-85.561428,43.116515],[-85.561196,43.116234],[-85.560957,43.115980],[-85.560808,43.115611],[-85.560884,43.115205],[-85.560893,43.114996],[-85.560999,43.114644],[-85.560955,43.114358],[-85.560791,43.114044],[-85.560694,43.113741],[-85.560801,43.113384],[-85.560929,43.113060],[-85.561185,43.112829],[-85.561772,43.112401],[-85.562006,43.112143],[-85.561954,43.111559],[-85.568343,43.111511],[-85.570529,43.111540],[-85.570497,43.111982],[-85.570486,43.114122],[-85.570503,43.116609],[-85.570526,43.117283],[-85.578171,43.117202],[-85.578175,43.119120],[-85.580913,43.119089],[-85.580938,43.130376],[-85.580003,43.130382],[-85.580009,43.131789],[-85.575723,43.131824],[-85.575702,43.130676],[-85.574914,43.130684],[-85.574936,43.131831],[-85.570918,43.131867],[-85.570920,43.128971],[-85.569755,43.129645],[-85.565845,43.129659],[-85.565858,43.135541],[-85.565898,43.139233]]]}},{"type":"Feature","properties":{"code":"0817446000001","mcd":"74460","jurisdiction":"Solon Township","ward":null,"precinct":1,"name":"Solon Twp 1","voters":2072},"geometry":{"type":"MultiPolygon","coordinates":[[[[-85.551136,43.207407],[-85.552131,43.207397],[-85.552131,43.207849],[-85.551131,43.207860],[-85.551136,43.207407]]],[[[-85.557189,43.212727],[-85.558252,43.209125],[-85.556091,43.209141],[-85.556093,43.207365],[-85.556072,43.206709],[-85.556032,43.206709],[-85.556031,43.206460],[-85.551144,43.206501],[-85.551145,43.205528],[-85.560891,43.205449],[-85.560900,43.208542],[-85.558812,43.208534],[-85.557567,43.212725],[-85.557189,43.212727]]],[[[-85.557182,43.212727],[-85.556227,43.215900],[-85.554861,43.215866],[-85.554857,43.216395],[-85.553635,43.216403],[-85.553630,43.214991],[-85.551144,43.214981],[-85.551132,43.212781],[-85.557182,43.212727]]],[[[-85.551133,43.211345],[-85.551143,43.208861],[-85.551964,43.208858],[-85.551979,43.209164],[-85.553562,43.209159],[-85.553552,43.211357],[-85.551133,43.211345]]],[[[-85.551142,43.208760],[-85.551133,43.208205],[-85.551921,43.208197],[-85.551921,43.208761],[-85.551142,43.208760]]],[[[-85.578039,43.263303],[-85.577652,43.263236],[-85.575943,43.263234],[-85.551457,43.263373],[-85.551410,43.256490],[-85.551306,43.247896],[-85.551273,43.241741],[-85.551258,43.234447],[-85.561272,43.234376],[-85.561091,43.219968],[-85.561089,43.212716],[-85.568606,43.212623],[-85.568517,43.209012],[-85.571052,43.208981],[-85.570980,43.205382],[-85.574218,43.205356],[-85.574538,43.205323],[-85.574915,43.205225],[-85.575563,43.205357],[-85.576674,43.205346],[-85.577332,43.205484],[-85.577658,43.205357],[-85.577981,43.205319],[-85.580740,43.205333],[-85.610983,43.205095],[-85.610850,43.205495],[-85.610799,43.205898],[-85.610855,43.219567],[-85.611094,43.239879],[-85.611128,43.241275],[-85.611220,43.248491],[-85.611335,43.262942],[-85.602895,43.263006],[-85.602521,43.263047],[-85.602263,43.263113],[-85.602039,43.263208],[-85.601856,43.263313],[-85.601701,43.263435],[-85.601582,43.263567],[-85.601475,43.263730],[-85.601414,43.263873],[-85.601375,43.264031],[-85.601363,43.264232],[-85.601357,43.265763],[-85.601249,43.266024],[-85.601148,43.266177],[-85.600941,43.266357],[-85.600713,43.266512],[-85.600519,43.266592],[-85.600312,43.266646],[-85.600081,43.266683],[-85.599588,43.266709],[-85.579715,43.266813],[-85.579329,43.266715],[-85.579164,43.266628],[-85.578959,43.266435],[-85.578877,43.266309],[-85.578831,43.266152],[-85.578819,43.266006],[-85.578743,43.264069],[-85.578710,43.263897],[-85.578656,43.263776],[-85.578572,43.263642],[-85.578446,43.263521],[-85.578285,43.263410],[-85.578039,43.263303]]],[[[-85.561169,43.209098],[-85.561126,43.205447],[-85.566023,43.205408],[-85.566066,43.209065],[-85.561169,43.209098]]]]}},{"type":"Feature","properties":{"code":"0817446000002","mcd":"74460","jurisdiction":"Solon Township","ward":null,"precinct":2,"name":"Solon Twp 2","voters":1805},"geometry":{"type":"Polygon","coordinates":[[[-85.672029,43.237915],[-85.669555,43.237906],[-85.640836,43.237545],[-85.641006,43.248436],[-85.631020,43.248391],[-85.624506,43.248342],[-85.621080,43.248369],[-85.611220,43.248490],[-85.611128,43.241275],[-85.611094,43.239879],[-85.610949,43.227998],[-85.610855,43.219567],[-85.610834,43.215846],[-85.610799,43.205898],[-85.610850,43.205495],[-85.610983,43.205095],[-85.618040,43.205021],[-85.631170,43.204952],[-85.631352,43.204942],[-85.631457,43.204901],[-85.631521,43.204837],[-85.631568,43.204741],[-85.632154,43.204833],[-85.632681,43.204859],[-85.633774,43.204979],[-85.653991,43.205167],[-85.656063,43.205114],[-85.664896,43.205161],[-85.671651,43.205275],[-85.671809,43.223286],[-85.671934,43.230729],[-85.672029,43.237915]]]}},{"type":"Feature","properties":{"code":"0817446000003","mcd":"74460","jurisdiction":"Solon Township","ward":null,"precinct":3,"name":"Solon Twp 3","voters":1597},"geometry":{"type":"Polygon","coordinates":[[[-85.611220,43.248491],[-85.621080,43.248369],[-85.624506,43.248342],[-85.631020,43.248391],[-85.641006,43.248436],[-85.640836,43.237545],[-85.669555,43.237906],[-85.672029,43.237915],[-85.672123,43.245165],[-85.672199,43.248838],[-85.672268,43.253877],[-85.672451,43.255503],[-85.672463,43.260214],[-85.672529,43.263379],[-85.672511,43.265809],[-85.672113,43.270650],[-85.672802,43.277946],[-85.672906,43.281767],[-85.672959,43.285571],[-85.673034,43.291855],[-85.673012,43.293839],[-85.658962,43.293952],[-85.658102,43.293904],[-85.656928,43.293771],[-85.656455,43.293762],[-85.655767,43.293807],[-85.654878,43.293901],[-85.653728,43.293941],[-85.650149,43.293974],[-85.641727,43.294001],[-85.631480,43.294107],[-85.621797,43.294100],[-85.606625,43.294195],[-85.602114,43.294239],[-85.596669,43.294226],[-85.594409,43.294207],[-85.591777,43.294159],[-85.589985,43.294195],[-85.586628,43.294231],[-85.581670,43.294217],[-85.566675,43.294276],[-85.551783,43.294296],[-85.551720,43.287228],[-85.551633,43.281539],[-85.551500,43.270717],[-85.551457,43.263373],[-85.575943,43.263234],[-85.577652,43.263236],[-85.578039,43.263303],[-85.578285,43.263410],[-85.578446,43.263521],[-85.578572,43.263642],[-85.578656,43.263776],[-85.578710,43.263897],[-85.578743,43.264069],[-85.578819,43.266006],[-85.578831,43.266152],[-85.578877,43.266309],[-85.578959,43.266435],[-85.579164,43.266628],[-85.579329,43.266715],[-85.579715,43.266813],[-85.599588,43.266709],[-85.600081,43.266683],[-85.600312,43.266646],[-85.600519,43.266592],[-85.600713,43.266512],[-85.600941,43.266357],[-85.601148,43.266177],[-85.601249,43.266024],[-85.601357,43.265763],[-85.601363,43.264232],[-85.601375,43.264031],[-85.601414,43.263873],[-85.601475,43.263730],[-85.601582,43.263567],[-85.601701,43.263435],[-85.601856,43.263313],[-85.602039,43.263208],[-85.602263,43.263113],[-85.602521,43.263047],[-85.602895,43.263006],[-85.611335,43.262942],[-85.611220,43.248491]]]}},{"type":"Feature","properties":{"code":"0817544000001","mcd":"75440","jurisdiction":"Sparta Township","ward":null,"precinct":1,"name":"Sparta Twp 1","voters":3386},"geometry":{"type":"MultiPolygon","coordinates":[[[[-85.690723,43.167884],[-85.690622,43.161956],[-85.690612,43.160568],[-85.693659,43.160604],[-85.693675,43.160712],[-85.695239,43.160724],[-85.695237,43.160619],[-85.695822,43.160630],[-85.695817,43.159715],[-85.696379,43.159721],[-85.696380,43.159812],[-85.697129,43.159820],[-85.697114,43.158357],[-85.696837,43.158354],[-85.696835,43.158146],[-85.694923,43.158129],[-85.694910,43.156934],[-85.688074,43.156879],[-85.688074,43.156653],[-85.690547,43.156685],[-85.690577,43.153278],[-85.700242,43.153378],[-85.700253,43.151823],[-85.700203,43.149758],[-85.700186,43.146109],[-85.701332,43.146124],[-85.701333,43.145269],[-85.700207,43.145257],[-85.700195,43.142391],[-85.708306,43.142498],[-85.708306,43.143006],[-85.710047,43.143021],[-85.710046,43.142003],[-85.710737,43.142015],[-85.710736,43.141677],[-85.715045,43.141739],[-85.715050,43.142652],[-85.712516,43.142615],[-85.712516,43.143301],[-85.710046,43.143264],[-85.710045,43.143355],[-85.712515,43.143387],[-85.712518,43.144266],[-85.714663,43.144292],[-85.714678,43.146294],[-85.721368,43.146395],[-85.722588,43.148957],[-85.722577,43.152712],[-85.721112,43.152726],[-85.721118,43.153191],[-85.721034,43.153191],[-85.721040,43.153662],[-85.724919,43.153698],[-85.725110,43.154160],[-85.725310,43.154756],[-85.725488,43.155505],[-85.725563,43.156006],[-85.725602,43.156462],[-85.725612,43.156993],[-85.725162,43.158180],[-85.722813,43.160121],[-85.722811,43.160355],[-85.722186,43.160803],[-85.721961,43.160802],[-85.721960,43.160971],[-85.722568,43.160983],[-85.722568,43.161067],[-85.724254,43.162278],[-85.723851,43.163795],[-85.724125,43.163835],[-85.722931,43.168261],[-85.703794,43.168033],[-85.703793,43.168047],[-85.701608,43.168023],[-85.701598,43.168568],[-85.700481,43.168558],[-85.700439,43.167056],[-85.697170,43.167019],[-85.697181,43.167567],[-85.698815,43.167586],[-85.698824,43.167953],[-85.699318,43.167960],[-85.698799,43.168095],[-85.698397,43.168246],[-85.697924,43.168474],[-85.697391,43.168797],[-85.695625,43.168795],[-85.695614,43.167937],[-85.690723,43.167884]]],[[[-85.725010,43.147305],[-85.723235,43.147769],[-85.722654,43.146578],[-85.723793,43.146595],[-85.723797,43.146428],[-85.725034,43.146445],[-85.725010,43.147305]]],[[[-85.726240,43.154059],[-85.726117,43.153733],[-85.735082,43.153866],[-85.735135,43.160190],[-85.732448,43.160205],[-85.731985,43.160236],[-85.731315,43.160347],[-85.728795,43.160931],[-85.728637,43.160954],[-85.728633,43.160900],[-85.728407,43.160897],[-85.728021,43.160603],[-85.728039,43.159936],[-85.726529,43.158541],[-85.726670,43.157686],[-85.726712,43.157125],[-85.726701,43.156281],[-85.726645,43.155719],[-85.726549,43.155161],[-85.726414,43.154607],[-85.726240,43.154059]]]]}},{"type":"Feature","properties":{"code":"0817544000002","mcd":"75440","jurisdiction":"Sparta Township","ward":null,"precinct":2,"name":"Sparta Twp 2","voters":3991},"geometry":{"type":"Polygon","coordinates":[[[-85.671651,43.205275],[-85.671550,43.201991],[-85.671279,43.191794],[-85.671357,43.191654],[-85.671361,43.191040],[-85.671269,43.189785],[-85.671264,43.189624],[-85.671302,43.189498],[-85.671272,43.189482],[-85.671246,43.189395],[-85.671159,43.185841],[-85.671103,43.182166],[-85.671046,43.179852],[-85.670923,43.176309],[-85.670697,43.166471],[-85.670682,43.163957],[-85.670553,43.152948],[-85.670404,43.142157],[-85.670368,43.134700],[-85.670312,43.131206],[-85.670286,43.127645],[-85.670251,43.116621],[-85.680198,43.116659],[-85.691019,43.116786],[-85.696842,43.116872],[-85.697160,43.116865],[-85.702184,43.116956],[-85.708880,43.117036],[-85.720000,43.117223],[-85.749851,43.117660],[-85.789229,43.118041],[-85.789673,43.147080],[-85.790227,43.176119],[-85.790336,43.183378],[-85.790412,43.190705],[-85.790666,43.205174],[-85.789443,43.205149],[-85.783821,43.205091],[-85.757678,43.204941],[-85.756478,43.204956],[-85.745619,43.204945],[-85.741019,43.205007],[-85.737532,43.204974],[-85.726803,43.205025],[-85.726348,43.205052],[-85.726073,43.205090],[-85.723547,43.205130],[-85.718813,43.205155],[-85.712589,43.205174],[-85.711193,43.205095],[-85.703894,43.205118],[-85.688016,43.205212],[-85.687884,43.205222],[-85.687659,43.205272],[-85.687289,43.205183],[-85.678366,43.205191],[-85.678172,43.205249],[-85.677818,43.205285],[-85.672602,43.205298],[-85.671651,43.205275]]]}},{"type":"Feature","properties":{"code":"0817556000001","mcd":"75560","jurisdiction":"Spencer Township","ward":null,"precinct":1,"name":"Spencer Twp 1","voters":2179},"geometry":{"type":"Polygon","coordinates":[[[-85.332065,43.294367],[-85.312381,43.294213],[-85.312263,43.286013],[-85.312274,43.283674],[-85.312251,43.279723],[-85.312330,43.271738],[-85.312342,43.264510],[-85.312267,43.252362],[-85.312296,43.250037],[-85.312309,43.246394],[-85.312268,43.234246],[-85.312303,43.232449],[-85.312255,43.231593],[-85.312215,43.222530],[-85.312255,43.206446],[-85.322154,43.206420],[-85.332378,43.206279],[-85.333820,43.206275],[-85.335288,43.206366],[-85.335986,43.206387],[-85.341462,43.205937],[-85.341894,43.205952],[-85.342031,43.206191],[-85.342095,43.206248],[-85.342173,43.206265],[-85.342389,43.206273],[-85.343180,43.206219],[-85.344459,43.206205],[-85.354524,43.206324],[-85.361741,43.206274],[-85.364939,43.206217],[-85.375110,43.206191],[-85.379636,43.206219],[-85.381476,43.206204],[-85.381672,43.206246],[-85.381738,43.206281],[-85.381886,43.206228],[-85.382038,43.206212],[-85.386627,43.206187],[-85.386610,43.214291],[-85.386539,43.220758],[-85.381711,43.220752],[-85.381698,43.222664],[-85.381706,43.224268],[-85.381978,43.235367],[-85.380940,43.235343],[-85.380409,43.235311],[-85.380120,43.235272],[-85.378271,43.234928],[-85.377840,43.234872],[-85.377302,43.234855],[-85.376794,43.234864],[-85.376356,43.234900],[-85.375671,43.235003],[-85.374652,43.235196],[-85.374182,43.235269],[-85.373472,43.235345],[-85.370266,43.235372],[-85.370234,43.236804],[-85.369235,43.236892],[-85.369210,43.235379],[-85.365851,43.235400],[-85.364854,43.235336],[-85.364058,43.235232],[-85.364129,43.237648],[-85.364078,43.246012],[-85.360401,43.246118],[-85.352044,43.246238],[-85.351877,43.246338],[-85.351985,43.246383],[-85.352033,43.246421],[-85.352095,43.246474],[-85.352130,43.246539],[-85.352138,43.249841],[-85.355240,43.249814],[-85.361963,43.249947],[-85.362075,43.257182],[-85.357006,43.257220],[-85.357019,43.257891],[-85.357009,43.260839],[-85.361605,43.260833],[-85.361592,43.260904],[-85.361498,43.260905],[-85.361345,43.261585],[-85.361346,43.262218],[-85.360846,43.262360],[-85.361030,43.262681],[-85.361081,43.262673],[-85.360938,43.264304],[-85.354978,43.264375],[-85.352347,43.264336],[-85.351760,43.264670],[-85.351539,43.265426],[-85.352034,43.266978],[-85.352442,43.270767],[-85.352633,43.272364],[-85.352466,43.272419],[-85.352027,43.272499],[-85.350044,43.272631],[-85.350066,43.273329],[-85.350632,43.273879],[-85.352721,43.273415],[-85.353087,43.273740],[-85.352009,43.274434],[-85.351823,43.274574],[-85.352415,43.274818],[-85.352075,43.275063],[-85.351469,43.275173],[-85.351384,43.275706],[-85.352159,43.276175],[-85.352079,43.276862],[-85.352709,43.277401],[-85.354795,43.277374],[-85.357187,43.277388],[-85.357071,43.282559],[-85.357757,43.282767],[-85.362308,43.282809],[-85.367263,43.282737],[-85.367238,43.289983],[-85.372266,43.289977],[-85.377239,43.290011],[-85.377217,43.286325],[-85.402378,43.286322],[-85.402380,43.279040],[-85.407343,43.278992],[-85.407405,43.282209],[-85.412407,43.282180],[-85.412402,43.281612],[-85.414145,43.281593],[-85.414134,43.280702],[-85.412391,43.280720],[-85.412375,43.278974],[-85.424065,43.278858],[-85.431766,43.278762],[-85.431886,43.285987],[-85.422292,43.286121],[-85.422343,43.294314],[-85.383340,43.294354],[-85.373410,43.294399],[-85.362589,43.294412],[-85.343775,43.294362],[-85.332065,43.294367]]]}},{"type":"Feature","properties":{"code":"0817556000002","mcd":"75560","jurisdiction":"Spencer Township","ward":null,"precinct":2,"name":"Spencer Twp 2","voters":1532},"geometry":{"type":"MultiPolygon","coordinates":[[[[-85.367238,43.289983],[-85.367263,43.282737],[-85.362308,43.282809],[-85.357757,43.282767],[-85.357071,43.282559],[-85.357187,43.277388],[-85.354795,43.277374],[-85.352709,43.277401],[-85.352079,43.276862],[-85.352159,43.276175],[-85.351384,43.275706],[-85.351469,43.275173],[-85.352075,43.275063],[-85.352415,43.274818],[-85.351823,43.274574],[-85.352009,43.274434],[-85.353087,43.273740],[-85.352721,43.273415],[-85.350632,43.273879],[-85.350066,43.273329],[-85.350044,43.272631],[-85.352027,43.272499],[-85.352466,43.272419],[-85.352633,43.272364],[-85.352442,43.270767],[-85.352034,43.266978],[-85.351539,43.265426],[-85.351760,43.264670],[-85.352347,43.264336],[-85.354978,43.264375],[-85.360938,43.264304],[-85.361081,43.262673],[-85.361030,43.262681],[-85.360846,43.262360],[-85.361346,43.262218],[-85.361345,43.261585],[-85.361498,43.260905],[-85.361592,43.260904],[-85.361605,43.260833],[-85.357009,43.260839],[-85.357019,43.257891],[-85.357006,43.257220],[-85.362075,43.257182],[-85.361963,43.249947],[-85.355240,43.249814],[-85.352138,43.249841],[-85.352130,43.246539],[-85.352095,43.246474],[-85.352033,43.246421],[-85.351985,43.246383],[-85.351877,43.246338],[-85.352044,43.246238],[-85.360401,43.246118],[-85.364078,43.246012],[-85.364129,43.237648],[-85.364058,43.235232],[-85.364854,43.235336],[-85.365851,43.235400],[-85.369210,43.235379],[-85.369235,43.236892],[-85.370234,43.236804],[-85.370266,43.235372],[-85.373472,43.235345],[-85.374182,43.235269],[-85.374652,43.235196],[-85.375671,43.235003],[-85.376356,43.234900],[-85.376794,43.234864],[-85.377302,43.234855],[-85.377840,43.234872],[-85.378271,43.234928],[-85.380120,43.235272],[-85.380409,43.235311],[-85.380940,43.235343],[-85.381978,43.235367],[-85.381706,43.224268],[-85.381698,43.222664],[-85.381711,43.220752],[-85.386539,43.220758],[-85.386610,43.214291],[-85.386627,43.206187],[-85.391559,43.206206],[-85.411432,43.206127],[-85.415657,43.206093],[-85.418179,43.206055],[-85.418306,43.206039],[-85.418601,43.205953],[-85.421667,43.206058],[-85.428927,43.206015],[-85.431496,43.206021],[-85.431530,43.209499],[-85.431560,43.210882],[-85.431628,43.220529],[-85.431687,43.223158],[-85.431580,43.224577],[-85.431569,43.226734],[-85.431589,43.230430],[-85.431649,43.234098],[-85.431604,43.242339],[-85.431607,43.249634],[-85.431594,43.250210],[-85.431651,43.256723],[-85.431690,43.257859],[-85.431796,43.264231],[-85.431730,43.264254],[-85.431640,43.264356],[-85.431635,43.264486],[-85.431690,43.267875],[-85.431741,43.273569],[-85.431766,43.278762],[-85.424065,43.278858],[-85.412375,43.278974],[-85.412391,43.280720],[-85.414134,43.280702],[-85.414145,43.281593],[-85.412402,43.281612],[-85.412407,43.282180],[-85.407405,43.282209],[-85.407343,43.278992],[-85.402380,43.279040],[-85.402378,43.286322],[-85.377217,43.286325],[-85.377239,43.290011],[-85.372266,43.289977],[-85.367238,43.289983]]],[[[-85.422343,43.294313],[-85.422292,43.286121],[-85.431886,43.285987],[-85.432013,43.294330],[-85.429954,43.294292],[-85.422343,43.294313]]]]}},{"type":"Feature","properties":{"code":"0818114000001","mcd":"81140","jurisdiction":"Tyrone Township","ward":null,"precinct":1,"name":"Tyrone Twp 1","voters":3924},"geometry":{"type":"Polygon","coordinates":[[[-85.673013,43.293839],[-85.673034,43.291855],[-85.672959,43.285571],[-85.672906,43.281767],[-85.672802,43.277946],[-85.672113,43.270650],[-85.672511,43.265809],[-85.672529,43.263379],[-85.672463,43.260214],[-85.672451,43.255503],[-85.672268,43.253877],[-85.672199,43.248838],[-85.672123,43.245165],[-85.671934,43.230729],[-85.671809,43.223286],[-85.671651,43.205275],[-85.672602,43.205298],[-85.677818,43.205285],[-85.678172,43.205249],[-85.678366,43.205191],[-85.687289,43.205183],[-85.687659,43.205272],[-85.687884,43.205222],[-85.688016,43.205212],[-85.703894,43.205118],[-85.711193,43.205095],[-85.712589,43.205174],[-85.718813,43.205155],[-85.723547,43.205130],[-85.726073,43.205090],[-85.726348,43.205052],[-85.726803,43.205025],[-85.737532,43.204974],[-85.741019,43.205007],[-85.745619,43.204945],[-85.756478,43.204956],[-85.757678,43.204941],[-85.783821,43.205091],[-85.789443,43.205149],[-85.790666,43.205174],[-85.790618,43.209267],[-85.790601,43.212488],[-85.790576,43.218939],[-85.790589,43.219688],[-85.790539,43.231187],[-85.790549,43.236009],[-85.790533,43.237756],[-85.790554,43.248754],[-85.790460,43.263272],[-85.790479,43.277924],[-85.790453,43.279564],[-85.790500,43.280693],[-85.790453,43.293011],[-85.781671,43.293046],[-85.780580,43.293066],[-85.779680,43.293055],[-85.760969,43.293200],[-85.752162,43.293238],[-85.741002,43.293319],[-85.737491,43.293293],[-85.711655,43.293321],[-85.705577,43.293450],[-85.702364,43.293549],[-85.697575,43.293609],[-85.692904,43.293637],[-85.687955,43.293690],[-85.681793,43.293774],[-85.673013,43.293839]]]}},{"type":"Feature","properties":{"code":"0818192000001","mcd":"81920","jurisdiction":"Vergennes Township","ward":null,"precinct":1,"name":"Vergennes Twp 1","voters":2067},"geometry":{"type":"Polygon","coordinates":[[[-85.352031,43.029358],[-85.351872,43.018836],[-85.351727,43.007325],[-85.351703,43.001902],[-85.351717,42.994733],[-85.351680,42.985740],[-85.351694,42.975530],[-85.351711,42.975277],[-85.351804,42.974849],[-85.351975,42.974413],[-85.352257,42.973949],[-85.352598,42.973551],[-85.353314,42.972857],[-85.353480,42.972678],[-85.353674,42.972425],[-85.353881,42.972098],[-85.355643,42.968255],[-85.355763,42.967934],[-85.355843,42.967546],[-85.355883,42.967283],[-85.355898,42.967059],[-85.355840,42.965621],[-85.355520,42.959815],[-85.355465,42.959420],[-85.355320,42.958880],[-85.355158,42.958447],[-85.360651,42.958460],[-85.371241,42.958372],[-85.371185,42.957490],[-85.371095,42.956957],[-85.371051,42.956494],[-85.371024,42.951069],[-85.371033,42.950613],[-85.371185,42.948980],[-85.371201,42.947471],[-85.371195,42.945554],[-85.371245,42.944742],[-85.371363,42.943918],[-85.381183,42.943885],[-85.386081,42.943853],[-85.391091,42.943859],[-85.394280,42.943823],[-85.405838,42.943789],[-85.410680,42.943769],[-85.411085,42.943747],[-85.417034,42.943734],[-85.422438,42.943665],[-85.426861,42.943694],[-85.429574,42.943661],[-85.430995,42.943663],[-85.431637,42.943645],[-85.431585,42.945315],[-85.431576,42.946884],[-85.431494,42.950927],[-85.431374,42.954555],[-85.431374,42.955057],[-85.431247,42.958195],[-85.431164,42.963226],[-85.431162,42.964822],[-85.431068,42.969149],[-85.431018,42.972788],[-85.430993,42.976736],[-85.431030,42.980055],[-85.430932,42.983788],[-85.430942,42.987647],[-85.430917,42.994633],[-85.430998,42.998373],[-85.430894,43.000189],[-85.431010,43.002002],[-85.430918,43.003226],[-85.430982,43.006891],[-85.430704,43.016455],[-85.430732,43.020845],[-85.430717,43.023708],[-85.430796,43.027333],[-85.430793,43.027932],[-85.430739,43.028547],[-85.430744,43.028631],[-85.430770,43.028696],[-85.430832,43.028752],[-85.416020,43.028770],[-85.411361,43.028886],[-85.391552,43.029005],[-85.383065,43.028963],[-85.380981,43.028974],[-85.378782,43.028917],[-85.376557,43.029092],[-85.375156,43.029093],[-85.373903,43.029120],[-85.373664,43.029098],[-85.372615,43.029163],[-85.371651,43.029159],[-85.366970,43.029198],[-85.352031,43.029358]]]}},{"type":"Feature","properties":{"code":"0818192000002","mcd":"81920","jurisdiction":"Vergennes Township","ward":null,"precinct":2,"name":"Vergennes Twp 2","voters":1975},"geometry":{"type":"Polygon","coordinates":[[[-85.311929,42.965944],[-85.311892,42.947581],[-85.311918,42.944743],[-85.311938,42.943996],[-85.323003,42.944090],[-85.326373,42.944018],[-85.326879,42.944027],[-85.336643,42.943897],[-85.336595,42.944146],[-85.336673,42.946489],[-85.336718,42.948578],[-85.336685,42.948948],[-85.336678,42.949440],[-85.331562,42.949529],[-85.331741,42.952333],[-85.332217,42.952253],[-85.332641,42.952155],[-85.333275,42.952067],[-85.333873,42.952079],[-85.334897,42.952070],[-85.335285,42.952033],[-85.335829,42.951897],[-85.336163,42.951789],[-85.333980,42.951810],[-85.335477,42.950012],[-85.336651,42.949988],[-85.336670,42.949601],[-85.338984,42.949572],[-85.339556,42.949000],[-85.339813,42.948679],[-85.340284,42.948268],[-85.340608,42.947952],[-85.341183,42.947436],[-85.341631,42.946987],[-85.341986,42.946720],[-85.342386,42.946496],[-85.342384,42.946419],[-85.342234,42.946355],[-85.342277,42.946233],[-85.342571,42.945962],[-85.342761,42.945702],[-85.342860,42.945349],[-85.342936,42.944985],[-85.342940,42.944755],[-85.342972,42.944403],[-85.342962,42.944287],[-85.342840,42.944032],[-85.351304,42.944003],[-85.353964,42.943900],[-85.359630,42.943808],[-85.369874,42.943875],[-85.371142,42.943924],[-85.371363,42.943918],[-85.371245,42.944742],[-85.371195,42.945554],[-85.371201,42.947471],[-85.371185,42.948980],[-85.371033,42.950613],[-85.371024,42.951069],[-85.371051,42.956494],[-85.371095,42.956957],[-85.371185,42.957490],[-85.371241,42.958372],[-85.360651,42.958460],[-85.355158,42.958447],[-85.355320,42.958880],[-85.355465,42.959420],[-85.355520,42.959815],[-85.355840,42.965621],[-85.355898,42.967059],[-85.355883,42.967283],[-85.355843,42.967546],[-85.355763,42.967934],[-85.355643,42.968255],[-85.353881,42.972098],[-85.353674,42.972425],[-85.353480,42.972678],[-85.353314,42.972857],[-85.352598,42.973551],[-85.352257,42.973949],[-85.351975,42.974413],[-85.351804,42.974849],[-85.351711,42.975277],[-85.351694,42.975530],[-85.351680,42.985740],[-85.351717,42.994733],[-85.351703,43.001902],[-85.351727,43.007325],[-85.351872,43.018836],[-85.352031,43.029358],[-85.347230,43.029386],[-85.337273,43.029483],[-85.322297,43.029677],[-85.317438,43.029720],[-85.312398,43.029738],[-85.312198,43.016579],[-85.312076,43.002286],[-85.312001,42.995784],[-85.312101,42.993742],[-85.312075,42.993536],[-85.312068,42.993104],[-85.312058,42.991366],[-85.312069,42.990194],[-85.312049,42.988895],[-85.311984,42.987297],[-85.311950,42.985864],[-85.312085,42.983528],[-85.311986,42.975372],[-85.311857,42.973184],[-85.311915,42.971321],[-85.311953,42.969450],[-85.311929,42.965944]]]}},{"type":"Feature","properties":{"code":"0818296001001","mcd":"82960","jurisdiction":"Walker","ward":1,"precinct":1,"name":"Walker 1-1","voters":2859},"geometry":{"type":"Polygon","coordinates":[[[-85.714195,43.029462],[-85.709190,43.029346],[-85.700175,43.029215],[-85.699348,43.029192],[-85.692574,43.029133],[-85.687027,43.029059],[-85.686377,43.029066],[-85.685833,43.029121],[-85.685523,43.029180],[-85.684956,43.029363],[-85.681751,43.029291],[-85.679385,43.029274],[-85.674806,43.029089],[-85.670390,43.029078],[-85.669398,43.029056],[-85.668239,43.029073],[-85.667438,43.029026],[-85.664768,43.029063],[-85.660520,43.029038],[-85.660949,43.025173],[-85.661347,43.023431],[-85.662424,43.021592],[-85.662428,43.021377],[-85.662592,43.021122],[-85.662781,43.020984],[-85.662991,43.020613],[-85.663796,43.019531],[-85.665035,43.018292],[-85.666411,43.017449],[-85.668680,43.016484],[-85.670423,43.015947],[-85.671475,43.015216],[-85.672359,43.014089],[-85.672509,43.013653],[-85.679433,43.013848],[-85.682312,43.013954],[-85.682391,43.013970],[-85.688175,43.014169],[-85.691386,43.014316],[-85.691530,43.014946],[-85.691663,43.015249],[-85.691800,43.015438],[-85.692022,43.015687],[-85.692353,43.015944],[-85.692713,43.016161],[-85.693139,43.016381],[-85.693905,43.016635],[-85.694610,43.016930],[-85.699840,43.018302],[-85.701244,43.018720],[-85.704226,43.019390],[-85.705534,43.019639],[-85.706833,43.019850],[-85.716912,43.021371],[-85.718197,43.021543],[-85.719027,43.021615],[-85.719977,43.021653],[-85.720799,43.021649],[-85.721633,43.021608],[-85.722577,43.021517],[-85.723692,43.021348],[-85.725715,43.020900],[-85.724830,43.017973],[-85.723495,43.013921],[-85.722776,43.011826],[-85.722357,43.010680],[-85.721379,43.007748],[-85.721071,43.006749],[-85.720664,43.005599],[-85.720254,43.004783],[-85.720155,43.004641],[-85.718354,43.001573],[-85.718214,43.001262],[-85.718158,43.001082],[-85.718099,43.000840],[-85.718061,43.000504],[-85.722416,43.000553],[-85.722388,43.001634],[-85.722557,43.002158],[-85.722690,43.002224],[-85.723004,43.002120],[-85.723289,43.002218],[-85.723655,43.002048],[-85.724028,43.002006],[-85.724213,43.001955],[-85.724512,43.001948],[-85.724841,43.001776],[-85.726432,43.001759],[-85.726432,43.001626],[-85.727912,43.001607],[-85.728097,43.007768],[-85.738671,43.008063],[-85.739604,43.008810],[-85.740440,43.009508],[-85.741221,43.010194],[-85.742764,43.011316],[-85.742982,43.011493],[-85.743070,43.011595],[-85.743160,43.011761],[-85.743197,43.012063],[-85.743387,43.015431],[-85.738502,43.015300],[-85.738548,43.017602],[-85.738444,43.018595],[-85.738547,43.018733],[-85.738576,43.018801],[-85.738585,43.018892],[-85.738567,43.019008],[-85.738543,43.019552],[-85.738740,43.025865],[-85.738844,43.030095],[-85.714195,43.029462]]]}},{"type":"Feature","properties":{"code":"0818296001002","mcd":"82960","jurisdiction":"Walker","ward":1,"precinct":2,"name":"Walker 1-2","voters":3230},"geometry":{"type":"Polygon","coordinates":[[[-85.686678,43.014114],[-85.682391,43.013970],[-85.682312,43.013954],[-85.679433,43.013848],[-85.672509,43.013653],[-85.672656,43.013355],[-85.672865,43.011796],[-85.672942,43.009040],[-85.672508,43.003690],[-85.672810,43.000468],[-85.672905,42.999216],[-85.674120,42.999252],[-85.675301,42.999215],[-85.675919,42.999227],[-85.676422,42.999245],[-85.677012,42.999320],[-85.678371,42.999353],[-85.678533,42.999341],[-85.678557,42.999360],[-85.686526,42.999635],[-85.686589,42.999678],[-85.687809,42.999756],[-85.688461,42.999705],[-85.698251,43.000085],[-85.698210,42.997849],[-85.698189,42.997847],[-85.698154,42.997120],[-85.698141,42.996447],[-85.705522,42.996734],[-85.707964,42.996807],[-85.708004,42.997918],[-85.710447,42.997923],[-85.710472,42.998548],[-85.712943,42.998553],[-85.713013,43.000500],[-85.718061,43.000504],[-85.718099,43.000840],[-85.718158,43.001082],[-85.718214,43.001262],[-85.718354,43.001573],[-85.720155,43.004641],[-85.720254,43.004783],[-85.720664,43.005599],[-85.721071,43.006749],[-85.721379,43.007748],[-85.722357,43.010680],[-85.722776,43.011826],[-85.723495,43.013921],[-85.724830,43.017973],[-85.725715,43.020900],[-85.723692,43.021348],[-85.722577,43.021517],[-85.721633,43.021608],[-85.720799,43.021649],[-85.719977,43.021653],[-85.719027,43.021615],[-85.718197,43.021543],[-85.716912,43.021371],[-85.706833,43.019850],[-85.705534,43.019639],[-85.704226,43.019390],[-85.701244,43.018720],[-85.699840,43.018302],[-85.694610,43.016930],[-85.693905,43.016635],[-85.693139,43.016381],[-85.692713,43.016161],[-85.692353,43.015944],[-85.692022,43.015687],[-85.691800,43.015438],[-85.691663,43.015249],[-85.691530,43.014946],[-85.691386,43.014316],[-85.686678,43.014114]]]}},{"type":"Feature","properties":{"code":"0818296002003","mcd":"82960","jurisdiction":"Walker","ward":2,"precinct":3,"name":"Walker 2-3","voters":3574},"geometry":{"type":"Polygon","coordinates":[[[-85.768457,43.030607],[-85.763434,43.030511],[-85.762636,43.030513],[-85.758740,43.030463],[-85.748751,43.030314],[-85.738844,43.030095],[-85.738740,43.025865],[-85.738543,43.019552],[-85.738567,43.019008],[-85.738585,43.018892],[-85.738576,43.018801],[-85.738547,43.018733],[-85.738444,43.018595],[-85.738548,43.017602],[-85.738502,43.015300],[-85.743387,43.015431],[-85.743197,43.012063],[-85.743160,43.011761],[-85.743070,43.011595],[-85.742982,43.011493],[-85.742764,43.011316],[-85.741221,43.010194],[-85.740440,43.009508],[-85.739604,43.008810],[-85.738671,43.008063],[-85.742942,43.008182],[-85.742562,43.000937],[-85.738417,43.000834],[-85.737934,43.000808],[-85.737633,43.000761],[-85.737494,42.997192],[-85.742418,42.997302],[-85.742285,42.993668],[-85.746087,42.993688],[-85.747198,42.993753],[-85.747196,42.993382],[-85.747072,42.990093],[-85.747041,42.989848],[-85.747025,42.989494],[-85.747029,42.989161],[-85.747305,42.989186],[-85.747902,42.989198],[-85.747793,42.986534],[-85.748054,42.986537],[-85.748097,42.986666],[-85.748183,42.986759],[-85.748682,42.986985],[-85.748889,42.987097],[-85.751110,42.988976],[-85.752142,42.989768],[-85.758130,42.994267],[-85.758164,42.995660],[-85.758372,43.001215],[-85.764085,43.001309],[-85.764339,43.001273],[-85.764479,43.001236],[-85.764699,43.001142],[-85.764847,43.001044],[-85.765080,43.001179],[-85.765329,43.001284],[-85.765555,43.001331],[-85.766639,43.001361],[-85.766888,43.001410],[-85.767502,43.001314],[-85.768995,43.001390],[-85.769066,43.001380],[-85.786257,43.001489],[-85.786470,43.004494],[-85.786906,43.011265],[-85.787219,43.015717],[-85.787218,43.015878],[-85.787149,43.016056],[-85.787694,43.021254],[-85.788182,43.027049],[-85.788310,43.029028],[-85.788508,43.030885],[-85.768457,43.030607]]]}},{"type":"Feature","properties":{"code":"0818296002004","mcd":"82960","jurisdiction":"Walker","ward":2,"precinct":4,"name":"Walker 2-4","voters":3285},"geometry":{"type":"Polygon","coordinates":[[[-85.786257,43.001489],[-85.769066,43.001380],[-85.768995,43.001390],[-85.767502,43.001314],[-85.766888,43.001410],[-85.766639,43.001361],[-85.765555,43.001331],[-85.765329,43.001284],[-85.765080,43.001179],[-85.764847,43.001044],[-85.764699,43.001142],[-85.764479,43.001236],[-85.764339,43.001273],[-85.764085,43.001309],[-85.758372,43.001215],[-85.758164,42.995660],[-85.758130,42.994267],[-85.752142,42.989768],[-85.751110,42.988976],[-85.748889,42.987097],[-85.748682,42.986985],[-85.748183,42.986759],[-85.748097,42.986666],[-85.748054,42.986537],[-85.749400,42.986567],[-85.751144,42.986572],[-85.755595,42.986648],[-85.759478,42.986649],[-85.761791,42.986691],[-85.762787,42.986736],[-85.766960,42.986783],[-85.766912,42.985294],[-85.766794,42.983160],[-85.766774,42.981920],[-85.766690,42.979489],[-85.772699,42.979526],[-85.774289,42.979527],[-85.774700,42.979500],[-85.775300,42.979496],[-85.775740,42.979535],[-85.778644,42.979555],[-85.778825,42.979545],[-85.779054,42.979493],[-85.779261,42.979553],[-85.779656,42.979606],[-85.780258,42.979597],[-85.781507,42.979619],[-85.782414,42.979609],[-85.783503,42.979676],[-85.783769,42.979660],[-85.784053,42.979596],[-85.784559,42.979570],[-85.785018,42.979595],[-85.785281,42.986918],[-85.785771,42.994202],[-85.786140,42.998975],[-85.786257,43.001489]]]}},{"type":"Feature","properties":{"code":"0818296003005","mcd":"82960","jurisdiction":"Walker","ward":3,"precinct":5,"name":"Walker 3-5","voters":3314},"geometry":{"type":"Polygon","coordinates":[[[-85.761791,42.986691],[-85.759478,42.986649],[-85.755595,42.986648],[-85.751144,42.986572],[-85.749400,42.986567],[-85.746864,42.986514],[-85.746859,42.985730],[-85.746931,42.985730],[-85.746883,42.981185],[-85.746889,42.980039],[-85.746861,42.979245],[-85.751852,42.979308],[-85.751739,42.975612],[-85.751741,42.972035],[-85.746883,42.971966],[-85.746778,42.966972],[-85.746702,42.964595],[-85.746680,42.962735],[-85.746608,42.960959],[-85.746514,42.957406],[-85.756391,42.957538],[-85.756438,42.960210],[-85.756479,42.964786],[-85.756611,42.972085],[-85.766414,42.972198],[-85.784761,42.972375],[-85.785018,42.979595],[-85.784559,42.979570],[-85.784053,42.979596],[-85.783769,42.979660],[-85.783503,42.979676],[-85.782414,42.979609],[-85.781507,42.979619],[-85.780258,42.979597],[-85.779656,42.979606],[-85.779261,42.979553],[-85.779054,42.979493],[-85.778825,42.979545],[-85.778644,42.979555],[-85.775740,42.979535],[-85.775300,42.979496],[-85.774700,42.979500],[-85.774289,42.979527],[-85.772699,42.979526],[-85.766690,42.979489],[-85.766774,42.981920],[-85.766794,42.983160],[-85.766912,42.985294],[-85.766960,42.986783],[-85.762787,42.986736],[-85.761791,42.986691]]]}},{"type":"Feature","properties":{"code":"0818296003006","mcd":"82960","jurisdiction":"Walker","ward":3,"precinct":6,"name":"Walker 3-6","voters":3457},"geometry":{"type":"Polygon","coordinates":[[[-85.766414,42.972198],[-85.756611,42.972085],[-85.756479,42.964786],[-85.756438,42.960210],[-85.756391,42.957538],[-85.746514,42.957406],[-85.746608,42.960959],[-85.746680,42.962735],[-85.746702,42.964595],[-85.746811,42.968329],[-85.741957,42.968239],[-85.741880,42.964648],[-85.736961,42.964518],[-85.727465,42.964400],[-85.717014,42.964159],[-85.716951,42.960720],[-85.712052,42.960659],[-85.711952,42.958662],[-85.716933,42.958725],[-85.716929,42.956011],[-85.718423,42.956043],[-85.718457,42.946797],[-85.720170,42.946361],[-85.720603,42.946271],[-85.720956,42.946228],[-85.721373,42.946212],[-85.722952,42.946277],[-85.723906,42.946284],[-85.724681,42.946241],[-85.725044,42.946177],[-85.725410,42.946033],[-85.726391,42.945522],[-85.726761,42.945389],[-85.726770,42.942636],[-85.725467,42.942617],[-85.725470,42.936729],[-85.728327,42.936170],[-85.730344,42.935470],[-85.732775,42.934387],[-85.734134,42.933697],[-85.734923,42.933150],[-85.734938,42.933635],[-85.737440,42.932068],[-85.739695,42.930891],[-85.740630,42.930663],[-85.742426,42.930425],[-85.745864,42.930641],[-85.748749,42.930701],[-85.751609,42.930674],[-85.753623,42.930401],[-85.756383,42.929676],[-85.759922,42.928797],[-85.762009,42.928024],[-85.762924,42.927654],[-85.764031,42.926572],[-85.764342,42.925603],[-85.764883,42.919676],[-85.767429,42.915300],[-85.767807,42.914298],[-85.768818,42.913472],[-85.770836,42.912389],[-85.772366,42.911677],[-85.773080,42.911269],[-85.773671,42.911054],[-85.774219,42.910939],[-85.775559,42.910700],[-85.777080,42.910650],[-85.778455,42.910707],[-85.779635,42.910888],[-85.782182,42.911330],[-85.782200,42.913372],[-85.782232,42.914526],[-85.782917,42.925777],[-85.782994,42.927409],[-85.783255,42.931261],[-85.783527,42.935932],[-85.783564,42.937012],[-85.783933,42.943403],[-85.784025,42.945599],[-85.784280,42.953673],[-85.784324,42.954530],[-85.784347,42.955899],[-85.784436,42.957619],[-85.784432,42.959310],[-85.784761,42.972375],[-85.766414,42.972198]]]}},{"type":"Feature","properties":{"code":"0818894001001","mcd":"88940","jurisdiction":"Wyoming","ward":1,"precinct":1,"name":"Wyoming 1-1","voters":4226},"geometry":{"type":"Polygon","coordinates":[[[-85.656912,42.912845],[-85.650993,42.912820],[-85.650947,42.912409],[-85.651242,42.912072],[-85.651030,42.911888],[-85.650958,42.911666],[-85.650990,42.911584],[-85.651079,42.911472],[-85.651013,42.911472],[-85.651138,42.911087],[-85.651173,42.910924],[-85.651080,42.909221],[-85.648619,42.909167],[-85.646864,42.908742],[-85.646733,42.906168],[-85.646688,42.905588],[-85.646481,42.901021],[-85.646404,42.899728],[-85.646316,42.898914],[-85.645544,42.898330],[-85.645449,42.898230],[-85.640504,42.894493],[-85.640477,42.894374],[-85.640569,42.894444],[-85.640547,42.894035],[-85.641009,42.894038],[-85.641010,42.893969],[-85.641192,42.893970],[-85.641308,42.893925],[-85.641663,42.893927],[-85.641664,42.893900],[-85.642196,42.893904],[-85.642151,42.892546],[-85.642907,42.892553],[-85.642844,42.891286],[-85.642011,42.891274],[-85.642012,42.891206],[-85.645923,42.891237],[-85.645908,42.889302],[-85.645693,42.884990],[-85.649097,42.885025],[-85.649091,42.884932],[-85.649531,42.884938],[-85.649617,42.885671],[-85.650654,42.885681],[-85.650577,42.883863],[-85.651925,42.883867],[-85.655521,42.883922],[-85.655597,42.886002],[-85.655677,42.887553],[-85.664871,42.887643],[-85.666656,42.887736],[-85.669928,42.887756],[-85.669973,42.888655],[-85.670050,42.891394],[-85.670124,42.893180],[-85.670193,42.897686],[-85.670254,42.898675],[-85.677788,42.898725],[-85.676994,42.905992],[-85.671859,42.905931],[-85.670591,42.905929],[-85.665647,42.905837],[-85.665724,42.907681],[-85.665870,42.910567],[-85.661634,42.910519],[-85.657323,42.907253],[-85.657330,42.907479],[-85.657385,42.907478],[-85.657494,42.910461],[-85.656794,42.910453],[-85.656912,42.912845]]]}},{"type":"Feature","properties":{"code":"0818894001002","mcd":"88940","jurisdiction":"Wyoming","ward":1,"precinct":2,"name":"Wyoming 1-2","voters":3254},"geometry":{"type":"Polygon","coordinates":[[[-85.677768,42.891375],[-85.675114,42.891349],[-85.674974,42.887766],[-85.673695,42.887779],[-85.666656,42.887736],[-85.664871,42.887643],[-85.664457,42.876743],[-85.664233,42.869519],[-85.664036,42.864349],[-85.663743,42.854937],[-85.664412,42.854924],[-85.666886,42.854949],[-85.667252,42.854987],[-85.667836,42.855149],[-85.668138,42.855128],[-85.668552,42.855009],[-85.669281,42.855030],[-85.669711,42.855072],[-85.671857,42.855111],[-85.671821,42.853624],[-85.673501,42.853649],[-85.673537,42.855090],[-85.674087,42.855098],[-85.673990,42.850288],[-85.676137,42.851863],[-85.676229,42.851856],[-85.677453,42.853195],[-85.678083,42.855141],[-85.683615,42.855216],[-85.683509,42.856046],[-85.683507,42.856421],[-85.683575,42.857193],[-85.683778,42.862478],[-85.683887,42.866083],[-85.684059,42.869757],[-85.684057,42.871147],[-85.684445,42.881749],[-85.684526,42.884777],[-85.684758,42.890525],[-85.684786,42.891525],[-85.683638,42.891485],[-85.678834,42.891410],[-85.677768,42.891375]]]}},{"type":"Feature","properties":{"code":"0818894001003","mcd":"88940","jurisdiction":"Wyoming","ward":1,"precinct":3,"name":"Wyoming 1-3","voters":3603},"geometry":{"type":"Polygon","coordinates":[[[-85.712444,42.884563],[-85.709075,42.884486],[-85.708132,42.884486],[-85.706309,42.884438],[-85.705305,42.884438],[-85.705350,42.883710],[-85.705360,42.883086],[-85.705331,42.882687],[-85.705255,42.882413],[-85.705139,42.882192],[-85.704984,42.881951],[-85.704422,42.881239],[-85.704250,42.880746],[-85.704173,42.880278],[-85.704109,42.877599],[-85.703817,42.869819],[-85.684059,42.869757],[-85.683887,42.866083],[-85.683778,42.862478],[-85.683575,42.857193],[-85.683507,42.856421],[-85.683509,42.856046],[-85.683615,42.855216],[-85.684629,42.855188],[-85.693500,42.855242],[-85.693518,42.851970],[-85.699403,42.852020],[-85.703321,42.852866],[-85.703314,42.855147],[-85.703297,42.855289],[-85.703862,42.855298],[-85.703865,42.854531],[-85.706860,42.854545],[-85.708086,42.854945],[-85.708086,42.855330],[-85.709815,42.855317],[-85.709829,42.853636],[-85.713138,42.853601],[-85.713149,42.854895],[-85.713676,42.854895],[-85.713937,42.854918],[-85.714157,42.854962],[-85.714364,42.855037],[-85.714536,42.855134],[-85.715365,42.855730],[-85.715323,42.855753],[-85.715178,42.855894],[-85.715096,42.856074],[-85.715052,42.856243],[-85.714984,42.857229],[-85.714921,42.857441],[-85.714838,42.857607],[-85.714717,42.857780],[-85.713645,42.858925],[-85.713499,42.859197],[-85.713445,42.859455],[-85.713445,42.860720],[-85.713496,42.862663],[-85.709678,42.862619],[-85.709764,42.866261],[-85.710981,42.866270],[-85.711010,42.866787],[-85.711052,42.868297],[-85.711094,42.869084],[-85.711161,42.869248],[-85.711204,42.869947],[-85.713548,42.869983],[-85.714252,42.884576],[-85.712444,42.884563]]]}},{"type":"Feature","properties":{"code":"0818894001004","mcd":"88940","jurisdiction":"Wyoming","ward":1,"precinct":4,"name":"Wyoming 1-4","voters":2022},"geometry":{"type":"Polygon","coordinates":[[[-85.695299,42.891576],[-85.684786,42.891525],[-85.684758,42.890525],[-85.684526,42.884777],[-85.684445,42.881749],[-85.684057,42.871147],[-85.684059,42.869757],[-85.703817,42.869819],[-85.704109,42.877599],[-85.704173,42.880278],[-85.704250,42.880746],[-85.704422,42.881239],[-85.704984,42.881951],[-85.705139,42.882192],[-85.705255,42.882413],[-85.705331,42.882687],[-85.705360,42.883086],[-85.705350,42.883710],[-85.705305,42.884438],[-85.701003,42.884360],[-85.697507,42.884344],[-85.696272,42.884294],[-85.695040,42.884283],[-85.695229,42.890310],[-85.695252,42.890389],[-85.695299,42.891576]]]}},{"type":"Feature","properties":{"code":"0818894001005","mcd":"88940","jurisdiction":"Wyoming","ward":1,"precinct":5,"name":"Wyoming 1-5","voters":3497},"geometry":{"type":"Polygon","coordinates":[[[-85.704757,42.898915],[-85.695908,42.898855],[-85.692338,42.898864],[-85.685019,42.898811],[-85.684914,42.895166],[-85.684786,42.891525],[-85.695299,42.891576],[-85.695252,42.890389],[-85.695229,42.890310],[-85.695040,42.884283],[-85.696272,42.884294],[-85.697507,42.884344],[-85.701003,42.884360],[-85.705305,42.884438],[-85.705267,42.885130],[-85.705199,42.885433],[-85.705055,42.885821],[-85.704701,42.886575],[-85.704527,42.887106],[-85.704467,42.887370],[-85.704421,42.887740],[-85.704667,42.897087],[-85.704757,42.898915]]]}},{"type":"Feature","properties":{"code":"0818894001006","mcd":"88940","jurisdiction":"Wyoming","ward":1,"precinct":6,"name":"Wyoming 1-6","voters":4453},"geometry":{"type":"Polygon","coordinates":[[[-85.685978,42.920643],[-85.683517,42.920596],[-85.681989,42.920593],[-85.681847,42.920588],[-85.681663,42.920559],[-85.680769,42.920530],[-85.680504,42.920543],[-85.674726,42.920443],[-85.666361,42.920339],[-85.666327,42.919975],[-85.666241,42.918383],[-85.665777,42.908568],[-85.665724,42.907681],[-85.665647,42.905837],[-85.670591,42.905929],[-85.671859,42.905931],[-85.676994,42.905992],[-85.677601,42.900458],[-85.677788,42.898725],[-85.670254,42.898675],[-85.670193,42.897686],[-85.670124,42.893180],[-85.670050,42.891394],[-85.669973,42.888655],[-85.669928,42.887756],[-85.673695,42.887779],[-85.674974,42.887766],[-85.675114,42.891349],[-85.675135,42.891358],[-85.677768,42.891375],[-85.678834,42.891410],[-85.683638,42.891485],[-85.684786,42.891525],[-85.685052,42.899740],[-85.685076,42.900273],[-85.685114,42.900648],[-85.685303,42.905194],[-85.685321,42.906094],[-85.685456,42.908711],[-85.685978,42.920643]]]}},{"type":"Feature","properties":{"code":"0818894002007","mcd":"88940","jurisdiction":"Wyoming","ward":2,"precinct":7,"name":"Wyoming 2-7","voters":4000},"geometry":{"type":"Polygon","coordinates":[[[-85.700029,42.913435],[-85.685664,42.913363],[-85.685456,42.908711],[-85.685321,42.906094],[-85.685303,42.905194],[-85.685153,42.901551],[-85.685116,42.900936],[-85.685114,42.900648],[-85.685076,42.900273],[-85.685019,42.898811],[-85.692338,42.898864],[-85.695908,42.898855],[-85.704757,42.898915],[-85.704779,42.899815],[-85.704827,42.900716],[-85.704861,42.901884],[-85.705026,42.905790],[-85.705038,42.906664],[-85.705151,42.909904],[-85.705161,42.910671],[-85.705265,42.913522],[-85.700029,42.913435]]]}},{"type":"Feature","properties":{"code":"0818894002008","mcd":"88940","jurisdiction":"Wyoming","ward":2,"precinct":8,"name":"Wyoming 2-8","voters":2541},"geometry":{"type":"Polygon","coordinates":[[[-85.705575,42.920846],[-85.705778,42.928152],[-85.704830,42.928128],[-85.697593,42.928057],[-85.688556,42.927939],[-85.686224,42.927925],[-85.686177,42.926107],[-85.685961,42.920196],[-85.685664,42.913363],[-85.699443,42.913428],[-85.705265,42.913522],[-85.705575,42.920846]]]}},{"type":"Feature","properties":{"code":"0818894002009","mcd":"88940","jurisdiction":"Wyoming","ward":2,"precinct":9,"name":"Wyoming 2-9","voters":3441},"geometry":{"type":"Polygon","coordinates":[[[-85.697940,42.943669],[-85.696506,42.942449],[-85.695658,42.942538],[-85.694876,42.943034],[-85.694856,42.941858],[-85.694608,42.941867],[-85.694509,42.940415],[-85.694462,42.940295],[-85.694371,42.940199],[-85.693856,42.939850],[-85.693037,42.939336],[-85.692893,42.939255],[-85.692624,42.939135],[-85.692474,42.939100],[-85.692379,42.939032],[-85.691999,42.939015],[-85.691805,42.939039],[-85.691719,42.939069],[-85.691837,42.941828],[-85.686924,42.941724],[-85.686772,42.939998],[-85.686790,42.939072],[-85.687586,42.939068],[-85.687826,42.938888],[-85.688241,42.938618],[-85.688579,42.936902],[-85.688012,42.936391],[-85.687901,42.936203],[-85.687600,42.935827],[-85.687170,42.935957],[-85.687217,42.937109],[-85.687187,42.937173],[-85.686926,42.937271],[-85.686406,42.937306],[-85.686429,42.936199],[-85.686647,42.936124],[-85.686376,42.930190],[-85.686224,42.927925],[-85.688556,42.927939],[-85.697593,42.928057],[-85.704830,42.928128],[-85.706936,42.928165],[-85.708156,42.928284],[-85.712523,42.928378],[-85.712626,42.930506],[-85.711658,42.931138],[-85.713038,42.934353],[-85.710491,42.935210],[-85.710658,42.937837],[-85.710266,42.937991],[-85.708659,42.938740],[-85.706535,42.939687],[-85.706668,42.942023],[-85.697489,42.941902],[-85.697799,42.942218],[-85.698198,42.942551],[-85.698786,42.942993],[-85.698873,42.943077],[-85.697940,42.943669]]]}},{"type":"Feature","properties":{"code":"0818894002010","mcd":"88940","jurisdiction":"Wyoming","ward":2,"precinct":10,"name":"Wyoming 2-10","voters":3079},"geometry":{"type":"Polygon","coordinates":[[[-85.710658,42.937837],[-85.710491,42.935210],[-85.713038,42.934353],[-85.711658,42.931138],[-85.712626,42.930506],[-85.712523,42.928378],[-85.708156,42.928284],[-85.706936,42.928165],[-85.705778,42.928152],[-85.705575,42.920846],[-85.705265,42.913522],[-85.715042,42.913705],[-85.721405,42.913879],[-85.721514,42.917548],[-85.721533,42.918894],[-85.721569,42.919397],[-85.721619,42.921197],[-85.725030,42.921265],[-85.734675,42.921070],[-85.734818,42.926435],[-85.738170,42.923734],[-85.738972,42.923104],[-85.738998,42.923316],[-85.741863,42.921045],[-85.742233,42.920990],[-85.742749,42.921016],[-85.744284,42.921037],[-85.744322,42.922359],[-85.744346,42.927180],[-85.740012,42.928562],[-85.737787,42.929372],[-85.735210,42.929940],[-85.734879,42.929904],[-85.734923,42.933150],[-85.734134,42.933697],[-85.732775,42.934387],[-85.730344,42.935470],[-85.728327,42.936170],[-85.725988,42.936618],[-85.724964,42.936838],[-85.724369,42.936986],[-85.723027,42.937248],[-85.722804,42.937331],[-85.722566,42.937399],[-85.722259,42.937379],[-85.721894,42.937496],[-85.721389,42.937725],[-85.720512,42.938176],[-85.719414,42.938898],[-85.718539,42.939541],[-85.717095,42.940700],[-85.716844,42.941009],[-85.716757,42.941274],[-85.716412,42.941837],[-85.715871,42.942510],[-85.714565,42.942472],[-85.713204,42.942143],[-85.706668,42.942023],[-85.706535,42.939687],[-85.708659,42.938740],[-85.710266,42.937991],[-85.710658,42.937837]]]}},{"type":"Feature","properties":{"code":"0818894002011","mcd":"88940","jurisdiction":"Wyoming","ward":2,"precinct":11,"name":"Wyoming 2-11","voters":3289},"geometry":{"type":"Polygon","coordinates":[[[-85.721514,42.917548],[-85.721405,42.913879],[-85.715042,42.913705],[-85.705265,42.913522],[-85.705161,42.910671],[-85.706491,42.910690],[-85.706932,42.910670],[-85.707423,42.910573],[-85.707904,42.910428],[-85.708516,42.910141],[-85.708979,42.909714],[-85.709404,42.909292],[-85.709627,42.909125],[-85.709823,42.909016],[-85.710401,42.908769],[-85.710722,42.908684],[-85.711109,42.908629],[-85.712008,42.908632],[-85.712275,42.908611],[-85.712576,42.908547],[-85.713270,42.908329],[-85.713656,42.908233],[-85.715118,42.907929],[-85.715507,42.907817],[-85.718229,42.906799],[-85.718879,42.906620],[-85.719266,42.906561],[-85.719524,42.906544],[-85.720125,42.906541],[-85.724709,42.906677],[-85.728250,42.906623],[-85.729659,42.906578],[-85.734445,42.906489],[-85.734327,42.906604],[-85.734438,42.913922],[-85.734496,42.915607],[-85.734655,42.915604],[-85.734696,42.916878],[-85.734761,42.916940],[-85.734723,42.917021],[-85.734717,42.917104],[-85.734742,42.917213],[-85.734550,42.917300],[-85.734565,42.917677],[-85.734365,42.917794],[-85.734621,42.918067],[-85.734705,42.918133],[-85.734546,42.918223],[-85.734467,42.918340],[-85.734435,42.918478],[-85.734472,42.919093],[-85.734508,42.919125],[-85.734622,42.919463],[-85.734675,42.921070],[-85.725030,42.921265],[-85.721619,42.921197],[-85.721569,42.919397],[-85.721533,42.918894],[-85.721514,42.917548]]]}},{"type":"Feature","properties":{"code":"0818894002012","mcd":"88940","jurisdiction":"Wyoming","ward":2,"precinct":12,"name":"Wyoming 2-12","voters":2153},"geometry":{"type":"Polygon","coordinates":[[[-85.705161,42.910670],[-85.705151,42.909904],[-85.705038,42.906664],[-85.705026,42.905790],[-85.704861,42.901884],[-85.704827,42.900716],[-85.704779,42.899815],[-85.704757,42.898915],[-85.704667,42.897088],[-85.704555,42.892895],[-85.706418,42.892941],[-85.706798,42.892627],[-85.706878,42.892653],[-85.706984,42.892643],[-85.707052,42.892763],[-85.707630,42.892771],[-85.707637,42.892561],[-85.707609,42.891775],[-85.708169,42.891787],[-85.708166,42.891698],[-85.710899,42.891756],[-85.710893,42.891412],[-85.712580,42.891283],[-85.712793,42.891220],[-85.712898,42.891494],[-85.712940,42.892356],[-85.713112,42.899071],[-85.714656,42.899104],[-85.714914,42.907969],[-85.713656,42.908233],[-85.713270,42.908329],[-85.712576,42.908547],[-85.712275,42.908611],[-85.712008,42.908632],[-85.711109,42.908629],[-85.710722,42.908684],[-85.710401,42.908769],[-85.709823,42.909016],[-85.709627,42.909125],[-85.709404,42.909292],[-85.708979,42.909714],[-85.708516,42.910141],[-85.707904,42.910428],[-85.707423,42.910573],[-85.706932,42.910670],[-85.706491,42.910690],[-85.705161,42.910670]]]}},{"type":"Feature","properties":{"code":"0818894003013","mcd":"88940","jurisdiction":"Wyoming","ward":3,"precinct":13,"name":"Wyoming 3-13","voters":3091},"geometry":{"type":"Polygon","coordinates":[[[-85.714914,42.907969],[-85.714656,42.899104],[-85.713112,42.899071],[-85.712940,42.892356],[-85.712898,42.891494],[-85.712793,42.891220],[-85.713052,42.891140],[-85.713659,42.890996],[-85.715021,42.891020],[-85.715050,42.890223],[-85.718519,42.890296],[-85.718513,42.891011],[-85.719888,42.891039],[-85.720295,42.891160],[-85.721188,42.891231],[-85.724343,42.891295],[-85.724397,42.893146],[-85.724528,42.899342],[-85.730217,42.899291],[-85.730773,42.899328],[-85.734187,42.899281],[-85.734198,42.899510],[-85.734175,42.899717],[-85.734238,42.901485],[-85.734254,42.902536],[-85.734297,42.902988],[-85.734344,42.903117],[-85.734393,42.903369],[-85.734394,42.904596],[-85.734445,42.906489],[-85.729659,42.906578],[-85.728250,42.906623],[-85.724709,42.906677],[-85.720125,42.906541],[-85.719524,42.906544],[-85.719266,42.906561],[-85.718879,42.906620],[-85.718229,42.906799],[-85.715507,42.907817],[-85.715118,42.907929],[-85.714914,42.907969]]]}},{"type":"Feature","properties":{"code":"0818894003014","mcd":"88940","jurisdiction":"Wyoming","ward":3,"precinct":14,"name":"Wyoming 3-14","voters":2982},"geometry":{"type":"Polygon","coordinates":[[[-85.730217,42.899291],[-85.724528,42.899342],[-85.724397,42.893146],[-85.724343,42.891295],[-85.721188,42.891231],[-85.720295,42.891160],[-85.719888,42.891039],[-85.718513,42.891011],[-85.718519,42.890296],[-85.715050,42.890223],[-85.715021,42.891020],[-85.713659,42.890996],[-85.713052,42.891140],[-85.712580,42.891283],[-85.710893,42.891412],[-85.710899,42.891756],[-85.708166,42.891698],[-85.708169,42.891787],[-85.707609,42.891775],[-85.707637,42.892561],[-85.707630,42.892771],[-85.707052,42.892763],[-85.706984,42.892643],[-85.706878,42.892653],[-85.706798,42.892627],[-85.706418,42.892941],[-85.704555,42.892895],[-85.704421,42.887740],[-85.704467,42.887370],[-85.704527,42.887106],[-85.704701,42.886575],[-85.705055,42.885821],[-85.705199,42.885433],[-85.705267,42.885130],[-85.705305,42.884438],[-85.706309,42.884438],[-85.708132,42.884486],[-85.709075,42.884486],[-85.712444,42.884563],[-85.715133,42.884570],[-85.717319,42.884599],[-85.724114,42.884741],[-85.733711,42.884693],[-85.733570,42.886792],[-85.733088,42.889317],[-85.733105,42.889402],[-85.732548,42.891988],[-85.733971,42.891978],[-85.733983,42.892330],[-85.734026,42.892429],[-85.733989,42.892496],[-85.734213,42.899251],[-85.734187,42.899281],[-85.730773,42.899328],[-85.730217,42.899291]]]}},{"type":"Feature","properties":{"code":"0818894003015","mcd":"88940","jurisdiction":"Wyoming","ward":3,"precinct":15,"name":"Wyoming 3-15","voters":3650},"geometry":{"type":"Polygon","coordinates":[[[-85.724114,42.884741],[-85.717319,42.884599],[-85.715133,42.884570],[-85.714252,42.884576],[-85.713548,42.869983],[-85.711204,42.869947],[-85.711161,42.869248],[-85.711094,42.869084],[-85.711052,42.868297],[-85.711010,42.866787],[-85.710981,42.866270],[-85.709764,42.866261],[-85.709678,42.862619],[-85.713496,42.862663],[-85.713445,42.860720],[-85.713445,42.859455],[-85.713499,42.859197],[-85.713645,42.858925],[-85.714717,42.857780],[-85.714838,42.857607],[-85.714921,42.857441],[-85.714984,42.857229],[-85.715052,42.856243],[-85.715096,42.856074],[-85.715178,42.855894],[-85.715323,42.855753],[-85.715365,42.855730],[-85.714536,42.855134],[-85.714364,42.855037],[-85.714157,42.854962],[-85.713937,42.854918],[-85.713676,42.854895],[-85.713149,42.854895],[-85.713138,42.853601],[-85.713173,42.853600],[-85.713174,42.853372],[-85.716420,42.853338],[-85.716419,42.853407],[-85.717368,42.853427],[-85.719595,42.854284],[-85.721082,42.855015],[-85.722328,42.855023],[-85.722635,42.855255],[-85.722645,42.855366],[-85.722984,42.855367],[-85.723172,42.862790],[-85.723393,42.870119],[-85.733402,42.870142],[-85.733568,42.877432],[-85.733711,42.884693],[-85.724114,42.884741]]]}},{"type":"Feature","properties":{"code":"0818894003016","mcd":"88940","jurisdiction":"Wyoming","ward":3,"precinct":16,"name":"Wyoming 3-16","voters":2989},"geometry":{"type":"Polygon","coordinates":[[[-85.743213,42.877417],[-85.733568,42.877432],[-85.733402,42.870142],[-85.723393,42.870119],[-85.723172,42.862790],[-85.722984,42.855367],[-85.733039,42.855412],[-85.742692,42.855609],[-85.742781,42.859208],[-85.742929,42.863750],[-85.743113,42.870167],[-85.743173,42.873366],[-85.743166,42.874238],[-85.743213,42.877417]]]}},{"type":"Feature","properties":{"code":"0818894003017","mcd":"88940","jurisdiction":"Wyoming","ward":3,"precinct":17,"name":"Wyoming 3-17","voters":2620},"geometry":{"type":"Polygon","coordinates":[[[-85.762545,42.877612],[-85.743213,42.877417],[-85.743166,42.874238],[-85.743173,42.873366],[-85.743113,42.870167],[-85.742929,42.863750],[-85.742781,42.859208],[-85.742692,42.855609],[-85.752527,42.855821],[-85.752551,42.855053],[-85.762297,42.855167],[-85.762249,42.855935],[-85.762273,42.857064],[-85.762210,42.857880],[-85.762192,42.858689],[-85.762257,42.861372],[-85.762317,42.862826],[-85.762536,42.875065],[-85.762554,42.876296],[-85.762545,42.877612]]]}},{"type":"Feature","properties":{"code":"0818894003018","mcd":"88940","jurisdiction":"Wyoming","ward":3,"precinct":18,"name":"Wyoming 3-18","voters":2813},"geometry":{"type":"MultiPolygon","coordinates":[[[[-85.762549,42.875954],[-85.762317,42.862826],[-85.762257,42.861372],[-85.762192,42.858689],[-85.762210,42.857880],[-85.762273,42.857064],[-85.762249,42.855935],[-85.762561,42.855939],[-85.762580,42.855285],[-85.762630,42.855279],[-85.762714,42.853829],[-85.762830,42.853829],[-85.762845,42.853478],[-85.763359,42.853486],[-85.763619,42.853464],[-85.763884,42.853397],[-85.764289,42.853215],[-85.764482,42.853035],[-85.764619,42.852876],[-85.764706,42.852686],[-85.764743,42.852501],[-85.764772,42.851944],[-85.764843,42.851593],[-85.764964,42.851427],[-85.765040,42.851428],[-85.765041,42.851167],[-85.765492,42.850572],[-85.769989,42.850585],[-85.769862,42.853350],[-85.768219,42.853336],[-85.768097,42.856056],[-85.769277,42.856086],[-85.777534,42.856181],[-85.778869,42.856254],[-85.782111,42.856304],[-85.782112,42.858324],[-85.782230,42.869933],[-85.782259,42.875714],[-85.782284,42.876710],[-85.782281,42.877426],[-85.772351,42.877477],[-85.772344,42.874097],[-85.764967,42.874025],[-85.764996,42.877626],[-85.762545,42.877612],[-85.762549,42.875954]]],[[[-85.762969,42.852246],[-85.763015,42.851427],[-85.764437,42.851422],[-85.764320,42.852043],[-85.764307,42.852463],[-85.764261,42.852641],[-85.764154,42.852814],[-85.763998,42.852954],[-85.763894,42.853019],[-85.763735,42.853086],[-85.763595,42.853124],[-85.763403,42.853150],[-85.762866,42.853144],[-85.762904,42.852246],[-85.762969,42.852246]]]]}}]}
